well_id,cycle,day,oil_bpd,spm,kwh,min_load_kn
BGW-01,1,9,15.0,4.0,71.5,23.89
BGW-01,1,10,15.83,4.0,71.5,26.43
BGW-01,1,11,16.96,4.0,71.5,24.15
BGW-01,1,12,18.54,4.0,71.5,26.31
BGW-01,1,13,21.98,4.0,71.4,24.73
BGW-01,1,14,22.03,4.0,71.2,25.62
BGW-01,1,15,21.82,4.0,69.7,24.94
BGW-01,1,16,22.34,4.0,68.0,25.14
BGW-01,1,17,21.04,4.0,66.6,24.62
BGW-01,1,18,21.81,4.0,65.4,24.06
BGW-01,1,19,23.66,4.0,64.4,25.5
BGW-01,1,20,21.65,4.0,63.5,25.59
BGW-01,1,21,21.61,4.0,62.8,24.5
BGW-01,1,22,24.03,4.0,62.3,24.79
BGW-01,1,23,24.02,4.0,61.8,24.51
BGW-01,1,24,21.07,4.0,61.4,24.43
BGW-01,1,25,20.69,4.0,61.2,25.76
BGW-01,1,26,20.68,4.0,61.0,24.0
BGW-01,1,27,22.45,4.0,61.0,24.91
BGW-01,1,28,21.47,4.0,61.0,23.88
BGW-01,1,29,22.79,4.0,61.2,25.14
BGW-01,1,30,21.76,4.0,61.4,25.06
BGW-01,1,31,18.73,4.0,61.8,24.93
BGW-01,1,32,22.99,4.0,62.3,25.12
BGW-01,1,33,21.96,4.0,62.9,24.51
BGW-01,1,34,21.12,4.0,63.7,24.47
BGW-01,1,35,20.32,4.0,64.6,23.28
BGW-01,1,36,21.3,4.0,65.7,23.82
BGW-01,1,37,20.22,4.0,66.9,24.51
BGW-01,1,38,22.8,4.0,68.4,24.85
BGW-01,1,39,23.68,4.0,70.0,24.15
BGW-01,1,40,21.77,4.0,71.9,24.81
BGW-01,1,41,21.47,4.0,74.0,23.22
BGW-01,1,42,23.05,4.0,76.4,24.2
BGW-01,1,43,23.37,4.0,79.1,22.87
BGW-01,1,44,20.84,4.0,82.0,25.22
BGW-01,1,45,20.94,4.0,85.2,22.39
BGW-01,1,46,21.23,4.0,88.7,23.3
BGW-01,1,47,21.17,4.0,92.5,20.8
BGW-01,1,48,21.4,4.0,96.6,21.65
BGW-01,1,49,19.76,4.0,101.0,21.8
BGW-01,1,50,22.8,4.0,105.8,20.61
BGW-01,1,51,20.17,4.0,110.9,20.63
BGW-01,1,52,21.69,4.0,116.3,20.58
BGW-01,1,53,19.42,4.0,122.1,19.81
BGW-01,1,54,18.14,4.0,128.2,19.11
BGW-01,1,55,19.31,4.0,134.5,20.21
BGW-01,1,56,19.92,4.0,141.2,17.95
BGW-01,1,57,17.72,4.0,148.2,19.29
BGW-01,1,58,19.47,4.0,155.5,18.12
BGW-01,1,59,18.34,4.0,163.0,15.66
BGW-01,1,60,18.4,4.0,170.8,16.25
BGW-01,1,61,19.12,4.0,178.8,16.41
BGW-01,1,62,16.13,4.0,187.0,15.29
BGW-01,1,63,17.22,4.0,195.5,13.73
BGW-01,1,64,17.6,4.0,204.1,13.68
BGW-01,1,65,16.64,4.0,212.8,13.56
BGW-01,1,66,16.36,4.0,221.7,11.75
BGW-01,1,67,15.0,4.0,230.7,11.83
BGW-01,1,68,15.74,4.0,239.7,10.96
BGW-01,1,69,15.81,4.0,248.9,10.12
BGW-01,1,70,14.79,4.0,258.1,9.38
BGW-01,1,71,14.4,4.0,267.3,9.43
BGW-01,1,72,15.99,4.0,276.4,7.72
BGW-01,1,73,14.69,4.0,285.6,7.93
BGW-01,1,74,13.76,4.0,294.8,7.13
BGW-01,1,75,13.63,4.0,303.8,6.02
BGW-01,1,76,13.46,4.0,312.8,5.63
BGW-01,1,77,12.18,4.0,321.8,4.56
BGW-01,1,78,13.1,4.0,330.6,4.36
BGW-01,1,79,13.07,4.0,339.2,3.66
BGW-01,1,80,11.81,4.0,347.8,3.01
BGW-01,1,81,12.57,4.0,356.2,2.33
BGW-01,1,82,12.94,4.0,364.5,1.79
BGW-01,1,83,11.62,4.0,372.6,1.17
BGW-01,1,84,12.86,4.0,380.5,0.62
BGW-01,1,85,11.65,4.0,388.3,0.02
BGW-01,1,86,11.67,4.0,395.9,0.0
BGW-01,1,87,12.02,4.0,403.2,0.0
BGW-01,1,88,9.89,4.0,410.4,0.0
BGW-01,1,89,11.4,4.0,417.4,0.0
BGW-01,1,90,11.02,4.0,424.3,0.0
BGW-01,1,91,10.81,4.0,430.9,0.0
BGW-01,1,92,10.73,4.0,437.3,0.0
BGW-01,1,93,10.2,4.0,443.5,0.0
BGW-01,1,94,10.91,4.0,449.5,0.0
BGW-01,1,95,10.73,4.0,455.4,0.0
BGW-01,1,96,11.5,4.0,461.0,0.0
BGW-01,1,97,11.21,4.0,466.4,0.0
BGW-01,1,98,10.38,4.0,471.7,0.0
BGW-01,1,99,10.89,4.0,476.8,0.0
BGW-01,1,100,10.35,4.0,481.7,0.0
BGW-01,1,101,10.56,4.0,486.4,0.0
BGW-01,1,102,10.59,4.0,490.9,0.0
BGW-01,1,103,10.63,4.0,495.3,0.0
BGW-01,2,9,13.73,3.2,68.3,25.73
BGW-01,2,10,18.88,3.2,68.3,24.41
BGW-01,2,11,18.2,3.2,68.3,23.98
BGW-01,2,12,19.7,3.2,68.4,25.55
BGW-01,2,13,19.21,3.2,68.3,25.4
BGW-01,2,14,19.64,3.2,68.1,23.77
BGW-01,2,15,20.67,3.2,67.9,26.1
BGW-01,2,16,21.77,3.2,67.7,25.99
BGW-01,2,17,23.1,3.2,67.5,24.29
BGW-01,2,18,25.47,3.2,67.3,25.54
BGW-01,2,19,24.01,3.2,66.9,25.08
BGW-01,2,20,24.63,3.2,66.0,24.65
BGW-01,2,21,24.63,3.2,65.3,23.68
BGW-01,2,22,21.82,3.2,64.7,24.88
BGW-01,2,23,25.53,3.2,64.2,24.92
BGW-01,2,24,24.29,3.2,63.7,24.49
BGW-01,2,25,24.93,3.2,63.4,26.08
BGW-01,2,26,27.07,3.2,63.2,24.48
BGW-01,2,27,25.09,3.2,63.0,26.05
BGW-01,2,28,22.62,3.2,63.0,23.93
BGW-01,2,29,23.26,3.2,63.0,24.44
BGW-01,2,30,24.31,3.2,63.1,23.98
BGW-01,2,31,23.19,3.2,63.4,24.07
BGW-01,2,32,23.94,3.2,63.7,23.57
BGW-01,2,33,25.85,3.2,64.1,24.88
BGW-01,2,34,24.95,3.2,64.6,25.16
BGW-01,2,35,22.69,3.2,65.3,23.54
BGW-01,2,36,23.06,3.2,66.1,24.1
BGW-01,2,37,23.58,3.2,67.0,23.01
BGW-01,2,38,21.62,3.2,68.1,25.12
BGW-01,2,39,23.46,3.2,69.3,22.81
BGW-01,2,40,24.56,3.2,70.8,24.45
BGW-01,2,41,24.59,3.2,72.4,24.11
BGW-01,2,42,23.65,3.2,74.2,24.28
BGW-01,2,43,25.46,3.2,76.2,24.67
BGW-01,2,44,23.82,3.2,78.4,24.38
BGW-01,2,45,21.8,3.2,80.9,22.26
BGW-01,2,46,23.9,3.2,83.6,23.41
BGW-01,2,47,22.55,3.2,86.6,22.52
BGW-01,2,48,23.02,3.2,89.8,22.78
BGW-01,2,49,23.29,3.2,93.2,22.86
BGW-01,2,50,23.16,3.2,97.0,21.34
BGW-01,2,51,20.22,3.2,101.0,22.59
BGW-01,2,52,24.42,3.2,105.2,21.34
BGW-01,2,53,21.8,3.2,109.8,21.1
BGW-01,2,54,23.31,3.2,114.6,20.14
BGW-01,2,55,21.59,3.2,119.6,19.54
BGW-01,2,56,22.48,3.2,125.0,19.76
BGW-01,2,57,20.99,3.2,130.5,19.04
BGW-01,2,58,21.38,3.2,136.3,19.09
BGW-01,2,59,21.42,3.2,142.4,18.18
BGW-01,2,60,22.49,3.2,148.7,16.77
BGW-01,2,61,18.53,3.2,155.1,17.52
BGW-01,2,62,18.41,3.2,161.8,15.98
BGW-01,2,63,20.62,3.2,168.7,15.69
BGW-01,2,64,19.55,3.2,175.7,15.42
BGW-01,2,65,20.59,3.2,182.8,15.02
BGW-01,2,66,18.15,3.2,190.1,13.05
BGW-01,2,67,16.7,3.2,197.5,13.49
BGW-01,2,68,17.17,3.2,205.0,13.34
BGW-01,2,69,16.16,3.2,212.6,12.08
BGW-01,2,70,16.55,3.2,220.2,11.65
BGW-01,2,71,17.12,3.2,227.9,10.82
BGW-01,2,72,17.1,3.2,235.5,10.29
BGW-01,2,73,15.55,3.2,243.2,9.54
BGW-01,2,74,15.31,3.2,250.9,9.23
BGW-01,2,75,15.02,3.2,258.6,8.68
BGW-01,2,76,15.24,3.2,266.2,8.27
BGW-01,2,77,14.51,3.2,273.7,7.31
BGW-01,2,78,15.0,3.2,281.2,6.43
BGW-01,2,79,15.08,3.2,288.6,6.39
BGW-01,2,80,14.62,3.2,295.9,5.86
BGW-01,2,81,14.68,3.2,303.1,4.9
BGW-01,2,82,12.33,3.2,310.2,4.47
BGW-01,2,83,14.5,3.2,317.2,3.81
BGW-01,2,84,12.6,3.2,324.1,3.25
BGW-01,2,85,12.86,3.2,330.8,2.82
BGW-01,2,86,13.56,3.2,337.3,2.28
BGW-01,2,87,12.99,3.2,343.8,1.66
BGW-01,2,88,13.75,3.2,350.0,1.19
BGW-01,2,89,11.48,3.2,356.2,0.71
BGW-01,2,90,11.87,3.2,362.1,0.22
BGW-01,2,91,11.89,3.2,367.9,0.0
BGW-01,2,92,12.4,3.2,373.6,0.0
BGW-01,2,93,11.9,3.2,379.0,0.0
BGW-01,2,94,11.97,3.2,384.4,0.0
BGW-01,2,95,11.31,3.2,389.5,0.0
BGW-01,2,96,10.18,3.2,394.5,0.0
BGW-01,2,97,12.51,3.2,399.3,0.0
BGW-01,2,98,12.08,3.2,404.0,0.0
BGW-01,2,99,10.67,3.2,408.5,0.0
BGW-01,2,100,11.75,3.2,412.9,0.0
BGW-01,2,101,11.85,3.2,417.1,0.0
BGW-01,2,102,10.26,3.2,421.2,0.0
BGW-01,2,103,11.48,3.2,425.1,0.0
BGW-01,2,104,11.69,3.2,428.9,0.0
BGW-01,2,105,10.03,3.2,432.5,0.0
BGW-01,2,106,11.16,3.2,436.0,0.0
BGW-01,2,107,10.19,3.2,439.4,0.0
BGW-01,2,108,11.22,3.2,442.6,0.0
BGW-01,2,109,10.57,3.2,445.7,0.0
BGW-01,2,110,10.23,3.2,448.7,0.0
BGW-01,2,111,10.42,3.2,451.6,0.0
BGW-01,2,112,10.02,3.2,454.3,0.0
BGW-01,2,113,10.65,3.2,457.0,0.0
BGW-01,2,114,10.31,3.2,459.5,0.0
BGW-01,2,115,10.05,3.2,461.9,0.0
BGW-01,2,116,9.88,3.2,464.3,0.0
BGW-01,2,117,9.76,3.2,466.5,0.0
BGW-01,2,118,9.56,3.2,468.6,0.0
BGW-01,2,119,9.69,3.2,470.7,0.0
BGW-01,2,120,10.17,3.2,472.6,0.0
BGW-01,2,121,10.45,3.2,474.5,0.0
BGW-01,2,122,10.36,3.2,476.3,0.0
BGW-01,2,123,10.79,3.2,478.0,0.0
BGW-01,2,124,9.26,3.2,479.6,0.0
BGW-01,2,125,9.96,3.2,481.2,0.0
BGW-01,3,11,15.15,3.2,68.3,24.83
BGW-01,3,12,17.05,3.2,68.3,24.24
BGW-01,3,13,18.56,3.2,68.4,25.36
BGW-01,3,14,17.26,3.2,68.4,23.88
BGW-01,3,15,20.28,3.2,68.2,24.41
BGW-01,3,16,22.52,3.2,68.0,22.92
BGW-01,3,17,21.44,3.2,67.9,25.97
BGW-01,3,18,21.44,3.2,67.7,25.35
BGW-01,3,19,23.04,3.2,67.5,24.19
BGW-01,3,20,24.89,3.2,67.4,25.37
BGW-01,3,21,25.55,3.2,67.0,25.19
BGW-01,3,22,23.9,3.2,66.1,23.94
BGW-01,3,23,25.45,3.2,65.3,25.71
BGW-01,3,24,23.9,3.2,64.7,24.9
BGW-01,3,25,23.98,3.2,64.1,24.6
BGW-01,3,26,24.71,3.2,63.7,25.05
BGW-01,3,27,23.08,3.2,63.3,23.95
BGW-01,3,28,22.92,3.2,63.0,25.75
BGW-01,3,29,22.02,3.2,62.8,24.26
BGW-01,3,30,25.38,3.2,62.6,25.5
BGW-01,3,31,25.18,3.2,62.6,24.65
BGW-01,3,32,26.54,3.2,62.6,26.26
BGW-01,3,33,23.94,3.2,62.7,25.08
BGW-01,3,34,24.24,3.2,62.8,25.24
BGW-01,3,35,24.84,3.2,63.1,24.64
BGW-01,3,36,23.46,3.2,63.4,24.59
BGW-01,3,37,25.56,3.2,63.8,23.42
BGW-01,3,38,26.81,3.2,64.3,25.25
BGW-01,3,39,23.73,3.2,64.9,24.66
BGW-01,3,40,24.67,3.2,65.6,25.36
BGW-01,3,41,23.86,3.2,66.5,23.93
BGW-01,3,42,24.28,3.2,67.4,24.54
BGW-01,3,43,22.15,3.2,68.5,23.41
BGW-01,3,44,23.73,3.2,69.7,22.85
BGW-01,3,45,23.0,3.2,71.1,24.89
BGW-01,3,46,23.29,3.2,72.6,24.07
BGW-01,3,47,22.35,3.2,74.3,23.39
BGW-01,3,48,23.96,3.2,76.1,23.23
BGW-01,3,49,23.6,3.2,78.1,24.15
BGW-01,3,50,22.95,3.2,80.3,21.75
BGW-01,3,51,22.51,3.2,82.7,22.68
BGW-01,3,52,21.94,3.2,85.3,22.26
BGW-01,3,53,24.92,3.2,88.1,24.11
BGW-01,3,54,23.31,3.2,91.1,22.46
BGW-01,3,55,22.87,3.2,94.3,21.34
BGW-01,3,56,23.25,3.2,97.8,21.16
BGW-01,3,57,20.45,3.2,101.4,21.01
BGW-01,3,58,21.83,3.2,105.3,22.05
BGW-01,3,59,20.64,3.2,109.3,20.84
BGW-01,3,60,20.64,3.2,113.6,20.43
BGW-01,3,61,20.89,3.2,118.1,20.6
BGW-01,3,62,21.44,3.2,122.9,18.46
BGW-01,3,63,20.84,3.2,127.8,18.84
BGW-01,3,64,19.91,3.2,132.9,18.56
BGW-01,3,65,20.48,3.2,138.2,18.2
BGW-01,3,66,20.83,3.2,143.7,17.56
BGW-01,3,67,21.57,3.2,149.4,18.0
BGW-01,3,68,18.57,3.2,155.2,17.24
BGW-01,3,69,18.88,3.2,161.2,16.25
BGW-01,3,70,20.05,3.2,167.3,15.25
BGW-01,3,71,18.71,3.2,173.6,15.99
BGW-01,3,72,18.11,3.2,180.0,15.18
BGW-01,3,73,16.46,3.2,186.5,14.63
BGW-01,3,74,17.91,3.2,193.1,12.96
BGW-01,3,75,17.06,3.2,199.8,13.15
BGW-01,3,76,16.25,3.2,206.5,12.43
BGW-01,3,77,16.97,3.2,213.3,12.26
BGW-01,3,78,17.8,3.2,220.2,11.24
BGW-01,3,79,14.3,3.2,227.0,11.31
BGW-01,3,80,16.57,3.2,233.9,9.72
BGW-01,3,81,16.29,3.2,240.8,10.38
BGW-01,3,82,14.43,3.2,247.7,9.6
BGW-01,3,83,15.93,3.2,254.6,8.67
BGW-01,3,84,15.27,3.2,261.5,8.21
BGW-01,3,85,15.35,3.2,268.3,7.3
BGW-01,3,86,13.87,3.2,275.1,7.54
BGW-01,3,87,13.03,3.2,281.8,6.25
BGW-01,3,88,13.93,3.2,288.4,6.19
BGW-01,3,89,13.06,3.2,295.0,5.6
BGW-01,3,90,14.68,3.2,301.5,5.18
BGW-01,3,91,13.97,3.2,307.9,4.57
BGW-01,3,92,13.69,3.2,314.2,3.84
BGW-01,3,93,13.9,3.2,320.4,3.49
BGW-01,3,94,12.69,3.2,326.5,2.97
BGW-01,3,95,12.01,3.2,332.5,2.59
BGW-01,3,96,11.8,3.2,338.3,2.02
BGW-01,3,97,12.49,3.2,344.1,1.58
BGW-01,3,98,11.82,3.2,349.7,1.18
BGW-01,3,99,12.05,3.2,355.2,0.78
BGW-01,3,100,11.51,3.2,360.6,0.3
BGW-01,3,101,12.36,3.2,365.8,0.0
BGW-01,3,102,11.63,3.2,370.9,0.0
BGW-01,3,103,11.78,3.2,375.9,0.0
BGW-01,3,104,11.67,3.2,380.8,0.0
BGW-01,3,105,11.42,3.2,385.5,0.0
BGW-01,3,106,11.17,3.2,390.1,0.0
BGW-01,3,107,11.33,3.2,394.6,0.0
BGW-01,3,108,11.12,3.2,398.9,0.0
BGW-01,3,109,10.75,3.2,403.1,0.0
BGW-01,3,110,12.29,3.2,407.2,0.0
BGW-01,3,111,10.75,3.2,411.1,0.0
BGW-01,3,112,11.47,3.2,415.0,0.0
BGW-01,3,113,9.52,3.2,418.7,0.0
BGW-01,3,114,9.57,3.2,422.3,0.0
BGW-01,3,115,10.25,3.2,425.7,0.0
BGW-01,3,116,10.2,3.2,429.1,0.0
BGW-01,3,117,10.3,3.2,432.3,0.0
BGW-01,3,118,9.23,3.2,435.5,0.0
BGW-01,3,119,9.69,3.2,438.5,0.0
BGW-01,3,120,10.23,3.2,441.4,0.0
BGW-01,3,121,8.85,3.2,444.2,0.0
BGW-01,3,122,10.48,3.2,447.0,0.0
BGW-01,3,123,9.19,3.2,449.6,0.0
BGW-01,4,15,19.98,4.1,86.1,24.6
BGW-01,4,16,20.5,4.1,80.1,24.97
BGW-01,4,17,19.02,4.1,75.6,25.32
BGW-01,4,18,19.52,4.1,72.2,25.42
BGW-01,4,19,20.43,4.1,69.4,26.21
BGW-01,4,20,19.25,4.1,67.2,24.76
BGW-01,4,21,19.69,4.1,65.4,25.55
BGW-01,4,22,19.55,4.1,63.9,23.46
BGW-01,4,23,21.58,4.1,62.6,24.38
BGW-01,4,24,19.78,4.1,61.6,24.55
BGW-01,4,25,17.65,4.1,60.7,25.6
BGW-01,4,26,20.25,4.1,59.9,25.2
BGW-01,4,27,19.03,4.1,59.3,25.46
BGW-01,4,28,21.46,4.1,58.8,25.39
BGW-01,4,29,22.29,4.1,58.3,24.05
BGW-01,4,30,20.81,4.1,58.0,25.21
BGW-01,4,31,18.16,4.1,57.8,25.79
BGW-01,4,32,21.76,4.1,57.6,24.93
BGW-01,4,33,18.12,4.1,57.5,24.82
BGW-01,4,34,18.04,4.1,57.4,26.2
BGW-01,4,35,17.77,4.1,57.5,24.4
BGW-01,4,36,20.64,4.1,57.6,25.86
BGW-01,4,37,21.98,4.1,57.7,25.03
BGW-01,4,38,19.43,4.1,58.0,25.51
BGW-01,4,39,18.79,4.1,58.3,25.51
BGW-01,4,40,20.01,4.1,58.8,24.39
BGW-01,4,41,20.0,4.1,59.3,24.68
BGW-01,4,42,19.38,4.1,59.9,24.63
BGW-01,4,43,19.96,4.1,60.7,25.87
BGW-01,4,44,19.42,4.1,61.5,24.02
BGW-01,4,45,20.32,4.1,62.5,24.19
BGW-01,4,46,18.69,4.1,63.6,25.16
BGW-01,4,47,20.39,4.1,64.9,25.69
BGW-01,4,48,21.06,4.1,66.3,23.29
BGW-01,4,49,19.52,4.1,67.9,23.75
BGW-01,4,50,18.07,4.1,69.6,23.91
BGW-01,4,51,19.41,4.1,71.6,23.18
BGW-01,4,52,24.09,4.1,73.8,24.17
BGW-01,4,53,21.33,4.1,76.2,23.09
BGW-01,4,54,18.36,4.1,78.8,23.51
BGW-01,4,55,19.78,4.1,81.7,22.19
BGW-01,4,56,19.96,4.1,84.9,22.58
BGW-01,4,57,19.84,4.1,88.3,22.67
BGW-01,4,58,19.2,4.1,92.0,22.69
BGW-01,4,59,19.37,4.1,96.0,21.33
BGW-01,4,60,16.85,4.1,100.4,22.09
BGW-01,4,61,20.44,4.1,105.0,21.76
BGW-01,4,62,18.33,4.1,110.0,21.7
BGW-01,4,63,19.91,4.1,115.4,21.32
BGW-01,4,64,18.89,4.1,121.1,20.66
BGW-01,4,65,17.75,4.1,127.2,21.42
BGW-01,4,66,17.62,4.1,133.6,19.21
BGW-01,4,67,18.12,4.1,140.4,20.6
BGW-01,4,68,19.05,4.1,147.6,19.63
BGW-01,4,69,16.3,4.1,155.1,18.8
BGW-01,4,70,17.4,4.1,163.1,19.58
BGW-01,4,71,17.27,4.1,171.4,17.77
BGW-01,4,72,18.55,4.1,180.1,16.62
BGW-01,4,73,17.27,4.1,189.1,18.67
BGW-01,4,74,19.5,4.1,198.5,16.31
BGW-01,4,75,16.85,4.1,208.3,16.8
BGW-01,4,76,15.13,4.1,218.4,16.36
BGW-01,4,77,16.9,4.1,228.8,16.09
BGW-01,4,78,15.94,4.1,239.6,15.04
BGW-01,4,79,16.86,4.1,250.6,14.07
BGW-01,4,80,14.55,4.1,261.9,13.72
BGW-01,4,81,13.32,4.1,273.6,12.49
BGW-01,4,82,17.44,4.1,285.4,11.86
BGW-01,4,83,14.13,4.1,297.5,11.09
BGW-01,4,84,14.87,4.1,309.9,10.41
BGW-01,4,85,15.67,4.1,322.4,9.74
BGW-01,4,86,13.92,4.1,335.1,9.44
BGW-01,4,87,12.87,4.1,348.0,8.81
BGW-01,4,88,13.7,4.1,361.0,8.19
BGW-01,4,89,12.49,4.1,374.1,7.07
BGW-01,4,90,13.18,4.1,387.3,6.5
BGW-01,4,91,12.42,4.1,400.6,6.08
BGW-01,4,92,12.74,4.1,414.0,5.19
BGW-01,4,93,11.46,4.1,427.4,4.39
BGW-01,4,94,12.04,4.1,440.8,3.38
BGW-01,4,95,14.14,4.1,454.3,2.93
BGW-01,4,96,11.17,4.1,467.7,2.09
BGW-01,4,97,11.82,4.1,481.1,1.29
BGW-01,4,98,11.27,4.1,494.4,0.62
BGW-01,4,99,12.58,4.1,507.7,0.0
BGW-01,4,100,11.41,4.1,520.8,0.0
BGW-01,4,101,11.13,4.1,533.9,0.0
BGW-01,4,102,12.56,4.1,546.9,0.0
BGW-01,4,103,10.64,4.1,559.7,0.0
BGW-01,4,104,11.4,4.1,572.4,0.0
BGW-01,4,105,11.74,4.1,585.0,0.0
BGW-01,4,106,10.65,4.1,597.4,0.0
BGW-01,4,107,11.15,4.1,609.6,0.0
BGW-01,4,108,9.44,4.1,621.7,0.0
BGW-01,4,109,9.4,4.1,633.6,0.0
BGW-01,5,11,13.42,2.7,66.7,26.39
BGW-01,5,12,13.74,2.7,66.7,24.06
BGW-01,5,13,16.48,2.7,66.7,24.63
BGW-01,5,14,17.24,2.7,66.7,23.06
BGW-01,5,15,19.35,2.7,66.7,25.4
BGW-01,5,16,18.51,2.7,65.7,25.09
BGW-01,5,17,19.48,2.7,64.0,25.03
BGW-01,5,18,20.12,2.7,62.5,24.11
BGW-01,5,19,20.04,2.7,61.2,25.26
BGW-01,5,20,20.95,2.7,60.2,24.0
BGW-01,5,21,19.3,2.7,59.3,24.58
BGW-01,5,22,19.76,2.7,58.5,24.19
BGW-01,5,23,20.21,2.7,57.9,25.63
BGW-01,5,24,21.66,2.7,57.3,23.73
BGW-01,5,25,19.78,2.7,56.9,24.37
BGW-01,5,26,18.73,2.7,56.5,24.61
BGW-01,5,27,18.5,2.7,56.2,25.33
BGW-01,5,28,18.31,2.7,55.9,23.19
BGW-01,5,29,19.97,2.7,55.7,24.43
BGW-01,5,30,19.93,2.7,55.6,24.33
BGW-01,5,31,20.73,2.7,55.5,24.64
BGW-01,5,32,19.85,2.7,55.5,23.82
BGW-01,5,33,19.46,2.7,55.6,24.8
BGW-01,5,34,17.97,2.7,55.7,26.11
BGW-01,5,35,18.89,2.7,55.8,25.18
BGW-01,5,36,19.17,2.7,56.1,23.95
BGW-01,5,37,20.22,2.7,56.4,23.28
BGW-01,5,38,20.93,2.7,56.8,24.13
BGW-01,5,39,18.8,2.7,57.3,23.88
BGW-01,5,40,19.9,2.7,57.8,23.92
BGW-01,5,41,15.76,2.7,58.5,24.22
BGW-01,5,42,19.23,2.7,59.2,25.29
BGW-01,5,43,19.15,2.7,60.1,25.4
BGW-01,5,44,17.99,2.7,61.1,23.78
BGW-01,5,45,19.12,2.7,62.2,22.86
BGW-01,5,46,17.28,2.7,63.4,23.66
BGW-01,5,47,17.74,2.7,64.8,23.48
BGW-01,5,48,18.17,2.7,66.3,23.35
BGW-01,5,49,17.49,2.7,68.0,23.04
BGW-01,5,50,19.83,2.7,69.8,23.49
BGW-01,5,51,18.79,2.7,71.8,23.84
BGW-01,5,52,16.6,2.7,74.0,22.86
BGW-01,5,53,16.36,2.7,76.4,22.66
BGW-01,5,54,18.24,2.7,78.9,22.66
BGW-01,5,55,18.84,2.7,81.6,21.36
BGW-01,5,56,18.07,2.7,84.6,22.33
BGW-01,5,57,17.54,2.7,87.7,23.33
BGW-01,5,58,18.31,2.7,91.0,20.74
BGW-01,5,59,16.92,2.7,94.5,20.42
BGW-01,5,60,16.95,2.7,98.2,21.22
BGW-01,5,61,16.39,2.7,102.2,20.38
BGW-01,5,62,16.88,2.7,106.3,19.31
BGW-01,5,63,15.59,2.7,110.6,20.07
BGW-01,5,64,16.89,2.7,115.1,19.45
BGW-01,5,65,15.77,2.7,119.8,19.74
BGW-01,5,66,15.46,2.7,124.7,17.59
BGW-01,5,67,16.63,2.7,129.7,17.89
BGW-01,5,68,16.08,2.7,134.9,17.18
BGW-01,5,69,15.4,2.7,140.3,17.44
BGW-01,5,70,14.54,2.7,145.8,16.53
BGW-01,5,71,15.78,2.7,151.4,16.99
BGW-01,5,72,13.69,2.7,157.2,15.2
BGW-01,5,73,14.54,2.7,163.1,16.05
BGW-01,5,74,14.01,2.7,169.1,15.65
BGW-01,5,75,14.77,2.7,175.2,14.68
BGW-01,5,76,13.29,2.7,181.3,13.52
BGW-01,5,77,13.46,2.7,187.5,13.77
BGW-01,5,78,12.26,2.7,193.8,12.63
BGW-01,5,79,13.7,2.7,200.2,12.31
BGW-01,5,80,13.21,2.7,206.5,12.2
BGW-01,5,81,11.41,2.7,212.9,11.21
BGW-01,5,82,13.35,2.7,219.3,11.32
BGW-01,5,83,12.0,2.7,225.7,10.24
BGW-01,5,84,12.4,2.7,232.1,9.34
BGW-01,5,85,11.47,2.7,238.4,8.94
BGW-01,5,86,10.97,2.7,244.7,8.72
BGW-01,5,87,11.13,2.7,251.0,7.96
BGW-01,5,88,11.23,2.7,257.2,7.32
BGW-01,5,89,10.71,2.7,263.4,6.95
BGW-01,5,90,10.79,2.7,269.5,6.42
BGW-01,5,91,10.79,2.7,275.5,6.32
BGW-01,5,92,10.6,2.7,281.4,5.21
BGW-01,5,93,10.21,2.7,287.3,4.99
BGW-01,5,94,10.04,2.7,293.1,4.72
BGW-01,5,95,10.67,2.7,298.7,4.04
BGW-01,5,96,10.91,2.7,304.3,3.76
BGW-01,6,9,18.2,4.4,73.6,26.19
BGW-01,6,10,16.84,4.4,69.2,25.45
BGW-01,6,11,14.72,4.4,65.9,25.82
BGW-01,6,12,16.88,4.4,63.3,25.27
BGW-01,6,13,16.34,4.4,61.3,24.03
BGW-01,6,14,16.13,4.4,59.6,23.92
BGW-01,6,15,16.55,4.4,58.2,25.8
BGW-01,6,16,14.04,4.4,57.1,24.24
BGW-01,6,17,18.04,4.4,56.1,24.6
BGW-01,6,18,15.17,4.4,55.3,25.87
BGW-01,6,19,16.07,4.4,54.6,24.36
BGW-01,6,20,16.61,4.4,54.1,25.0
BGW-01,6,21,16.09,4.4,53.6,24.53
BGW-01,6,22,15.26,4.4,53.2,25.13
BGW-01,6,23,18.15,4.4,52.9,25.5
BGW-01,6,24,16.71,4.4,52.7,24.53
BGW-01,6,25,17.2,4.4,52.6,25.6
BGW-01,6,26,17.66,4.4,52.5,26.44
BGW-01,6,27,17.04,4.4,52.5,24.19
BGW-01,6,28,18.5,4.4,52.5,24.93
BGW-01,6,29,16.02,4.4,52.7,23.61
BGW-01,6,30,17.39,4.4,52.9,24.32
BGW-01,6,31,17.53,4.4,53.1,25.01
BGW-01,6,32,14.91,4.4,53.5,24.48
BGW-01,6,33,16.71,4.4,54.0,24.01
BGW-01,6,34,15.69,4.4,54.6,25.15
BGW-01,6,35,16.87,4.4,55.2,25.28
BGW-01,6,36,15.71,4.4,56.0,25.44
BGW-01,6,37,16.2,4.4,57.0,24.21
BGW-01,6,38,15.88,4.4,58.0,25.9
BGW-01,6,39,15.78,4.4,59.3,24.75
BGW-01,6,40,14.96,4.4,60.7,25.2
BGW-01,6,41,17.33,4.4,62.2,25.29
BGW-01,6,42,14.99,4.4,64.0,24.12
BGW-01,6,43,16.63,4.4,66.0,23.23
BGW-01,6,44,15.03,4.4,68.1,23.6
BGW-01,6,45,16.08,4.4,70.6,23.33
BGW-01,6,46,17.61,4.4,73.2,23.27
BGW-01,6,47,16.17,4.4,76.1,23.62
BGW-01,6,48,15.24,4.4,79.3,23.12
BGW-01,6,49,16.48,4.4,82.8,22.95
BGW-01,6,50,15.54,4.4,86.6,22.94
BGW-01,6,51,15.33,4.4,90.6,21.72
BGW-01,6,52,16.76,4.4,95.0,21.25
BGW-01,6,53,13.46,4.4,99.7,21.08
BGW-01,6,54,15.53,4.4,104.7,20.3
BGW-01,6,55,14.75,4.4,110.1,20.74
BGW-01,6,56,14.28,4.4,115.7,20.31
BGW-01,6,57,14.45,4.4,121.7,19.52
BGW-01,6,58,14.59,4.4,128.1,19.74
BGW-01,6,59,13.67,4.4,134.7,18.25
BGW-01,6,60,13.74,4.4,141.6,18.09
BGW-01,6,61,13.98,4.4,148.9,18.2
BGW-01,6,62,13.23,4.4,156.5,17.62
BGW-01,6,63,12.63,4.4,164.3,17.11
BGW-01,6,64,12.15,4.4,172.5,16.32
BGW-01,6,65,12.49,4.4,180.8,15.61
BGW-01,6,66,13.77,4.4,189.5,14.8
BGW-01,6,67,13.11,4.4,198.4,14.47
BGW-01,6,68,12.58,4.4,207.5,14.17
BGW-01,6,69,11.11,4.4,216.7,13.03
BGW-01,6,70,11.46,4.4,226.2,12.61
BGW-01,6,71,12.3,4.4,235.8,12.57
BGW-01,6,72,10.86,4.4,245.6,11.31
BGW-01,6,73,11.55,4.4,255.5,11.25
BGW-01,6,74,11.39,4.4,265.4,10.45
BGW-01,6,75,10.94,4.4,275.5,9.88
BGW-01,6,76,11.45,4.4,285.6,8.67
BGW-01,6,77,10.79,4.4,295.8,8.39
BGW-01,6,78,11.18,4.4,306.0,7.28
BGW-01,6,79,10.11,4.4,316.1,6.87
BGW-01,6,80,10.67,4.4,326.3,6.29
BGW-01,6,81,10.73,4.4,336.4,5.48
BGW-01,7,14,11.8,2.6,56.5,25.7
BGW-01,7,15,11.85,2.6,56.5,24.42
BGW-01,7,16,13.34,2.6,56.5,25.07
BGW-01,7,17,12.52,2.6,56.5,26.19
BGW-01,7,18,15.03,2.6,56.5,25.9
BGW-01,7,19,16.07,2.6,56.4,23.33
BGW-01,7,20,16.47,2.6,56.3,25.75
BGW-01,7,21,16.66,2.6,56.1,26.16
BGW-01,7,22,16.95,2.6,56.0,24.77
BGW-01,7,23,16.98,2.6,55.9,25.68
BGW-01,7,24,16.06,2.6,55.8,26.23
BGW-01,7,25,16.9,2.6,55.7,25.53
BGW-01,7,26,18.54,2.6,55.5,25.23
BGW-01,7,27,18.83,2.6,55.4,25.04
BGW-01,7,28,20.16,2.6,55.3,24.93
BGW-01,7,29,16.18,2.6,55.2,26.2
BGW-01,7,30,18.13,2.6,55.1,24.33
BGW-01,7,31,21.22,2.6,55.1,26.11
BGW-01,7,32,19.71,2.6,55.0,24.79
BGW-01,7,33,22.33,2.6,54.9,24.67
BGW-01,7,34,18.17,2.6,54.9,25.0
BGW-01,7,35,17.21,2.6,54.9,24.63
BGW-01,7,36,21.13,2.6,54.8,26.34
BGW-01,7,37,18.67,2.6,54.9,24.7
BGW-01,7,38,20.03,2.6,54.9,25.88
BGW-01,7,39,20.44,2.6,54.9,24.85
BGW-01,7,40,20.55,2.6,55.0,24.2
BGW-01,7,41,18.39,2.6,55.1,25.82
BGW-01,7,42,19.7,2.6,55.3,25.08
BGW-01,7,43,19.36,2.6,55.5,25.22
BGW-01,7,44,22.37,2.6,55.7,23.65
BGW-01,7,45,19.32,2.6,56.0,24.54
BGW-01,7,46,19.75,2.6,56.3,25.61
BGW-01,7,47,18.19,2.6,56.7,25.59
BGW-01,7,48,19.14,2.6,57.1,24.75
BGW-01,7,49,19.02,2.6,57.6,24.31
BGW-01,7,50,20.26,2.6,58.1,25.48
BGW-01,7,51,18.85,2.6,58.7,23.47
BGW-01,7,52,18.62,2.6,59.4,24.13
BGW-01,7,53,18.03,2.6,60.2,23.84
BGW-01,7,54,19.21,2.6,61.0,24.17
BGW-01,7,55,19.61,2.6,61.9,24.1
BGW-01,7,56,17.22,2.6,62.9,22.65
BGW-01,7,57,17.61,2.6,64.0,23.76
BGW-01,7,58,19.45,2.6,65.1,24.35
BGW-01,7,59,18.79,2.6,66.3,24.02
BGW-01,7,60,19.57,2.6,67.6,23.9
BGW-01,7,61,19.15,2.6,69.0,23.69
BGW-01,7,62,18.15,2.6,70.5,22.87
BGW-01,7,63,20.11,2.6,72.1,22.46
BGW-01,7,64,16.08,2.6,73.7,22.11
BGW-01,7,65,16.65,2.6,75.5,22.44
BGW-01,7,66,16.91,2.6,77.3,22.17
BGW-01,7,67,16.5,2.6,79.3,20.98
BGW-01,7,68,17.09,2.6,81.3,21.18
BGW-01,7,69,15.26,2.6,83.4,21.23
BGW-01,7,70,16.02,2.6,85.6,20.82
BGW-01,7,71,16.52,2.6,87.9,20.89
BGW-01,7,72,16.72,2.6,90.3,20.87
BGW-01,7,73,15.84,2.6,92.7,20.29
BGW-01,7,74,15.25,2.6,95.2,20.2
BGW-01,7,75,14.76,2.6,97.8,19.67
BGW-01,7,76,15.88,2.6,100.5,19.44
BGW-01,7,77,15.42,2.6,103.2,18.85
BGW-01,7,78,15.96,2.6,106.0,18.08
BGW-01,7,79,15.98,2.6,108.8,17.73
BGW-01,7,80,15.52,2.6,111.7,18.49
BGW-01,7,81,13.71,2.6,114.6,16.94
BGW-01,7,82,13.8,2.6,117.6,17.29
BGW-01,7,83,13.78,2.6,120.6,16.76
BGW-01,7,84,12.86,2.6,123.6,15.36
BGW-01,7,85,14.95,2.6,126.7,15.34
BGW-01,7,86,13.84,2.6,129.8,15.25
BGW-01,7,87,12.65,2.6,132.9,15.59
BGW-01,7,88,12.81,2.6,136.0,14.89
BGW-01,7,89,13.31,2.6,139.1,13.55
BGW-01,7,90,12.01,2.6,142.2,13.71
BGW-01,7,91,12.1,2.6,145.3,13.22
BGW-01,7,92,10.33,2.6,148.4,12.91
BGW-01,7,93,12.46,2.6,151.5,13.6
BGW-01,7,94,11.46,2.6,154.5,12.84
BGW-01,7,95,11.18,2.6,157.6,12.2
BGW-01,7,96,10.99,2.6,160.6,11.84
BGW-01,7,97,11.92,2.6,163.6,11.66
BGW-01,7,98,12.6,2.6,166.5,11.53
BGW-01,7,99,9.95,2.6,169.4,10.91
BGW-01,7,100,10.99,2.6,172.3,10.51
BGW-01,7,101,10.16,2.6,175.1,10.27
BGW-01,7,102,10.59,2.6,177.9,9.5
BGW-01,7,103,11.5,2.6,180.7,9.35
BGW-01,7,104,10.39,2.6,183.4,9.05
BGW-01,8,11,18.67,4.3,79.2,24.5
BGW-01,8,12,18.45,4.3,74.3,23.59
BGW-01,8,13,19.26,4.3,70.7,25.44
BGW-01,8,14,18.07,4.3,67.8,25.12
BGW-01,8,15,18.66,4.3,65.5,24.08
BGW-01,8,16,17.38,4.3,63.7,25.97
BGW-01,8,17,18.52,4.3,62.2,24.92
BGW-01,8,18,17.86,4.3,61.0,26.21
BGW-01,8,19,18.32,4.3,60.0,24.03
BGW-01,8,20,17.98,4.3,59.1,26.26
BGW-01,8,21,16.98,4.3,58.5,24.68
BGW-01,8,22,21.61,4.3,57.9,24.61
BGW-01,8,23,18.69,4.3,57.6,24.82
BGW-01,8,24,17.32,4.3,57.3,25.51
BGW-01,8,25,19.7,4.3,57.2,24.35
BGW-01,8,26,18.55,4.3,57.1,25.22
BGW-01,8,27,17.75,4.3,57.2,24.63
BGW-01,8,28,18.43,4.3,57.4,24.69
BGW-01,8,29,16.6,4.3,57.8,23.7
BGW-01,8,30,19.5,4.3,58.3,25.22
BGW-01,8,31,18.09,4.3,59.0,25.19
BGW-01,8,32,17.69,4.3,59.8,24.23
BGW-01,8,33,16.93,4.3,60.8,23.73
BGW-01,8,34,20.02,4.3,62.1,24.36
BGW-01,8,35,20.48,4.3,63.5,25.95
BGW-01,8,36,20.12,4.3,65.3,23.82
BGW-01,8,37,19.28,4.3,67.3,24.38
BGW-01,8,38,18.48,4.3,69.6,23.87
BGW-01,8,39,18.8,4.3,72.2,23.71
BGW-01,8,40,17.47,4.3,75.2,23.13
BGW-01,8,41,18.79,4.3,78.6,22.98
BGW-01,8,42,17.13,4.3,82.4,23.08
BGW-01,8,43,17.64,4.3,86.7,22.69
BGW-01,8,44,17.7,4.3,91.4,23.05
BGW-01,8,45,19.15,4.3,96.7,21.94
BGW-01,8,46,16.13,4.3,102.5,22.39
BGW-01,8,47,19.04,4.3,108.8,22.13
BGW-01,8,48,16.1,4.3,115.8,21.48
BGW-01,8,49,17.1,4.3,123.3,21.98
BGW-01,8,50,17.46,4.3,131.5,21.64
BGW-01,8,51,18.13,4.3,140.3,20.19
BGW-01,8,52,16.85,4.3,149.8,18.76
BGW-01,8,53,17.7,4.3,159.9,18.26
BGW-01,8,54,16.66,4.3,170.7,17.65
BGW-01,8,55,15.86,4.3,182.1,18.05
BGW-01,8,56,16.98,4.3,194.2,17.4
BGW-01,8,57,16.06,4.3,206.9,17.25
BGW-01,8,58,15.32,4.3,220.2,16.18
BGW-01,8,59,17.1,4.3,234.1,15.37
BGW-01,8,60,17.3,4.3,248.6,13.95
BGW-01,8,61,14.23,4.3,263.6,13.41
BGW-01,8,62,14.01,4.3,279.2,13.22
BGW-01,8,63,13.92,4.3,295.2,12.26
BGW-01,8,64,14.66,4.3,311.7,11.58
BGW-01,8,65,12.41,4.3,328.5,10.26
BGW-01,8,66,13.73,4.3,345.8,10.04
BGW-01,8,67,12.02,4.3,363.3,8.79
BGW-01,8,68,13.12,4.3,381.2,7.51
BGW-01,8,69,13.31,4.3,399.2,6.62
BGW-01,8,70,13.03,4.3,417.5,5.75
BGW-01,8,71,13.77,4.3,435.9,4.93
BGW-01,8,72,12.64,4.3,454.4,3.83
BGW-01,8,73,11.86,4.3,472.9,2.88
BGW-01,8,74,11.52,4.3,491.5,1.92
BGW-01,8,75,12.94,4.3,510.1,0.89
BGW-01,8,76,12.21,4.3,528.6,0.0
BGW-01,8,77,11.99,4.3,547.0,0.0
BGW-01,8,78,12.28,4.3,565.2,0.0
BGW-01,8,79,11.87,4.3,583.3,0.0
BGW-01,8,80,11.92,4.3,601.2,0.0
BGW-01,8,81,10.69,4.3,618.9,0.0
BGW-01,8,82,11.94,4.3,636.3,0.0
BGW-01,8,83,11.53,4.3,653.5,0.0
BGW-01,8,84,11.37,4.3,670.3,0.0
BGW-01,8,85,9.66,4.3,686.9,0.0
BGW-01,8,86,9.87,4.3,703.1,0.0
BGW-01,9,14,14.07,3.1,72.3,24.45
BGW-01,9,15,16.68,3.1,72.3,24.81
BGW-01,9,16,17.68,3.1,70.3,24.77
BGW-01,9,17,16.45,3.1,67.3,25.45
BGW-01,9,18,17.64,3.1,64.8,24.57
BGW-01,9,19,19.11,3.1,62.9,24.77
BGW-01,9,20,17.26,3.1,61.2,25.42
BGW-01,9,21,17.98,3.1,59.9,24.66
BGW-01,9,22,17.13,3.1,58.8,24.74
BGW-01,9,23,16.57,3.1,57.8,25.22
BGW-01,9,24,17.93,3.1,57.0,24.59
BGW-01,9,25,18.31,3.1,56.3,25.93
BGW-01,9,26,17.36,3.1,55.7,23.94
BGW-01,9,27,17.14,3.1,55.2,24.64
BGW-01,9,28,18.59,3.1,54.8,24.2
BGW-01,9,29,18.12,3.1,54.4,25.66
BGW-01,9,30,17.58,3.1,54.1,24.63
BGW-01,9,31,17.81,3.1,53.9,26.06
BGW-01,9,32,18.25,3.1,53.8,25.6
BGW-01,9,33,16.77,3.1,53.7,24.82
BGW-01,9,34,15.94,3.1,53.6,25.27
BGW-01,9,35,17.24,3.1,53.6,23.94
BGW-01,9,36,17.94,3.1,53.7,23.43
BGW-01,9,37,18.57,3.1,53.8,23.24
BGW-01,9,38,17.42,3.1,54.0,23.61
BGW-01,9,39,17.43,3.1,54.2,25.49
BGW-01,9,40,16.53,3.1,54.5,24.7
BGW-01,9,41,17.09,3.1,54.9,24.77
BGW-01,9,42,17.26,3.1,55.4,24.53
BGW-01,9,43,17.05,3.1,55.9,25.44
BGW-01,9,44,21.14,3.1,56.5,25.08
BGW-01,9,45,17.33,3.1,57.3,23.93
BGW-01,9,46,17.25,3.1,58.1,24.75
BGW-01,9,47,16.79,3.1,59.1,23.24
BGW-01,9,48,16.44,3.1,60.1,25.11
BGW-01,9,49,17.97,3.1,61.4,24.28
BGW-01,9,50,16.99,3.1,62.7,22.72
BGW-01,9,51,16.24,3.1,64.2,24.09
BGW-01,9,52,16.47,3.1,65.9,24.5
BGW-01,9,53,17.51,3.1,67.7,23.29
BGW-01,9,54,17.25,3.1,69.7,23.93
BGW-01,9,55,18.12,3.1,71.9,22.67
BGW-01,9,56,17.19,3.1,74.2,23.71
BGW-01,9,57,15.93,3.1,76.8,22.39
BGW-01,9,58,16.94,3.1,79.6,22.82
BGW-01,9,59,18.15,3.1,82.6,22.57
BGW-01,9,60,16.8,3.1,85.9,22.48
BGW-01,9,61,16.8,3.1,89.3,21.93
BGW-01,9,62,18.26,3.1,93.0,21.77
BGW-01,9,63,16.7,3.1,97.0,21.21
BGW-01,9,64,14.84,3.1,101.2,19.57
BGW-01,9,65,16.58,3.1,105.6,20.55
BGW-01,9,66,15.02,3.1,110.3,21.17
BGW-01,9,67,15.65,3.1,115.2,20.12
BGW-01,9,68,14.37,3.1,120.3,20.17
BGW-01,9,69,14.21,3.1,125.7,19.57
BGW-01,9,70,15.4,3.1,131.3,19.46
BGW-01,9,71,14.9,3.1,137.2,18.86
BGW-01,9,72,14.28,3.1,143.2,18.16
BGW-01,9,73,13.2,3.1,149.5,17.79
BGW-01,9,74,14.29,3.1,156.0,17.02
BGW-01,9,75,14.98,3.1,162.7,16.28
BGW-01,9,76,14.23,3.1,169.6,17.33
BGW-01,9,77,14.25,3.1,176.6,14.68
BGW-01,9,78,14.2,3.1,183.8,15.88
BGW-01,9,79,12.81,3.1,191.2,14.52
BGW-01,9,80,12.91,3.1,198.7,14.45
BGW-01,9,81,12.77,3.1,206.3,13.81
BGW-01,9,82,13.22,3.1,214.0,12.45
BGW-01,9,83,14.34,3.1,221.9,12.02
BGW-01,9,84,11.82,3.1,229.8,11.68
BGW-01,9,85,14.17,3.1,237.7,11.14
BGW-01,9,86,10.89,3.1,245.8,10.74
BGW-01,9,87,12.79,3.1,253.9,10.16
BGW-01,9,88,12.21,3.1,262.0,9.44
BGW-01,9,89,11.29,3.1,270.1,8.77
BGW-01,9,90,10.52,3.1,278.2,8.05
BGW-01,9,91,12.12,3.1,286.3,7.82
BGW-01,9,92,12.37,3.1,294.4,7.09
BGW-01,9,93,11.87,3.1,302.5,6.51
BGW-01,9,94,9.77,3.1,310.5,5.75
BGW-01,9,95,9.85,3.1,318.4,5.61
BGW-01,9,96,10.12,3.1,326.3,4.89
BGW-02,1,9,11.38,3.5,66.1,25.35
BGW-02,1,10,13.06,3.5,66.1,24.65
BGW-02,1,11,17.31,3.5,66.1,25.31
BGW-02,1,12,18.45,3.5,66.1,26.34
BGW-02,1,13,16.87,3.5,66.1,24.54
BGW-02,1,14,19.7,3.5,66.2,25.58
BGW-02,1,15,19.63,3.5,64.8,25.19
BGW-02,1,16,21.49,3.5,63.3,24.18
BGW-02,1,17,21.78,3.5,62.0,26.3
BGW-02,1,18,19.84,3.5,60.9,26.3
BGW-02,1,19,20.0,3.5,60.0,24.38
BGW-02,1,20,19.78,3.5,59.2,24.44
BGW-02,1,21,20.55,3.5,58.5,26.14
BGW-02,1,22,21.4,3.5,57.9,26.37
BGW-02,1,23,18.75,3.5,57.4,23.59
BGW-02,1,24,19.12,3.5,56.9,25.06
BGW-02,1,25,18.21,3.5,56.5,24.78
BGW-02,1,26,19.53,3.5,56.2,24.69
BGW-02,1,27,20.12,3.5,55.9,25.69
BGW-02,1,28,20.39,3.5,55.6,24.56
BGW-02,1,29,20.18,3.5,55.4,25.03
BGW-02,1,30,21.31,3.5,55.2,23.49
BGW-02,1,31,20.28,3.5,55.0,25.23
BGW-02,1,32,20.81,3.5,54.9,24.84
BGW-02,1,33,19.63,3.5,54.8,24.18
BGW-02,1,34,18.41,3.5,54.7,25.56
BGW-02,1,35,18.8,3.5,54.7,24.94
BGW-02,1,36,19.32,3.5,54.7,24.95
BGW-02,1,37,20.54,3.5,54.7,24.95
BGW-02,1,38,20.18,3.5,54.7,24.03
BGW-02,1,39,19.65,3.5,54.8,25.08
BGW-02,1,40,18.45,3.5,54.9,24.02
BGW-02,1,41,22.1,3.5,55.0,24.93
BGW-02,1,42,18.81,3.5,55.1,26.51
BGW-02,1,43,20.35,3.5,55.3,25.6
BGW-02,1,44,19.34,3.5,55.5,25.82
BGW-02,1,45,18.98,3.5,55.7,24.55
BGW-02,1,46,19.12,3.5,55.9,24.27
BGW-02,1,47,20.59,3.5,56.2,25.0
BGW-02,1,48,20.79,3.5,56.5,25.09
BGW-02,1,49,18.65,3.5,56.9,24.11
BGW-02,1,50,17.28,3.5,57.3,25.3
BGW-02,1,51,18.0,3.5,57.7,25.58
BGW-02,1,52,19.7,3.5,58.2,25.67
BGW-02,1,53,20.64,3.5,58.7,23.87
BGW-02,1,54,19.64,3.5,59.3,24.47
BGW-02,1,55,19.14,3.5,59.9,24.05
BGW-02,1,56,19.12,3.5,60.6,24.66
BGW-02,1,57,20.29,3.5,61.3,25.15
BGW-02,1,58,18.58,3.5,62.1,22.6
BGW-02,1,59,19.3,3.5,62.9,25.51
BGW-02,1,60,19.26,3.5,63.8,24.09
BGW-02,1,61,18.54,3.5,64.7,24.02
BGW-02,1,62,17.55,3.5,65.7,23.66
BGW-02,1,63,19.38,3.5,66.8,23.36
BGW-02,1,64,19.82,3.5,68.0,24.21
BGW-02,1,65,18.6,3.5,69.2,22.88
BGW-02,1,66,17.71,3.5,70.5,23.68
BGW-02,1,67,19.77,3.5,71.9,23.39
BGW-02,1,68,19.39,3.5,73.4,22.33
BGW-02,1,69,17.7,3.5,74.9,21.88
BGW-02,1,70,20.06,3.5,76.5,23.24
BGW-02,1,71,18.26,3.5,78.2,22.52
BGW-02,1,72,16.63,3.5,80.0,22.93
BGW-02,1,73,18.42,3.5,81.9,21.88
BGW-02,1,74,18.27,3.5,83.8,22.55
BGW-02,1,75,18.91,3.5,85.9,23.38
BGW-02,1,76,17.92,3.5,88.0,21.82
BGW-02,1,77,17.82,3.5,90.2,20.97
BGW-02,1,78,19.27,3.5,92.5,22.25
BGW-02,1,79,18.79,3.5,94.9,20.84
BGW-02,1,80,17.46,3.5,97.4,20.07
BGW-02,1,81,18.16,3.5,100.0,21.24
BGW-02,1,82,17.95,3.5,102.7,19.99
BGW-02,1,83,20.35,3.5,105.4,21.23
BGW-02,1,84,15.16,3.5,108.2,20.53
BGW-02,1,85,17.04,3.5,111.2,19.63
BGW-02,1,86,15.52,3.5,114.2,19.83
BGW-02,1,87,15.92,3.5,117.2,19.49
BGW-02,1,88,18.75,3.5,120.4,19.75
BGW-02,1,89,15.91,3.5,123.6,17.84
BGW-02,1,90,14.36,3.5,126.9,18.18
BGW-02,1,91,15.76,3.5,130.3,18.59
BGW-02,1,92,16.01,3.5,133.8,18.18
BGW-02,1,93,16.5,3.5,137.3,17.7
BGW-02,1,94,13.94,3.5,140.9,16.69
BGW-02,1,95,14.68,3.5,144.5,16.69
BGW-02,1,96,15.14,3.5,148.2,16.13
BGW-02,1,97,16.9,3.5,152.0,15.91
BGW-02,1,98,14.86,3.5,155.8,16.07
BGW-02,1,99,14.04,3.5,159.6,16.04
BGW-02,1,100,14.32,3.5,163.5,15.52
BGW-02,1,101,13.56,3.5,167.4,14.89
BGW-02,1,102,13.44,3.5,171.4,15.46
BGW-02,1,103,14.74,3.5,175.4,13.78
BGW-02,1,104,14.43,3.5,179.4,13.9
BGW-02,1,105,11.24,3.5,183.5,13.77
BGW-02,1,106,14.37,3.5,187.5,12.67
BGW-02,1,107,13.58,3.5,191.6,13.1
BGW-02,1,108,12.99,3.5,195.7,12.61
BGW-02,1,109,13.54,3.5,199.9,11.65
BGW-02,1,110,13.09,3.5,204.0,12.08
BGW-02,1,111,13.28,3.5,208.1,11.59
BGW-02,1,112,12.41,3.5,212.2,10.56
BGW-02,1,113,12.48,3.5,216.4,10.15
BGW-02,1,114,13.52,3.5,220.5,10.88
BGW-02,1,115,11.83,3.5,224.6,10.05
BGW-02,1,116,11.09,3.5,228.7,9.76
BGW-02,1,117,12.35,3.5,232.8,9.45
BGW-02,1,118,10.99,3.5,236.8,9.48
BGW-02,1,119,11.62,3.5,240.9,8.77
BGW-02,1,120,11.22,3.5,244.9,8.08
BGW-02,1,121,11.16,3.5,248.9,7.89
BGW-02,1,122,11.41,3.5,252.9,7.77
BGW-02,1,123,12.58,3.5,256.8,7.16
BGW-02,1,124,11.79,3.5,260.7,7.22
BGW-02,1,125,11.98,3.5,264.5,6.93
BGW-02,1,126,11.92,3.5,268.4,5.99
BGW-02,1,127,10.55,3.5,272.2,5.79
BGW-02,1,128,10.66,3.5,275.9,5.59
BGW-02,1,129,10.46,3.5,279.6,5.44
BGW-02,1,130,10.79,3.5,283.3,5.21
BGW-02,1,131,11.32,3.5,286.9,4.95
BGW-02,1,132,9.98,3.5,290.5,4.46
BGW-02,1,133,9.81,3.5,294.0,4.13
BGW-02,1,134,11.03,3.5,297.5,3.72
BGW-02,1,135,10.68,3.5,300.9,3.67
BGW-02,1,136,10.55,3.5,304.2,3.34
BGW-02,1,137,9.24,3.5,307.6,3.02
BGW-02,1,138,9.93,3.5,310.8,2.72
BGW-02,2,11,10.13,2.7,57.6,25.89
BGW-02,2,12,12.15,2.7,57.6,23.12
BGW-02,2,13,12.8,2.7,57.6,23.98
BGW-02,2,14,14.55,2.7,57.6,24.96
BGW-02,2,15,13.69,2.7,57.6,24.78
BGW-02,2,16,16.39,2.7,57.6,25.44
BGW-02,2,17,17.13,2.7,57.6,25.15
BGW-02,2,18,16.27,2.7,57.5,25.37
BGW-02,2,19,15.21,2.7,57.4,24.56
BGW-02,2,20,18.2,2.7,57.3,25.3
BGW-02,2,21,19.6,2.7,57.2,25.08
BGW-02,2,22,17.65,2.7,56.5,24.29
BGW-02,2,23,20.1,2.7,55.9,24.98
BGW-02,2,24,16.65,2.7,55.4,24.65
BGW-02,2,25,19.8,2.7,54.9,26.1
BGW-02,2,26,16.79,2.7,54.5,24.76
BGW-02,2,27,17.31,2.7,54.1,23.85
BGW-02,2,28,18.27,2.7,53.8,26.14
BGW-02,2,29,17.94,2.7,53.5,24.74
BGW-02,2,30,19.62,2.7,53.3,25.07
BGW-02,2,31,19.45,2.7,53.1,24.77
BGW-02,2,32,19.57,2.7,52.9,24.4
BGW-02,2,33,17.05,2.7,52.7,25.7
BGW-02,2,34,17.08,2.7,52.6,25.11
BGW-02,2,35,17.82,2.7,52.4,25.64
BGW-02,2,36,20.0,2.7,52.3,24.92
BGW-02,2,37,19.29,2.7,52.3,26.06
BGW-02,2,38,16.61,2.7,52.2,24.58
BGW-02,2,39,17.23,2.7,52.2,25.5
BGW-02,2,40,16.74,2.7,52.2,24.86
BGW-02,2,41,17.76,2.7,52.2,25.94
BGW-02,2,42,19.43,2.7,52.2,24.12
BGW-02,2,43,17.71,2.7,52.2,25.75
BGW-02,2,44,18.68,2.7,52.2,25.13
BGW-02,2,45,18.22,2.7,52.3,25.25
BGW-02,2,46,17.04,2.7,52.4,25.63
BGW-02,2,47,20.66,2.7,52.5,23.35
BGW-02,2,48,19.05,2.7,52.6,25.12
BGW-02,2,49,18.28,2.7,52.8,25.73
BGW-02,2,50,19.37,2.7,52.9,22.68
BGW-02,2,51,18.32,2.7,53.1,22.72
BGW-02,2,52,19.78,2.7,53.3,24.42
BGW-02,2,53,17.74,2.7,53.5,23.99
BGW-02,2,54,16.78,2.7,53.8,26.03
BGW-02,2,55,18.04,2.7,54.1,25.54
BGW-02,2,56,17.61,2.7,54.4,23.32
BGW-02,2,57,18.36,2.7,54.7,24.78
BGW-02,2,58,18.35,2.7,55.1,25.0
BGW-02,2,59,16.8,2.7,55.5,25.39
BGW-02,2,60,19.26,2.7,55.9,23.64
BGW-02,2,61,19.59,2.7,56.3,23.75
BGW-02,2,62,17.08,2.7,56.8,24.72
BGW-02,2,63,17.68,2.7,57.3,24.35
BGW-02,2,64,18.82,2.7,57.9,24.22
BGW-02,2,65,16.9,2.7,58.5,23.95
BGW-02,2,66,18.31,2.7,59.1,22.85
BGW-02,2,67,18.82,2.7,59.8,23.5
BGW-02,2,68,19.6,2.7,60.5,24.85
BGW-02,2,69,18.81,2.7,61.3,24.43
BGW-02,2,70,19.81,2.7,62.1,23.69
BGW-02,2,71,19.37,2.7,63.0,23.34
BGW-02,2,72,17.83,2.7,63.9,23.97
BGW-02,2,73,17.86,2.7,64.8,23.82
BGW-02,2,74,18.37,2.7,65.8,23.57
BGW-02,2,75,15.86,2.7,66.8,24.32
BGW-02,2,76,16.04,2.7,67.9,23.48
BGW-02,2,77,17.34,2.7,69.1,23.25
BGW-02,2,78,17.15,2.7,70.3,23.85
BGW-02,2,79,15.47,2.7,71.5,22.62
BGW-02,2,80,16.67,2.7,72.8,22.76
BGW-02,2,81,15.87,2.7,74.1,22.03
BGW-02,2,82,17.03,2.7,75.5,22.79
BGW-02,2,83,18.98,2.7,76.9,21.48
BGW-02,2,84,14.38,2.7,78.4,21.59
BGW-02,2,85,17.42,2.7,80.0,20.66
BGW-02,2,86,16.58,2.7,81.6,21.66
BGW-02,2,87,15.47,2.7,83.2,21.76
BGW-02,2,88,15.22,2.7,84.9,20.74
BGW-02,2,89,16.82,2.7,86.6,20.83
BGW-02,2,90,15.02,2.7,88.4,20.49
BGW-02,2,91,17.96,2.7,90.2,20.13
BGW-02,2,92,15.4,2.7,92.1,18.82
BGW-02,2,93,14.97,2.7,94.0,19.08
BGW-02,2,94,15.2,2.7,95.9,19.85
BGW-02,2,95,15.71,2.7,97.9,19.3
BGW-02,2,96,14.61,2.7,99.9,19.16
BGW-02,2,97,15.22,2.7,102.0,18.01
BGW-02,2,98,15.81,2.7,104.1,19.16
BGW-02,2,99,14.43,2.7,106.2,18.54
BGW-02,2,100,14.05,2.7,108.4,18.68
BGW-02,2,101,13.85,2.7,110.6,17.79
BGW-02,2,102,14.01,2.7,112.8,17.5
BGW-02,2,103,13.68,2.7,115.0,17.31
BGW-02,2,104,13.57,2.7,117.3,17.33
BGW-02,2,105,13.43,2.7,119.6,16.74
BGW-02,2,106,12.15,2.7,121.9,16.86
BGW-02,2,107,11.91,2.7,124.2,16.29
BGW-02,2,108,13.6,2.7,126.5,16.73
BGW-02,2,109,14.31,2.7,128.9,15.95
BGW-02,2,110,13.51,2.7,131.2,16.24
BGW-02,2,111,12.89,2.7,133.6,15.16
BGW-02,2,112,11.6,2.7,136.0,15.72
BGW-02,2,113,12.01,2.7,138.4,14.0
BGW-02,2,114,11.93,2.7,140.8,15.26
BGW-02,2,115,10.91,2.7,143.1,14.63
BGW-02,2,116,10.77,2.7,145.5,14.17
BGW-02,2,117,10.26,2.7,147.9,14.25
BGW-02,2,118,11.3,2.7,150.3,13.83
BGW-02,2,119,11.47,2.7,152.6,13.57
BGW-02,2,120,11.41,2.7,155.0,13.01
BGW-02,2,121,11.18,2.7,157.4,12.69
BGW-02,2,122,11.3,2.7,159.7,12.56
BGW-02,2,123,11.82,2.7,162.0,12.11
BGW-02,2,124,11.26,2.7,164.3,12.51
BGW-02,2,125,11.89,2.7,166.6,11.94
BGW-02,2,126,10.61,2.7,168.9,11.85
BGW-02,2,127,11.34,2.7,171.2,11.5
BGW-02,2,128,9.86,2.7,173.4,10.99
BGW-02,2,129,10.22,2.7,175.6,10.58
BGW-02,2,130,11.3,2.7,177.8,10.82
BGW-02,2,131,11.09,2.7,180.0,9.92
BGW-02,3,10,15.14,3.1,72.3,25.86
BGW-02,3,11,17.24,3.1,72.3,24.77
BGW-02,3,12,21.76,3.1,72.3,23.99
BGW-02,3,13,20.66,3.1,69.8,24.95
BGW-02,3,14,19.74,3.1,67.2,23.36
BGW-02,3,15,19.52,3.1,65.1,25.01
BGW-02,3,16,18.51,3.1,63.4,25.03
BGW-02,3,17,20.24,3.1,62.0,24.13
BGW-02,3,18,21.53,3.1,60.8,25.05
BGW-02,3,19,17.88,3.1,59.7,24.73
BGW-02,3,20,20.51,3.1,58.8,25.61
BGW-02,3,21,16.98,3.1,58.1,23.71
BGW-02,3,22,21.24,3.1,57.4,25.11
BGW-02,3,23,20.07,3.1,56.8,23.67
BGW-02,3,24,20.24,3.1,56.3,25.94
BGW-02,3,25,19.58,3.1,55.9,25.79
BGW-02,3,26,18.79,3.1,55.5,25.23
BGW-02,3,27,18.61,3.1,55.2,24.29
BGW-02,3,28,18.73,3.1,54.9,25.56
BGW-02,3,29,17.83,3.1,54.7,24.93
BGW-02,3,30,19.84,3.1,54.5,25.18
BGW-02,3,31,19.4,3.1,54.3,23.97
BGW-02,3,32,19.29,3.1,54.2,24.06
BGW-02,3,33,18.62,3.1,54.0,25.17
BGW-02,3,34,18.74,3.1,54.0,25.61
BGW-02,3,35,18.7,3.1,53.9,24.68
BGW-02,3,36,19.04,3.1,53.9,24.31
BGW-02,3,37,18.3,3.1,53.9,25.5
BGW-02,3,38,17.69,3.1,53.9,25.89
BGW-02,3,39,20.03,3.1,53.9,26.16
BGW-02,3,40,21.3,3.1,54.0,25.5
BGW-02,3,41,19.61,3.1,54.1,25.3
BGW-02,3,42,19.7,3.1,54.2,24.07
BGW-02,3,43,18.78,3.1,54.3,24.1
BGW-02,3,44,19.24,3.1,54.5,25.37
BGW-02,3,45,20.26,3.1,54.7,23.9
BGW-02,3,46,20.41,3.1,55.0,25.0
BGW-02,3,47,20.43,3.1,55.2,25.52
BGW-02,3,48,19.11,3.1,55.5,24.82
BGW-02,3,49,17.59,3.1,55.8,25.17
BGW-02,3,50,19.53,3.1,56.2,25.13
BGW-02,3,51,20.08,3.1,56.6,23.4
BGW-02,3,52,19.07,3.1,57.0,24.78
BGW-02,3,53,19.96,3.1,57.5,23.53
BGW-02,3,54,18.69,3.1,58.1,24.39
BGW-02,3,55,18.64,3.1,58.6,25.0
BGW-02,3,56,18.89,3.1,59.3,25.06
BGW-02,3,57,19.2,3.1,60.0,24.45
BGW-02,3,58,18.97,3.1,60.7,23.19
BGW-02,3,59,18.74,3.1,61.5,24.31
BGW-02,3,60,18.72,3.1,62.3,23.49
BGW-02,3,61,18.37,3.1,63.2,24.12
BGW-02,3,62,17.15,3.1,64.2,23.18
BGW-02,3,63,19.25,3.1,65.3,24.99
BGW-02,3,64,19.26,3.1,66.4,22.54
BGW-02,3,65,19.44,3.1,67.6,23.89
BGW-02,3,66,18.05,3.1,68.9,25.21
BGW-02,3,67,17.34,3.1,70.2,23.89
BGW-02,3,68,16.46,3.1,71.7,25.57
BGW-02,3,69,20.89,3.1,73.2,23.24
BGW-02,3,70,18.02,3.1,74.8,23.32
BGW-02,3,71,17.39,3.1,76.5,22.26
BGW-02,3,72,19.3,3.1,78.3,22.52
BGW-02,3,73,17.39,3.1,80.2,23.49
BGW-02,3,74,17.23,3.1,82.2,22.96
BGW-02,3,75,19.76,3.1,84.3,22.45
BGW-02,3,76,17.44,3.1,86.5,22.18
BGW-02,3,77,17.91,3.1,88.8,22.2
BGW-02,3,78,18.05,3.1,91.2,21.88
BGW-02,3,79,17.1,3.1,93.7,22.33
BGW-02,3,80,19.32,3.1,96.3,21.78
BGW-02,3,81,16.97,3.1,99.1,22.35
BGW-02,3,82,17.4,3.1,101.9,21.25
BGW-02,3,83,17.69,3.1,104.8,21.09
BGW-02,3,84,17.08,3.1,107.9,21.4
BGW-02,3,85,18.34,3.1,111.1,19.29
BGW-02,3,86,17.32,3.1,114.3,20.17
BGW-02,3,87,16.47,3.1,117.7,19.68
BGW-02,3,88,15.53,3.1,121.2,19.35
BGW-02,3,89,16.35,3.1,124.8,18.13
BGW-02,3,90,16.31,3.1,128.5,19.86
BGW-02,3,91,16.36,3.1,132.3,19.83
BGW-02,3,92,15.43,3.1,136.2,17.68
BGW-02,3,93,14.31,3.1,140.2,18.8
BGW-02,3,94,15.1,3.1,144.3,17.79
BGW-02,3,95,15.62,3.1,148.5,17.76
BGW-02,3,96,15.63,3.1,152.8,17.82
BGW-02,3,97,14.92,3.1,157.2,16.94
BGW-02,3,98,15.58,3.1,161.6,15.56
BGW-02,3,99,17.17,3.1,166.2,16.95
BGW-02,3,100,16.13,3.1,170.8,16.14
BGW-02,3,101,15.51,3.1,175.5,16.61
BGW-02,3,102,14.6,3.1,180.3,15.34
BGW-02,3,103,14.89,3.1,185.1,15.74
BGW-02,3,104,14.35,3.1,190.1,14.34
BGW-02,3,105,13.64,3.1,195.0,14.31
BGW-02,3,106,14.84,3.1,200.0,14.16
BGW-02,3,107,14.32,3.1,205.1,14.22
BGW-02,3,108,13.31,3.1,210.3,13.59
BGW-02,3,109,13.28,3.1,215.4,12.71
BGW-02,3,110,12.79,3.1,220.6,12.34
BGW-02,3,111,12.77,3.1,225.9,12.45
BGW-02,3,112,12.01,3.1,231.2,12.06
BGW-02,3,113,14.29,3.1,236.5,11.58
BGW-02,3,114,13.27,3.1,241.8,11.31
BGW-02,3,115,11.15,3.1,247.1,10.27
BGW-02,3,116,11.87,3.1,252.5,10.61
BGW-02,3,117,13.75,3.1,257.8,9.94
BGW-02,3,118,11.89,3.1,263.2,9.12
BGW-02,3,119,12.29,3.1,268.6,9.23
BGW-02,3,120,12.37,3.1,274.0,9.25
BGW-02,3,121,11.8,3.1,279.3,7.89
BGW-02,3,122,13.45,3.1,284.7,7.87
BGW-02,3,123,13.36,3.1,290.0,7.04
BGW-02,3,124,12.8,3.1,295.3,7.23
BGW-02,3,125,11.71,3.1,300.6,6.59
BGW-02,3,126,11.91,3.1,305.9,6.21
BGW-02,3,127,11.54,3.1,311.2,5.93
BGW-02,3,128,9.11,3.1,316.4,5.62
BGW-02,3,129,11.29,3.1,321.6,5.24
BGW-02,3,130,12.42,3.1,326.7,4.72
BGW-02,3,131,10.38,3.1,331.9,4.33
BGW-02,3,132,11.27,3.1,336.9,3.74
BGW-02,3,133,11.15,3.1,342.0,3.68
BGW-02,3,134,10.37,3.1,347.0,3.45
BGW-02,3,135,10.14,3.1,351.9,3.12
BGW-02,3,136,10.94,3.1,356.8,2.57
BGW-02,3,137,10.99,3.1,361.6,2.36
BGW-02,3,138,10.35,3.1,366.4,1.98
BGW-02,3,139,9.56,3.1,371.1,1.65
BGW-02,4,19,13.3,2.8,68.1,23.76
BGW-02,4,20,15.06,2.8,68.1,24.48
BGW-02,4,21,18.66,2.8,68.1,24.69
BGW-02,4,22,20.41,2.8,66.0,25.25
BGW-02,4,23,17.51,2.8,63.6,24.92
BGW-02,4,24,17.5,2.8,61.8,24.68
BGW-02,4,25,16.92,2.8,60.2,25.8
BGW-02,4,26,15.21,2.8,58.9,24.6
BGW-02,4,27,16.17,2.8,57.8,25.27
BGW-02,4,28,17.78,2.8,56.9,25.76
BGW-02,4,29,17.84,2.8,56.1,25.75
BGW-02,4,30,17.93,2.8,55.4,26.14
BGW-02,4,31,15.48,2.8,54.8,24.39
BGW-02,4,32,18.29,2.8,54.3,24.45
BGW-02,4,33,18.51,2.8,53.8,23.95
BGW-02,4,34,20.43,2.8,53.4,25.87
BGW-02,4,35,16.08,2.8,53.0,24.07
BGW-02,4,36,18.44,2.8,52.7,24.58
BGW-02,4,37,16.3,2.8,52.5,25.31
BGW-02,4,38,15.72,2.8,52.2,26.32
BGW-02,4,39,17.04,2.8,52.0,25.2
BGW-02,4,40,18.41,2.8,51.9,26.46
BGW-02,4,41,17.32,2.8,51.7,25.72
BGW-02,4,42,18.67,2.8,51.6,24.9
BGW-02,4,43,16.45,2.8,51.5,23.21
BGW-02,4,44,16.6,2.8,51.4,24.97
BGW-02,4,45,17.0,2.8,51.4,24.22
BGW-02,4,46,17.76,2.8,51.3,24.93
BGW-02,4,47,17.56,2.8,51.3,25.8
BGW-02,4,48,17.1,2.8,51.3,24.37
BGW-02,4,49,16.67,2.8,51.3,25.01
BGW-02,4,50,17.04,2.8,51.3,24.01
BGW-02,4,51,18.63,2.8,51.4,25.26
BGW-02,4,52,19.33,2.8,51.4,24.61
BGW-02,4,53,17.39,2.8,51.5,24.48
BGW-02,4,54,16.95,2.8,51.6,25.19
BGW-02,4,55,17.15,2.8,51.7,23.89
BGW-02,4,56,20.06,2.8,51.9,25.64
BGW-02,4,57,17.1,2.8,52.0,24.97
BGW-02,4,58,15.73,2.8,52.2,24.9
BGW-02,4,59,19.34,2.8,52.4,24.48
BGW-02,4,60,17.73,2.8,52.6,25.68
BGW-02,4,61,18.75,2.8,52.8,24.39
BGW-02,4,62,16.82,2.8,53.1,24.1
BGW-02,4,63,18.06,2.8,53.4,23.89
BGW-02,4,64,19.21,2.8,53.7,24.82
BGW-02,4,65,16.02,2.8,54.0,23.47
BGW-02,4,66,16.62,2.8,54.4,24.45
BGW-02,4,67,16.32,2.8,54.8,23.5
BGW-02,4,68,17.97,2.8,55.2,23.99
BGW-02,4,69,18.2,2.8,55.6,23.3
BGW-02,4,70,15.62,2.8,56.1,25.5
BGW-02,4,71,17.4,2.8,56.6,25.64
BGW-02,4,72,19.58,2.8,57.2,23.85
BGW-02,4,73,16.71,2.8,57.8,23.82
BGW-02,4,74,16.7,2.8,58.4,23.69
BGW-02,4,75,16.89,2.8,59.1,24.0
BGW-02,4,76,18.62,2.8,59.8,24.02
BGW-02,4,77,17.03,2.8,60.5,22.38
BGW-02,4,78,17.01,2.8,61.3,24.08
BGW-02,4,79,16.9,2.8,62.2,24.45
BGW-02,4,80,17.22,2.8,63.1,25.53
BGW-02,4,81,16.91,2.8,64.0,23.5
BGW-02,4,82,16.76,2.8,65.0,24.37
BGW-02,4,83,16.83,2.8,66.0,24.33
BGW-02,4,84,16.68,2.8,67.1,22.28
BGW-02,4,85,16.94,2.8,68.3,22.92
BGW-02,4,86,15.63,2.8,69.5,23.43
BGW-02,4,87,17.28,2.8,70.8,23.63
BGW-02,4,88,16.68,2.8,72.1,23.6
BGW-02,4,89,15.76,2.8,73.5,23.68
BGW-02,4,90,16.77,2.8,75.0,24.0
BGW-02,4,91,15.98,2.8,76.5,22.58
BGW-02,4,92,17.26,2.8,78.1,22.14
BGW-02,4,93,15.49,2.8,79.7,21.45
BGW-02,4,94,17.9,2.8,81.4,21.91
BGW-02,4,95,15.4,2.8,83.2,22.41
BGW-02,4,96,15.6,2.8,85.0,22.64
BGW-02,4,97,16.11,2.8,86.9,22.3
BGW-02,4,98,17.04,2.8,88.9,21.04
BGW-02,4,99,17.18,2.8,91.0,21.11
BGW-02,4,100,14.6,2.8,93.1,20.56
BGW-02,4,101,15.5,2.8,95.3,20.39
BGW-02,4,102,16.21,2.8,97.5,20.25
BGW-02,4,103,15.1,2.8,99.8,20.5
BGW-02,4,104,16.18,2.8,102.2,20.51
BGW-02,4,105,15.32,2.8,104.7,19.55
BGW-02,4,106,14.86,2.8,107.2,20.64
BGW-02,4,107,14.92,2.8,109.8,19.9
BGW-02,4,108,14.57,2.8,112.5,20.64
BGW-02,4,109,12.89,2.8,115.2,18.92
BGW-02,4,110,15.37,2.8,118.0,19.12
BGW-02,4,111,16.11,2.8,120.8,19.39
BGW-02,4,112,13.94,2.8,123.7,17.81
BGW-02,4,113,15.27,2.8,126.7,18.31
BGW-02,4,114,13.12,2.8,129.7,17.91
BGW-02,4,115,15.1,2.8,132.8,18.65
BGW-02,4,116,13.97,2.8,135.9,18.01
BGW-02,4,117,13.11,2.8,139.1,17.45
BGW-02,4,118,13.58,2.8,142.4,17.4
BGW-02,4,119,13.25,2.8,145.6,16.69
BGW-02,4,120,13.11,2.8,149.0,16.59
BGW-02,4,121,12.3,2.8,152.4,16.24
BGW-02,4,122,11.75,2.8,155.8,16.01
BGW-02,4,123,12.45,2.8,159.3,15.96
BGW-02,4,124,12.1,2.8,162.8,15.39
BGW-02,4,125,12.04,2.8,166.3,14.84
BGW-02,4,126,12.64,2.8,169.9,15.15
BGW-02,4,127,13.33,2.8,173.5,14.47
BGW-02,4,128,13.05,2.8,177.2,14.91
BGW-02,4,129,11.77,2.8,180.9,14.34
BGW-02,4,130,11.72,2.8,184.6,13.97
BGW-02,4,131,10.84,2.8,188.3,13.71
BGW-02,4,132,11.45,2.8,192.1,13.61
BGW-02,4,133,11.97,2.8,195.8,12.69
BGW-02,4,134,11.8,2.8,199.6,12.17
BGW-02,4,135,12.2,2.8,203.4,12.53
BGW-02,4,136,12.54,2.8,207.2,12.25
BGW-02,4,137,11.12,2.8,211.0,11.62
BGW-02,4,138,10.81,2.8,214.9,11.15
BGW-02,4,139,9.18,2.8,218.7,10.48
BGW-02,4,140,10.57,2.8,222.5,10.81
BGW-02,4,141,10.54,2.8,226.4,10.5
BGW-02,4,142,9.67,2.8,230.2,10.18
BGW-02,4,143,11.72,2.8,234.0,10.08
BGW-02,4,144,9.75,2.8,237.8,9.5
BGW-02,4,145,9.07,2.8,241.6,9.33
BGW-02,4,146,9.52,2.8,245.5,8.42
BGW-02,4,147,9.63,2.8,249.2,8.85
BGW-02,5,15,17.39,4.2,77.4,25.21
BGW-02,5,16,18.2,4.2,72.6,24.94
BGW-02,5,17,17.89,4.2,68.9,27.2
BGW-02,5,18,17.61,4.2,66.0,24.67
BGW-02,5,19,18.54,4.2,63.7,24.19
BGW-02,5,20,18.9,4.2,61.9,24.77
BGW-02,5,21,17.19,4.2,60.4,24.36
BGW-02,5,22,16.27,4.2,59.1,24.79
BGW-02,5,23,16.64,4.2,58.0,25.78
BGW-02,5,24,17.89,4.2,57.1,25.48
BGW-02,5,25,16.86,4.2,56.3,24.47
BGW-02,5,26,18.06,4.2,55.6,24.95
BGW-02,5,27,17.41,4.2,55.0,24.72
BGW-02,5,28,17.36,4.2,54.5,25.35
BGW-02,5,29,18.12,4.2,54.1,25.81
BGW-02,5,30,18.58,4.2,53.7,25.74
BGW-02,5,31,18.41,4.2,53.4,24.66
BGW-02,5,32,18.68,4.2,53.1,25.08
BGW-02,5,33,18.09,4.2,52.8,24.88
BGW-02,5,34,18.34,4.2,52.6,25.03
BGW-02,5,35,16.67,4.2,52.5,24.72
BGW-02,5,36,17.35,4.2,52.3,24.73
BGW-02,5,37,15.07,4.2,52.2,25.55
BGW-02,5,38,17.09,4.2,52.2,25.25
BGW-02,5,39,16.31,4.2,52.1,26.2
BGW-02,5,40,16.63,4.2,52.1,24.92
BGW-02,5,41,19.78,4.2,52.1,24.52
BGW-02,5,42,18.22,4.2,52.1,24.11
BGW-02,5,43,16.88,4.2,52.2,25.08
BGW-02,5,44,14.87,4.2,52.2,23.88
BGW-02,5,45,18.82,4.2,52.3,23.59
BGW-02,5,46,17.64,4.2,52.4,24.55
BGW-02,5,47,16.22,4.2,52.6,24.28
BGW-02,5,48,17.59,4.2,52.8,24.75
BGW-02,5,49,17.7,4.2,53.0,25.17
BGW-02,5,50,18.47,4.2,53.2,25.21
BGW-02,5,51,16.72,4.2,53.5,23.56
BGW-02,5,52,16.13,4.2,53.7,25.52
BGW-02,5,53,18.91,4.2,54.1,25.37
BGW-02,5,54,16.79,4.2,54.4,24.73
BGW-02,5,55,16.26,4.2,54.8,24.21
BGW-02,5,56,17.66,4.2,55.2,24.64
BGW-02,5,57,16.71,4.2,55.7,24.52
BGW-02,5,58,19.11,4.2,56.2,24.63
BGW-02,5,59,16.83,4.2,56.8,24.58
BGW-02,5,60,17.14,4.2,57.4,24.3
BGW-02,5,61,16.0,4.2,58.0,23.74
BGW-02,5,62,16.19,4.2,58.7,23.48
BGW-02,5,63,16.16,4.2,59.4,24.2
BGW-02,5,64,16.5,4.2,60.3,25.64
BGW-02,5,65,15.94,4.2,61.1,24.19
BGW-02,5,66,16.69,4.2,62.1,24.04
BGW-02,5,67,15.55,4.2,63.0,24.72
BGW-02,5,68,16.93,4.2,64.1,26.06
BGW-02,5,69,15.67,4.2,65.2,23.4
BGW-02,5,70,16.17,4.2,66.5,23.46
BGW-02,5,71,17.46,4.2,67.7,24.54
BGW-02,5,72,18.23,4.2,69.1,23.23
BGW-02,5,73,16.85,4.2,70.6,23.85
BGW-02,5,74,16.81,4.2,72.1,23.24
BGW-02,5,75,18.72,4.2,73.7,24.17
BGW-02,5,76,17.87,4.2,75.4,22.46
BGW-02,5,77,16.91,4.2,77.3,22.6
BGW-02,5,78,17.75,4.2,79.2,24.62
BGW-02,5,79,16.71,4.2,81.2,22.97
BGW-02,5,80,17.9,4.2,83.3,22.16
BGW-02,5,81,17.4,4.2,85.6,23.35
BGW-02,5,82,16.42,4.2,87.9,22.73
BGW-02,5,83,14.7,4.2,90.4,22.17
BGW-02,5,84,16.6,4.2,93.0,21.63
BGW-02,5,85,16.56,4.2,95.6,22.17
BGW-02,5,86,16.24,4.2,98.5,21.39
BGW-02,5,87,15.7,4.2,101.4,22.28
BGW-02,5,88,18.13,4.2,104.5,20.97
BGW-02,5,89,16.83,4.2,107.6,21.29
BGW-02,5,90,15.48,4.2,110.9,21.68
BGW-02,5,91,17.05,4.2,114.4,20.86
BGW-02,5,92,17.19,4.2,118.0,19.82
BGW-02,5,93,16.77,4.2,121.6,21.44
BGW-02,5,94,15.94,4.2,125.5,21.07
BGW-02,5,95,14.65,4.2,129.4,20.52
BGW-02,5,96,15.44,4.2,133.5,19.64
BGW-02,5,97,13.94,4.2,137.7,20.59
BGW-02,5,98,16.11,4.2,142.1,19.28
BGW-02,5,99,14.44,4.2,146.5,18.95
BGW-02,5,100,15.32,4.2,151.1,18.49
BGW-02,5,101,15.21,4.2,155.9,19.28
BGW-02,5,102,13.54,4.2,160.7,18.06
BGW-02,5,103,15.16,4.2,165.7,17.69
BGW-02,5,104,14.46,4.2,170.8,17.64
BGW-02,5,105,14.91,4.2,176.0,17.21
BGW-02,5,106,14.02,4.2,181.3,16.66
BGW-02,5,107,14.44,4.2,186.8,16.94
BGW-02,5,108,14.17,4.2,192.3,17.05
BGW-02,5,109,14.57,4.2,198.0,15.92
BGW-02,5,110,12.88,4.2,203.7,14.94
BGW-02,5,111,13.95,4.2,209.6,15.15
BGW-02,5,112,14.42,4.2,215.5,14.89
BGW-02,5,113,13.26,4.2,221.6,13.87
BGW-02,5,114,13.98,4.2,227.7,13.96
BGW-02,5,115,13.29,4.2,234.0,12.98
BGW-02,5,116,13.26,4.2,240.3,13.62
BGW-02,5,117,13.07,4.2,246.6,12.48
BGW-02,5,118,11.59,4.2,253.1,12.22
BGW-02,5,119,12.96,4.2,259.6,12.05
BGW-02,5,120,12.33,4.2,266.2,11.43
BGW-02,5,121,11.41,4.2,272.9,11.62
BGW-02,5,122,11.64,4.2,279.6,10.77
BGW-02,5,123,12.13,4.2,286.3,10.64
BGW-02,5,124,12.11,4.2,293.1,10.01
BGW-02,5,125,13.37,4.2,300.0,9.57
BGW-02,5,126,11.48,4.2,306.8,8.92
BGW-02,5,127,11.33,4.2,313.8,8.46
BGW-02,5,128,11.93,4.2,320.7,8.42
BGW-02,5,129,12.3,4.2,327.6,8.52
BGW-02,5,130,11.25,4.2,334.6,7.72
BGW-02,5,131,11.11,4.2,341.6,7.18
BGW-02,5,132,10.56,4.2,348.6,6.6
BGW-02,5,133,11.26,4.2,355.6,6.08
BGW-02,5,134,11.17,4.2,362.6,5.83
BGW-02,5,135,9.51,4.2,369.6,5.57
BGW-02,5,136,10.44,4.2,376.6,5.21
BGW-02,5,137,9.52,4.2,383.6,4.73
BGW-02,5,138,9.76,4.2,390.5,4.03
BGW-02,5,139,10.8,4.2,397.5,3.5
BGW-02,5,140,10.53,4.2,404.4,3.26
BGW-02,5,141,10.02,4.2,411.3,3.01
BGW-02,6,14,16.46,3.0,70.9,24.65
BGW-02,6,15,14.27,3.0,68.3,24.8
BGW-02,6,16,15.35,3.0,65.0,24.46
BGW-02,6,17,15.31,3.0,62.4,25.68
BGW-02,6,18,17.4,3.0,60.3,25.02
BGW-02,6,19,13.95,3.0,58.6,23.78
BGW-02,6,20,16.21,3.0,57.2,26.18
BGW-02,6,21,15.04,3.0,56.1,24.03
BGW-02,6,22,13.94,3.0,55.1,25.26
BGW-02,6,23,16.11,3.0,54.3,23.89
BGW-02,6,24,15.5,3.0,53.5,26.93
BGW-02,6,25,16.23,3.0,52.9,25.42
BGW-02,6,26,15.68,3.0,52.4,25.26
BGW-02,6,27,18.63,3.0,51.9,24.02
BGW-02,6,28,15.31,3.0,51.5,24.48
BGW-02,6,29,14.18,3.0,51.2,24.8
BGW-02,6,30,15.3,3.0,50.9,24.97
BGW-02,6,31,14.56,3.0,50.6,25.89
BGW-02,6,32,15.16,3.0,50.4,25.42
BGW-02,6,33,16.01,3.0,50.2,24.4
BGW-02,6,34,16.04,3.0,50.1,25.0
BGW-02,6,35,15.02,3.0,50.0,25.05
BGW-02,6,36,15.87,3.0,49.9,24.87
BGW-02,6,37,15.93,3.0,49.8,25.74
BGW-02,6,38,16.32,3.0,49.7,25.84
BGW-02,6,39,17.19,3.0,49.7,24.04
BGW-02,6,40,15.94,3.0,49.7,25.25
BGW-02,6,41,15.55,3.0,49.7,26.03
BGW-02,6,42,15.75,3.0,49.8,24.58
BGW-02,6,43,14.85,3.0,49.9,25.3
BGW-02,6,44,16.09,3.0,50.0,24.0
BGW-02,6,45,17.9,3.0,50.1,25.08
BGW-02,6,46,17.07,3.0,50.2,24.31
BGW-02,6,47,15.57,3.0,50.4,24.52
BGW-02,6,48,15.84,3.0,50.6,22.97
BGW-02,6,49,14.82,3.0,50.8,24.72
BGW-02,6,50,14.31,3.0,51.1,25.2
BGW-02,6,51,15.94,3.0,51.4,24.02
BGW-02,6,52,15.02,3.0,51.7,25.16
BGW-02,6,53,14.99,3.0,52.0,24.8
BGW-02,6,54,15.89,3.0,52.4,23.65
BGW-02,6,55,17.33,3.0,52.9,24.59
BGW-02,6,56,14.27,3.0,53.3,24.92
BGW-02,6,57,14.48,3.0,53.9,23.76
BGW-02,6,58,15.07,3.0,54.4,24.66
BGW-02,6,59,17.49,3.0,55.0,25.56
BGW-02,6,60,15.86,3.0,55.7,23.72
BGW-02,6,61,16.32,3.0,56.4,24.58
BGW-02,6,62,14.97,3.0,57.2,23.37
BGW-02,6,63,16.03,3.0,58.0,22.73
BGW-02,6,64,17.27,3.0,58.9,23.52
BGW-02,6,65,14.76,3.0,59.8,24.64
BGW-02,6,66,15.7,3.0,60.8,25.54
BGW-02,6,67,16.55,3.0,61.9,21.47
BGW-02,6,68,15.76,3.0,63.1,23.27
BGW-02,6,69,15.07,3.0,64.3,24.77
BGW-02,6,70,17.05,3.0,65.6,24.25
BGW-02,6,71,14.59,3.0,67.0,23.87
BGW-02,6,72,14.3,3.0,68.5,23.7
BGW-02,6,73,15.71,3.0,70.0,23.67
BGW-02,6,74,15.98,3.0,71.7,23.25
BGW-02,6,75,15.04,3.0,73.4,23.6
BGW-02,6,76,13.46,3.0,75.2,22.2
BGW-02,6,77,16.27,3.0,77.1,22.19
BGW-02,6,78,14.34,3.0,79.2,21.61
BGW-02,6,79,15.12,3.0,81.3,22.91
BGW-02,6,80,13.74,3.0,83.5,22.34
BGW-02,6,81,14.88,3.0,85.8,22.53
BGW-02,6,82,14.71,3.0,88.2,21.58
BGW-02,6,83,13.12,3.0,90.7,21.61
BGW-02,6,84,13.92,3.0,93.3,21.65
BGW-02,6,85,13.74,3.0,96.1,22.57
BGW-02,6,86,14.0,3.0,98.9,21.69
BGW-02,6,87,14.35,3.0,101.8,21.02
BGW-02,6,88,14.85,3.0,104.8,20.51
BGW-02,6,89,15.46,3.0,108.0,20.27
BGW-02,6,90,13.86,3.0,111.2,20.43
BGW-02,6,91,14.31,3.0,114.6,20.23
BGW-02,6,92,14.34,3.0,118.0,20.02
BGW-02,6,93,14.98,3.0,121.5,19.44
BGW-02,6,94,13.96,3.0,125.2,19.03
BGW-02,6,95,13.83,3.0,128.9,18.85
BGW-02,6,96,13.05,3.0,132.7,18.45
BGW-02,6,97,12.83,3.0,136.6,17.69
BGW-02,6,98,12.5,3.0,140.7,17.73
BGW-02,6,99,13.58,3.0,144.7,17.48
BGW-02,6,100,14.38,3.0,148.9,17.28
BGW-02,6,101,12.93,3.0,153.2,16.49
BGW-02,6,102,12.17,3.0,157.5,16.32
BGW-02,6,103,12.22,3.0,161.9,16.34
BGW-02,6,104,11.62,3.0,166.4,16.22
BGW-02,6,105,11.55,3.0,170.9,15.64
BGW-02,6,106,12.29,3.0,175.5,15.52
BGW-02,6,107,10.85,3.0,180.2,14.89
BGW-02,6,108,12.31,3.0,184.9,13.68
BGW-02,6,109,11.93,3.0,189.7,14.42
BGW-02,6,110,11.31,3.0,194.5,13.52
BGW-02,6,111,10.56,3.0,199.4,13.19
BGW-02,6,112,10.67,3.0,204.3,12.94
BGW-02,6,113,11.44,3.0,209.2,13.67
BGW-02,6,114,11.09,3.0,214.2,12.33
BGW-02,6,115,11.13,3.0,219.2,11.6
BGW-02,6,116,11.23,3.0,224.2,11.8
BGW-02,6,117,10.9,3.0,229.2,12.01
BGW-02,6,118,10.96,3.0,234.3,10.29
BGW-02,6,119,10.24,3.0,239.3,10.79
BGW-02,6,120,10.52,3.0,244.4,10.51
BGW-02,6,121,10.75,3.0,249.5,9.43
BGW-02,6,122,9.85,3.0,254.6,9.39
BGW-02,7,12,16.03,4.2,67.3,26.1
BGW-02,7,13,14.84,4.2,63.6,25.46
BGW-02,7,14,14.73,4.2,60.8,24.82
BGW-02,7,15,14.1,4.2,58.6,25.69
BGW-02,7,16,14.21,4.2,56.9,24.8
BGW-02,7,17,14.65,4.2,55.5,24.78
BGW-02,7,18,12.86,4.2,54.3,25.28
BGW-02,7,19,14.03,4.2,53.3,24.33
BGW-02,7,20,13.77,4.2,52.5,25.74
BGW-02,7,21,14.67,4.2,51.8,23.86
BGW-02,7,22,13.49,4.2,51.2,25.49
BGW-02,7,23,14.02,4.2,50.7,25.37
BGW-02,7,24,14.17,4.2,50.2,24.89
BGW-02,7,25,14.82,4.2,49.8,24.22
BGW-02,7,26,14.06,4.2,49.5,23.37
BGW-02,7,27,14.1,4.2,49.3,24.46
BGW-02,7,28,13.6,4.2,49.1,25.26
BGW-02,7,29,13.35,4.2,48.9,24.55
BGW-02,7,30,13.73,4.2,48.7,25.4
BGW-02,7,31,13.29,4.2,48.6,25.18
BGW-02,7,32,15.0,4.2,48.6,25.09
BGW-02,7,33,14.54,4.2,48.5,24.86
BGW-02,7,34,13.85,4.2,48.5,24.4
BGW-02,7,35,13.95,4.2,48.5,24.97
BGW-02,7,36,12.22,4.2,48.6,25.25
BGW-02,7,37,14.73,4.2,48.7,25.18
BGW-02,7,38,13.78,4.2,48.8,25.17
BGW-02,7,39,13.78,4.2,48.9,25.3
BGW-02,7,40,15.26,4.2,49.1,23.65
BGW-02,7,41,14.58,4.2,49.3,27.1
BGW-02,7,42,14.28,4.2,49.5,25.13
BGW-02,7,43,13.56,4.2,49.8,24.12
BGW-02,7,44,15.53,4.2,50.1,24.04
BGW-02,7,45,12.35,4.2,50.4,23.74
BGW-02,7,46,14.25,4.2,50.8,23.84
BGW-02,7,47,13.32,4.2,51.3,25.36
BGW-02,7,48,16.4,4.2,51.8,24.46
BGW-02,7,49,13.35,4.2,52.3,24.69
BGW-02,7,50,15.11,4.2,52.9,24.97
BGW-02,7,51,13.45,4.2,53.5,25.31
BGW-02,7,52,14.89,4.2,54.2,24.09
BGW-02,7,53,13.47,4.2,55.0,24.37
BGW-02,7,54,12.82,4.2,55.8,24.41
BGW-02,7,55,14.05,4.2,56.7,24.29
BGW-02,7,56,14.44,4.2,57.7,23.53
BGW-02,7,57,15.49,4.2,58.7,23.45
BGW-02,7,58,14.45,4.2,59.9,23.71
BGW-02,7,59,13.09,4.2,61.1,24.47
BGW-02,7,60,14.26,4.2,62.4,23.35
BGW-02,7,61,14.15,4.2,63.9,24.19
BGW-02,7,62,15.05,4.2,65.4,24.12
BGW-02,7,63,14.42,4.2,67.0,22.93
BGW-02,7,64,12.27,4.2,68.8,23.29
BGW-02,7,65,14.48,4.2,70.7,23.58
BGW-02,7,66,14.3,4.2,72.7,24.37
BGW-02,7,67,13.81,4.2,74.8,22.18
BGW-02,7,68,16.08,4.2,77.0,23.74
BGW-02,7,69,13.42,4.2,79.4,22.56
BGW-02,7,70,13.94,4.2,82.0,22.57
BGW-02,7,71,14.06,4.2,84.7,23.24
BGW-02,7,72,14.72,4.2,87.5,23.52
BGW-02,7,73,14.15,4.2,90.6,22.15
BGW-02,7,74,12.88,4.2,93.7,23.94
BGW-02,7,75,13.7,4.2,97.1,22.73
BGW-02,7,76,13.51,4.2,100.6,21.65
BGW-02,7,77,13.06,4.2,104.3,22.27
BGW-02,7,78,14.04,4.2,108.2,21.7
BGW-02,7,79,14.07,4.2,112.2,21.88
BGW-02,7,80,14.47,4.2,116.5,21.84
BGW-02,7,81,14.16,4.2,120.9,21.3
BGW-02,7,82,13.78,4.2,125.5,20.18
BGW-02,7,83,13.68,4.2,130.3,21.97
BGW-02,7,84,13.18,4.2,135.3,20.29
BGW-02,7,85,13.46,4.2,140.5,19.35
BGW-02,7,86,12.86,4.2,145.9,19.76
BGW-02,7,87,12.17,4.2,151.5,17.65
BGW-02,7,88,11.84,4.2,157.3,19.03
BGW-02,7,89,12.92,4.2,163.3,18.79
BGW-02,7,90,12.02,4.2,169.5,17.37
BGW-02,7,91,12.34,4.2,175.9,18.65
BGW-02,7,92,12.78,4.2,182.4,18.18
BGW-02,7,93,13.33,4.2,189.2,16.79
BGW-02,7,94,11.6,4.2,196.1,16.6
BGW-02,7,95,12.79,4.2,203.2,17.34
BGW-02,7,96,11.96,4.2,210.5,16.08
BGW-02,7,97,12.61,4.2,218.0,16.01
BGW-02,7,98,12.87,4.2,225.6,14.93
BGW-02,7,99,10.1,4.2,233.4,14.64
BGW-02,7,100,12.09,4.2,241.4,14.92
BGW-02,7,101,11.15,4.2,249.5,14.42
BGW-02,7,102,10.41,4.2,257.8,13.53
BGW-02,7,103,10.73,4.2,266.2,13.42
BGW-02,7,104,11.09,4.2,274.7,12.54
BGW-02,7,105,11.07,4.2,283.4,12.29
BGW-02,7,106,10.52,4.2,292.2,11.63
BGW-02,7,107,11.67,4.2,301.1,11.39
BGW-02,7,108,10.44,4.2,310.1,10.9
BGW-02,7,109,11.7,4.2,319.3,10.27
BGW-02,7,110,10.14,4.2,328.5,9.58
BGW-02,7,111,10.21,4.2,337.8,9.21
BGW-02,7,112,9.95,4.2,347.2,8.54
BGW-02,8,13,13.56,3.3,65.3,25.38
BGW-02,8,14,13.73,3.3,62.0,25.16
BGW-02,8,15,15.1,3.3,59.5,24.22
BGW-02,8,16,15.67,3.3,57.5,24.87
BGW-02,8,17,14.58,3.3,55.8,26.06
BGW-02,8,18,14.57,3.3,54.5,23.73
BGW-02,8,19,13.51,3.3,53.4,24.59
BGW-02,8,20,14.19,3.3,52.5,25.05
BGW-02,8,21,13.45,3.3,51.7,24.42
BGW-02,8,22,15.18,3.3,51.0,24.78
BGW-02,8,23,13.21,3.3,50.5,24.63
BGW-02,8,24,16.99,3.3,50.0,24.51
BGW-02,8,25,14.15,3.3,49.5,24.86
BGW-02,8,26,12.09,3.3,49.2,25.28
BGW-02,8,27,13.25,3.3,48.9,24.08
BGW-02,8,28,14.29,3.3,48.6,25.86
BGW-02,8,29,13.77,3.3,48.4,26.68
BGW-02,8,30,14.73,3.3,48.2,24.37
BGW-02,8,31,12.19,3.3,48.0,25.37
BGW-02,8,32,14.88,3.3,47.9,24.69
BGW-02,8,33,13.63,3.3,47.8,23.76
BGW-02,8,34,14.05,3.3,47.7,25.11
BGW-02,8,35,14.82,3.3,47.7,25.23
BGW-02,8,36,15.5,3.3,47.7,25.6
BGW-02,8,37,15.2,3.3,47.7,23.81
BGW-02,8,38,13.61,3.3,47.7,24.65
BGW-02,8,39,13.35,3.3,47.8,24.74
BGW-02,8,40,14.18,3.3,47.9,24.66
BGW-02,8,41,12.96,3.3,48.0,24.55
BGW-02,8,42,14.43,3.3,48.1,24.94
BGW-02,8,43,13.6,3.3,48.3,25.05
BGW-02,8,44,14.37,3.3,48.5,23.78
BGW-02,8,45,14.99,3.3,48.7,24.28
BGW-02,8,46,13.11,3.3,49.0,24.87
BGW-02,8,47,14.0,3.3,49.3,24.88
BGW-02,8,48,13.5,3.3,49.6,24.35
BGW-02,8,49,13.44,3.3,50.0,25.13
BGW-02,8,50,13.79,3.3,50.4,24.31
BGW-02,8,51,13.15,3.3,50.8,24.94
BGW-02,8,52,12.58,3.3,51.3,24.38
BGW-02,8,53,14.76,3.3,51.9,25.5
BGW-02,8,54,15.37,3.3,52.5,24.42
BGW-02,8,55,15.01,3.3,53.2,24.28
BGW-02,8,56,13.36,3.3,53.9,24.46
BGW-02,8,57,14.82,3.3,54.7,23.99
BGW-02,8,58,12.85,3.3,55.5,24.47
BGW-02,8,59,13.59,3.3,56.4,23.44
BGW-02,8,60,13.7,3.3,57.4,23.87
BGW-02,8,61,12.67,3.3,58.5,23.88
BGW-02,8,62,14.36,3.3,59.7,24.33
BGW-02,8,63,12.67,3.3,60.9,23.98
BGW-02,8,64,13.19,3.3,62.2,23.09
BGW-02,8,65,15.35,3.3,63.7,23.6
BGW-02,8,66,13.9,3.3,65.2,24.23
BGW-02,8,67,13.85,3.3,66.8,23.97
BGW-02,8,68,12.35,3.3,68.5,24.32
BGW-02,8,69,12.92,3.3,70.3,22.05
BGW-02,8,70,13.37,3.3,72.3,23.51
BGW-02,8,71,13.77,3.3,74.4,22.57
BGW-02,8,72,13.82,3.3,76.5,23.32
BGW-02,8,73,12.04,3.3,78.8,21.52
BGW-02,8,74,13.72,3.3,81.3,22.72
BGW-02,8,75,13.48,3.3,83.8,21.41
BGW-02,8,76,14.13,3.3,86.5,22.0
BGW-02,8,77,13.11,3.3,89.3,22.12
BGW-02,8,78,13.26,3.3,92.2,20.52
BGW-02,8,79,11.78,3.3,95.3,20.46
BGW-02,8,80,12.69,3.3,98.5,20.67
BGW-02,8,81,12.63,3.3,101.9,22.21
BGW-02,8,82,11.99,3.3,105.4,21.41
BGW-02,8,83,12.6,3.3,109.0,20.82
BGW-02,8,84,13.46,3.3,112.8,20.5
BGW-02,8,85,11.37,3.3,116.7,19.77
BGW-02,8,86,12.31,3.3,120.7,20.09
BGW-02,8,87,12.91,3.3,124.9,18.55
BGW-02,8,88,12.4,3.3,129.2,18.27
BGW-02,8,89,13.67,3.3,133.7,19.08
BGW-02,8,90,12.37,3.3,138.2,19.26
BGW-02,8,91,11.52,3.3,142.9,18.92
BGW-02,8,92,11.92,3.3,147.8,18.36
BGW-02,8,93,10.92,3.3,152.7,16.95
BGW-02,8,94,11.01,3.3,157.8,17.54
BGW-02,8,95,10.4,3.3,163.0,17.45
BGW-02,8,96,11.73,3.3,168.3,16.65
BGW-02,8,97,11.48,3.3,173.7,16.15
BGW-02,8,98,11.01,3.3,179.2,16.39
BGW-02,8,99,11.02,3.3,184.8,15.62
BGW-02,8,100,11.07,3.3,190.5,14.44
BGW-02,8,101,10.9,3.3,196.2,15.18
BGW-02,8,102,9.61,3.3,202.1,14.74
BGW-02,8,103,10.05,3.3,208.1,14.13
BGW-02,8,104,9.76,3.3,214.1,13.36
BGW-02,8,105,11.02,3.3,220.2,12.84
BGW-02,8,106,9.97,3.3,226.3,12.9
BGW-02,8,107,10.03,3.3,232.5,11.8
BGW-02,9,10,11.38,2.7,57.6,24.37
BGW-02,9,11,10.78,2.7,57.6,24.11
BGW-02,9,12,11.45,2.7,57.6,25.29
BGW-02,9,13,14.55,2.7,56.6,26.1
BGW-02,9,14,14.05,2.7,54.9,24.15
BGW-02,9,15,13.17,2.7,53.5,25.27
BGW-02,9,16,12.12,2.7,52.4,24.5
BGW-02,9,17,13.11,2.7,51.5,26.49
BGW-02,9,18,13.63,2.7,50.7,25.5
BGW-02,9,19,12.57,2.7,50.0,25.08
BGW-02,9,20,13.0,2.7,49.4,25.82
BGW-02,9,21,13.67,2.7,48.9,23.72
BGW-02,9,22,13.13,2.7,48.4,24.13
BGW-02,9,23,14.41,2.7,48.0,24.78
BGW-02,9,24,12.6,2.7,47.7,24.62
BGW-02,9,25,12.15,2.7,47.4,25.1
BGW-02,9,26,12.25,2.7,47.1,24.53
BGW-02,9,27,14.1,2.7,46.9,25.17
BGW-02,9,28,13.74,2.7,46.7,24.72
BGW-02,9,29,12.87,2.7,46.5,25.15
BGW-02,9,30,14.37,2.7,46.3,24.07
BGW-02,9,31,14.7,2.7,46.2,25.2
BGW-02,9,32,13.49,2.7,46.1,24.47
BGW-02,9,33,13.29,2.7,46.0,24.89
BGW-02,9,34,14.22,2.7,45.9,25.34
BGW-02,9,35,13.83,2.7,45.9,24.88
BGW-02,9,36,12.96,2.7,45.8,26.21
BGW-02,9,37,12.27,2.7,45.8,24.98
BGW-02,9,38,14.32,2.7,45.7,23.82
BGW-02,9,39,13.94,2.7,45.7,24.29
BGW-02,9,40,11.53,2.7,45.7,25.11
BGW-02,9,41,12.8,2.7,45.8,25.1
BGW-02,9,42,13.11,2.7,45.8,26.33
BGW-02,9,43,12.39,2.7,45.8,25.24
BGW-02,9,44,13.16,2.7,45.9,25.31
BGW-02,9,45,14.29,2.7,46.0,24.21
BGW-02,9,46,13.24,2.7,46.1,25.91
BGW-02,9,47,14.05,2.7,46.2,24.29
BGW-02,9,48,13.43,2.7,46.3,24.38
BGW-02,9,49,13.92,2.7,46.4,23.07
BGW-02,9,50,13.14,2.7,46.6,25.74
BGW-02,9,51,13.57,2.7,46.8,24.62
BGW-02,9,52,12.49,2.7,47.0,25.02
BGW-02,9,53,12.86,2.7,47.2,24.1
BGW-02,9,54,11.53,2.7,47.4,25.31
BGW-02,9,55,13.24,2.7,47.7,23.82
BGW-02,9,56,12.96,2.7,48.0,24.51
BGW-02,9,57,14.65,2.7,48.3,24.33
BGW-02,9,58,11.9,2.7,48.6,24.02
BGW-02,9,59,13.44,2.7,48.9,24.46
BGW-02,9,60,13.86,2.7,49.3,24.52
BGW-02,9,61,12.86,2.7,49.7,24.29
BGW-02,9,62,13.22,2.7,50.2,24.24
BGW-02,9,63,12.83,2.7,50.7,22.96
BGW-02,9,64,12.36,2.7,51.2,23.93
BGW-02,9,65,14.22,2.7,51.7,22.65
BGW-02,9,66,12.81,2.7,52.3,24.28
BGW-02,9,67,11.88,2.7,52.9,23.43
BGW-02,9,68,13.77,2.7,53.6,24.05
BGW-02,9,69,11.66,2.7,54.3,23.14
BGW-02,9,70,11.25,2.7,55.0,23.96
BGW-02,9,71,12.12,2.7,55.8,23.77
BGW-02,9,72,13.52,2.7,56.6,24.43
BGW-02,9,73,13.37,2.7,57.5,23.68
BGW-02,9,74,11.96,2.7,58.4,22.78
BGW-02,9,75,11.51,2.7,59.3,23.22
BGW-02,9,76,12.35,2.7,60.3,22.22
BGW-02,9,77,12.51,2.7,61.4,23.07
BGW-02,9,78,12.92,2.7,62.5,23.06
BGW-02,9,79,11.64,2.7,63.6,22.79
BGW-02,9,80,11.88,2.7,64.8,23.63
BGW-02,9,81,12.19,2.7,66.0,22.98
BGW-02,9,82,13.71,2.7,67.3,22.28
BGW-02,9,83,13.35,2.7,68.6,21.51
BGW-02,9,84,12.31,2.7,70.0,21.49
BGW-02,9,85,11.66,2.7,71.5,21.59
BGW-02,9,86,12.01,2.7,72.9,22.3
BGW-02,9,87,11.28,2.7,74.5,21.66
BGW-02,9,88,10.53,2.7,76.0,20.79
BGW-02,9,89,11.33,2.7,77.7,21.12
BGW-02,9,90,11.61,2.7,79.3,20.15
BGW-02,9,91,11.09,2.7,81.1,20.44
BGW-02,9,92,12.05,2.7,82.8,19.43
BGW-02,9,93,12.04,2.7,84.6,20.48
BGW-02,9,94,12.37,2.7,86.5,18.96
BGW-02,9,95,10.36,2.7,88.3,19.28
BGW-02,9,96,10.39,2.7,90.3,20.34
BGW-02,9,97,9.71,2.7,92.2,19.21
BGW-02,9,98,11.06,2.7,94.2,19.71
BGW-02,9,99,9.32,2.7,96.3,20.36
BGW-02,9,100,10.63,2.7,98.3,18.4
BGW-02,9,101,9.45,2.7,100.4,19.83
BGW-02,9,102,10.36,2.7,102.6,18.86
BGW-03,1,17,15.47,3.1,72.3,25.32
BGW-03,1,18,16.93,3.1,72.3,25.04
BGW-03,1,19,18.03,3.1,72.4,25.48
BGW-03,1,20,18.59,3.1,72.4,24.34
BGW-03,1,21,21.39,3.1,72.4,24.34
BGW-03,1,22,22.87,3.1,72.4,25.09
BGW-03,1,23,23.19,3.1,72.4,24.95
BGW-03,1,24,24.96,3.1,72.3,26.3
BGW-03,1,25,24.06,3.1,72.2,26.17
BGW-03,1,26,28.32,3.1,72.1,24.08
BGW-03,1,27,27.41,3.1,72.0,24.36
BGW-03,1,28,25.11,3.1,71.9,24.52
BGW-03,1,29,25.27,3.1,71.8,24.5
BGW-03,1,30,30.65,3.1,71.7,25.66
BGW-03,1,31,32.99,3.1,71.6,24.59
BGW-03,1,32,28.17,3.1,71.5,24.31
BGW-03,1,33,31.77,3.1,71.4,24.39
BGW-03,1,34,31.17,3.1,71.3,23.44
BGW-03,1,35,30.96,3.1,71.2,24.45
BGW-03,1,36,33.38,3.1,70.9,24.12
BGW-03,1,37,28.53,3.1,70.5,25.52
BGW-03,1,38,33.04,3.1,70.2,24.99
BGW-03,1,39,30.97,3.1,69.9,25.07
BGW-03,1,40,28.33,3.1,69.7,25.62
BGW-03,1,41,32.79,3.1,69.5,24.73
BGW-03,1,42,37.29,3.1,69.3,26.06
BGW-03,1,43,32.41,3.1,69.2,25.04
BGW-03,1,44,33.71,3.1,69.1,23.38
BGW-03,1,45,30.44,3.1,69.1,24.15
BGW-03,1,46,31.9,3.1,69.1,24.67
BGW-03,1,47,30.46,3.1,69.1,25.16
BGW-03,1,48,31.95,3.1,69.1,23.36
BGW-03,1,49,28.85,3.1,69.2,25.14
BGW-03,1,50,30.58,3.1,69.3,26.29
BGW-03,1,51,31.39,3.1,69.4,24.82
BGW-03,1,52,29.44,3.1,69.6,25.25
BGW-03,1,53,29.74,3.1,69.7,24.82
BGW-03,1,54,31.97,3.1,70.0,24.59
BGW-03,1,55,31.07,3.1,70.2,25.06
BGW-03,1,56,31.88,3.1,70.5,24.74
BGW-03,1,57,31.09,3.1,70.8,24.44
BGW-03,1,58,30.91,3.1,71.2,24.36
BGW-03,1,59,32.74,3.1,71.6,24.71
BGW-03,1,60,31.11,3.1,72.1,25.25
BGW-03,1,61,28.13,3.1,72.6,23.69
BGW-03,1,62,26.14,3.1,73.1,24.07
BGW-03,1,63,30.9,3.1,73.7,25.14
BGW-03,1,64,31.69,3.1,74.3,24.96
BGW-03,1,65,29.03,3.1,75.0,24.59
BGW-03,1,66,30.97,3.1,75.7,22.67
BGW-03,1,67,30.12,3.1,76.5,24.23
BGW-03,1,68,33.34,3.1,77.4,23.57
BGW-03,1,69,28.38,3.1,78.3,24.0
BGW-03,1,70,31.52,3.1,79.3,23.34
BGW-03,1,71,31.52,3.1,80.4,24.47
BGW-03,1,72,31.49,3.1,81.5,23.08
BGW-03,1,73,30.0,3.1,82.7,24.5
BGW-03,1,74,28.47,3.1,83.9,24.62
BGW-03,1,75,28.87,3.1,85.3,23.35
BGW-03,1,76,33.41,3.1,86.7,22.84
BGW-03,1,77,27.88,3.1,88.2,24.14
BGW-03,1,78,31.67,3.1,89.8,23.25
BGW-03,1,79,30.01,3.1,91.5,24.0
BGW-03,1,80,28.95,3.1,93.3,22.64
BGW-03,1,81,29.86,3.1,95.2,23.48
BGW-03,1,82,27.51,3.1,97.1,23.11
BGW-03,1,83,27.29,3.1,99.2,22.4
BGW-03,1,84,30.41,3.1,101.4,22.11
BGW-03,1,85,28.68,3.1,103.6,22.14
BGW-03,1,86,30.34,3.1,106.0,21.39
BGW-03,1,87,30.16,3.1,108.5,21.19
BGW-03,1,88,31.77,3.1,111.1,20.83
BGW-03,1,89,30.79,3.1,113.8,21.28
BGW-03,1,90,28.01,3.1,116.6,20.62
BGW-03,1,91,30.34,3.1,119.5,20.73
BGW-03,1,92,25.88,3.1,122.5,21.02
BGW-03,1,93,27.11,3.1,125.7,19.94
BGW-03,1,94,27.93,3.1,128.9,20.48
BGW-03,1,95,31.72,3.1,132.3,19.74
BGW-03,1,96,27.21,3.1,135.8,20.5
BGW-03,1,97,29.76,3.1,139.4,19.1
BGW-03,1,98,28.71,3.1,143.1,18.55
BGW-03,1,99,26.84,3.1,146.9,19.29
BGW-03,1,100,27.67,3.1,150.8,18.62
BGW-03,1,101,26.2,3.1,154.8,18.71
BGW-03,1,102,27.3,3.1,159.0,17.98
BGW-03,1,103,23.68,3.1,163.2,17.07
BGW-03,1,104,27.27,3.1,167.6,18.08
BGW-03,1,105,27.69,3.1,172.0,17.9
BGW-03,1,106,27.33,3.1,176.6,17.13
BGW-03,1,107,24.73,3.1,181.2,17.02
BGW-03,1,108,23.72,3.1,186.0,16.18
BGW-03,1,109,23.13,3.1,190.8,15.0
BGW-03,1,110,23.87,3.1,195.8,15.13
BGW-03,1,111,22.51,3.1,200.8,15.3
BGW-03,1,112,23.1,3.1,205.9,14.97
BGW-03,1,113,22.91,3.1,211.1,14.67
BGW-03,1,114,21.41,3.1,216.3,13.34
BGW-03,1,115,23.12,3.1,221.6,13.22
BGW-03,1,116,25.99,3.1,227.0,12.7
BGW-03,1,117,23.11,3.1,232.5,12.2
BGW-03,1,118,22.41,3.1,238.0,12.1
BGW-03,1,119,21.41,3.1,243.6,11.86
BGW-03,1,120,20.26,3.1,249.3,10.85
BGW-03,1,121,21.47,3.1,254.9,10.6
BGW-03,1,122,19.61,3.1,260.7,10.73
BGW-03,1,123,21.02,3.1,266.4,9.88
BGW-03,1,124,21.87,3.1,272.3,9.95
BGW-03,1,125,23.84,3.1,278.1,9.27
BGW-03,1,126,21.26,3.1,284.0,8.98
BGW-03,1,127,21.3,3.1,289.9,8.48
BGW-03,1,128,20.17,3.1,295.8,7.89
BGW-03,1,129,19.13,3.1,301.7,7.13
BGW-03,1,130,20.65,3.1,307.7,6.98
BGW-03,1,131,19.7,3.1,313.6,6.45
BGW-03,1,132,20.75,3.1,319.6,5.99
BGW-03,1,133,18.35,3.1,325.5,5.65
BGW-03,1,134,19.81,3.1,331.5,5.23
BGW-03,1,135,19.53,3.1,337.4,4.73
BGW-03,1,136,19.69,3.1,343.4,4.48
BGW-03,1,137,18.78,3.1,349.3,4.06
BGW-03,1,138,16.9,3.1,355.2,3.39
BGW-03,1,139,16.8,3.1,361.1,3.11
BGW-03,1,140,17.62,3.1,366.9,2.44
BGW-03,1,141,16.91,3.1,372.8,2.13
BGW-03,1,142,15.46,3.1,378.6,1.77
BGW-03,1,143,17.01,3.1,384.4,1.35
BGW-03,1,144,17.47,3.1,390.1,0.88
BGW-03,1,145,15.43,3.1,395.8,0.47
BGW-03,1,146,16.57,3.1,401.4,0.06
BGW-03,1,147,18.3,3.1,407.1,0.0
BGW-03,1,148,16.68,3.1,412.6,0.0
BGW-03,1,149,16.36,3.1,418.1,0.0
BGW-03,2,14,19.01,4.4,90.7,26.38
BGW-03,2,15,22.61,4.4,90.7,27.16
BGW-03,2,16,26.88,4.4,90.8,26.06
BGW-03,2,17,27.9,4.4,90.8,26.12
BGW-03,2,18,30.72,4.4,88.6,24.75
BGW-03,2,19,27.75,4.4,85.4,25.53
BGW-03,2,20,31.29,4.4,82.7,25.58
BGW-03,2,21,29.55,4.4,80.5,25.67
BGW-03,2,22,27.39,4.4,78.6,23.89
BGW-03,2,23,32.8,4.4,77.0,26.67
BGW-03,2,24,36.58,4.4,75.6,25.13
BGW-03,2,25,28.02,4.4,74.5,24.89
BGW-03,2,26,28.82,4.4,73.5,26.1
BGW-03,2,27,27.93,4.4,72.6,25.72
BGW-03,2,28,31.99,4.4,71.9,22.8
BGW-03,2,29,27.46,4.4,71.2,23.68
BGW-03,2,30,29.11,4.4,70.7,25.3
BGW-03,2,31,28.86,4.4,70.2,25.0
BGW-03,2,32,28.22,4.4,69.8,26.05
BGW-03,2,33,33.16,4.4,69.5,25.13
BGW-03,2,34,30.58,4.4,69.3,25.58
BGW-03,2,35,29.39,4.4,69.1,25.22
BGW-03,2,36,29.35,4.4,68.9,24.66
BGW-03,2,37,30.38,4.4,68.9,25.97
BGW-03,2,38,31.8,4.4,68.8,24.47
BGW-03,2,39,29.1,4.4,68.8,24.58
BGW-03,2,40,30.11,4.4,68.9,25.51
BGW-03,2,41,28.3,4.4,69.0,25.37
BGW-03,2,42,31.27,4.4,69.2,24.33
BGW-03,2,43,25.91,4.4,69.4,24.37
BGW-03,2,44,33.29,4.4,69.7,25.11
BGW-03,2,45,29.22,4.4,70.0,25.75
BGW-03,2,46,31.36,4.4,70.4,24.4
BGW-03,2,47,30.8,4.4,70.8,25.67
BGW-03,2,48,29.17,4.4,71.3,23.96
BGW-03,2,49,28.28,4.4,71.9,25.45
BGW-03,2,50,28.41,4.4,72.5,24.29
BGW-03,2,51,28.07,4.4,73.2,24.13
BGW-03,2,52,31.21,4.4,74.0,24.15
BGW-03,2,53,27.63,4.4,74.8,25.51
BGW-03,2,54,29.28,4.4,75.8,24.03
BGW-03,2,55,28.08,4.4,76.8,24.32
BGW-03,2,56,30.34,4.4,77.9,24.29
BGW-03,2,57,29.07,4.4,79.1,24.07
BGW-03,2,58,24.86,4.4,80.4,24.2
BGW-03,2,59,28.66,4.4,81.9,24.7
BGW-03,2,60,30.52,4.4,83.4,24.86
BGW-03,2,61,29.09,4.4,85.1,25.21
BGW-03,2,62,29.51,4.4,86.9,24.18
BGW-03,2,63,26.38,4.4,88.8,24.57
BGW-03,2,64,33.46,4.4,90.9,24.54
BGW-03,2,65,30.43,4.4,93.1,23.45
BGW-03,2,66,32.6,4.4,95.5,22.68
BGW-03,2,67,32.24,4.4,98.0,22.76
BGW-03,2,68,30.75,4.4,100.7,23.86
BGW-03,2,69,27.68,4.4,103.6,23.68
BGW-03,2,70,29.53,4.4,106.6,21.42
BGW-03,2,71,30.38,4.4,109.9,21.35
BGW-03,2,72,29.7,4.4,113.3,21.66
BGW-03,2,73,28.78,4.4,116.9,22.24
BGW-03,2,74,27.07,4.4,120.8,22.46
BGW-03,2,75,29.03,4.4,124.8,22.52
BGW-03,2,76,28.51,4.4,129.1,21.68
BGW-03,2,77,26.9,4.4,133.6,21.74
BGW-03,2,78,29.57,4.4,138.3,22.74
BGW-03,2,79,27.17,4.4,143.2,21.4
BGW-03,2,80,28.0,4.4,148.4,20.24
BGW-03,2,81,27.54,4.4,153.8,19.97
BGW-03,2,82,29.29,4.4,159.5,20.59
BGW-03,2,83,26.43,4.4,165.4,20.26
BGW-03,2,84,27.22,4.4,171.6,18.84
BGW-03,2,85,26.44,4.4,178.0,17.78
BGW-03,2,86,25.74,4.4,184.7,18.03
BGW-03,2,87,26.32,4.4,191.6,18.81
BGW-03,2,88,25.12,4.4,198.8,18.58
BGW-03,2,89,25.49,4.4,206.2,17.11
BGW-03,2,90,25.32,4.4,213.9,16.82
BGW-03,2,91,24.76,4.4,221.9,17.14
BGW-03,2,92,24.41,4.4,230.1,15.32
BGW-03,2,93,24.0,4.4,238.5,15.65
BGW-03,2,94,27.07,4.4,247.2,15.61
BGW-03,2,95,23.19,4.4,256.2,14.25
BGW-03,2,96,23.89,4.4,265.3,14.58
BGW-03,2,97,25.55,4.4,274.7,14.3
BGW-03,2,98,24.68,4.4,284.4,12.48
BGW-03,2,99,21.73,4.4,294.2,12.9
BGW-03,2,100,23.19,4.4,304.3,12.77
BGW-03,2,101,23.21,4.4,314.6,12.09
BGW-03,2,102,24.58,4.4,325.1,10.67
BGW-03,2,103,21.39,4.4,335.8,11.06
BGW-03,2,104,23.4,4.4,346.7,10.63
BGW-03,2,105,22.89,4.4,357.8,9.85
BGW-03,2,106,24.04,4.4,369.0,9.08
BGW-03,2,107,21.32,4.4,380.5,8.25
BGW-03,2,108,19.53,4.4,392.0,7.5
BGW-03,2,109,23.57,4.4,403.8,7.56
BGW-03,2,110,21.0,4.4,415.6,6.53
BGW-03,2,111,21.27,4.4,427.6,6.28
BGW-03,2,112,23.73,4.4,439.7,5.72
BGW-03,2,113,23.83,4.4,451.9,4.74
BGW-03,2,114,20.69,4.4,464.3,4.17
BGW-03,2,115,18.6,4.4,476.7,3.41
BGW-03,2,116,18.87,4.4,489.2,2.94
BGW-03,2,117,20.83,4.4,501.8,2.2
BGW-03,2,118,22.48,4.4,514.4,1.65
BGW-03,2,119,18.35,4.4,527.1,1.02
BGW-03,2,120,17.5,4.4,539.8,0.36
BGW-03,2,121,19.47,4.4,552.6,0.0
BGW-03,2,122,19.84,4.4,565.4,0.0
BGW-03,2,123,17.57,4.4,578.2,0.0
BGW-03,2,124,19.05,4.4,591.0,0.0
BGW-03,2,125,16.29,4.4,603.8,0.0
BGW-03,2,126,19.01,4.4,616.6,0.0
BGW-03,2,127,17.92,4.4,629.3,0.0
BGW-03,2,128,17.98,4.4,642.1,0.0
BGW-03,2,129,19.02,4.4,654.8,0.0
BGW-03,2,130,18.16,4.4,667.4,0.0
BGW-03,2,131,17.23,4.4,680.0,0.0
BGW-03,2,132,19.05,4.4,692.6,0.0
BGW-03,2,133,16.19,4.4,705.1,0.0
BGW-03,2,134,16.09,4.4,717.5,0.0
BGW-03,2,135,17.47,4.4,729.8,0.0
BGW-03,2,136,16.94,4.4,742.0,0.0
BGW-03,2,137,16.39,4.4,754.2,0.0
BGW-03,2,138,16.34,4.4,766.2,0.0
BGW-03,2,139,15.72,4.4,778.1,0.0
BGW-03,2,140,14.49,4.4,790.0,0.0
BGW-03,2,141,18.09,4.4,801.7,0.0
BGW-03,2,142,15.4,4.4,813.3,0.0
BGW-03,2,143,16.03,4.4,824.8,0.0
BGW-03,2,144,14.45,4.4,836.1,0.0
BGW-03,2,145,14.57,4.4,847.4,0.0
BGW-03,2,146,14.12,4.4,858.5,0.0
BGW-03,2,147,15.24,4.4,869.4,0.0
BGW-03,2,148,14.22,4.4,880.2,0.0
BGW-03,2,149,14.86,4.4,890.9,0.0
BGW-03,3,11,15.97,3.2,73.8,25.56
BGW-03,3,12,17.1,3.2,73.8,24.78
BGW-03,3,13,20.14,3.2,73.8,24.47
BGW-03,3,14,22.21,3.2,73.8,24.91
BGW-03,3,15,23.19,3.2,73.8,25.06
BGW-03,3,16,23.06,3.2,73.7,25.11
BGW-03,3,17,25.08,3.2,73.6,24.14
BGW-03,3,18,23.78,3.2,73.4,25.08
BGW-03,3,19,24.03,3.2,73.3,25.8
BGW-03,3,20,26.73,3.2,73.2,25.83
BGW-03,3,21,28.9,3.2,73.0,25.72
BGW-03,3,22,30.89,3.2,72.9,24.44
BGW-03,3,23,27.44,3.2,72.8,24.02
BGW-03,3,24,31.77,3.2,72.7,24.57
BGW-03,3,25,29.6,3.2,72.6,25.1
BGW-03,3,26,34.1,3.2,72.3,23.8
BGW-03,3,27,29.09,3.2,71.7,24.67
BGW-03,3,28,29.21,3.2,71.3,23.81
BGW-03,3,29,29.8,3.2,70.8,25.7
BGW-03,3,30,30.3,3.2,70.5,23.32
BGW-03,3,31,34.02,3.2,70.2,25.25
BGW-03,3,32,36.46,3.2,70.0,24.35
BGW-03,3,33,28.26,3.2,69.8,26.41
BGW-03,3,34,27.77,3.2,69.7,25.2
BGW-03,3,35,27.37,3.2,69.7,24.9
BGW-03,3,36,30.46,3.2,69.7,23.95
BGW-03,3,37,31.07,3.2,69.7,24.2
BGW-03,3,38,31.12,3.2,69.8,24.84
BGW-03,3,39,31.18,3.2,70.0,24.48
BGW-03,3,40,28.82,3.2,70.2,24.18
BGW-03,3,41,27.74,3.2,70.4,25.28
BGW-03,3,42,33.75,3.2,70.8,25.19
BGW-03,3,43,30.1,3.2,71.2,24.89
BGW-03,3,44,28.89,3.2,71.6,24.28
BGW-03,3,45,27.39,3.2,72.1,24.64
BGW-03,3,46,32.79,3.2,72.7,24.48
BGW-03,3,47,27.49,3.2,73.3,24.57
BGW-03,3,48,31.31,3.2,74.1,25.19
BGW-03,3,49,27.89,3.2,74.9,25.19
BGW-03,3,50,31.83,3.2,75.8,24.3
BGW-03,3,51,27.82,3.2,76.8,23.37
BGW-03,3,52,31.62,3.2,77.9,23.12
BGW-03,3,53,25.87,3.2,79.1,23.99
BGW-03,3,54,30.59,3.2,80.3,23.45
BGW-03,3,55,28.83,3.2,81.7,23.03
BGW-03,3,56,32.74,3.2,83.3,23.83
BGW-03,3,57,33.8,3.2,84.9,23.38
BGW-03,3,58,34.33,3.2,86.7,24.11
BGW-03,3,59,30.58,3.2,88.6,22.92
BGW-03,3,60,30.8,3.2,90.6,22.37
BGW-03,3,61,31.12,3.2,92.8,22.55
BGW-03,3,62,29.76,3.2,95.1,21.81
BGW-03,3,63,28.43,3.2,97.5,23.24
BGW-03,3,64,29.5,3.2,100.2,22.06
BGW-03,3,65,25.74,3.2,102.9,23.12
BGW-03,3,66,29.18,3.2,105.9,22.44
BGW-03,3,67,30.68,3.2,109.0,21.13
BGW-03,3,68,28.37,3.2,112.3,20.85
BGW-03,3,69,26.9,3.2,115.7,20.35
BGW-03,3,70,26.86,3.2,119.4,21.38
BGW-03,3,71,27.96,3.2,123.2,21.73
BGW-03,3,72,29.12,3.2,127.1,20.52
BGW-03,3,73,26.71,3.2,131.3,20.84
BGW-03,3,74,29.87,3.2,135.6,18.98
BGW-03,3,75,27.59,3.2,140.1,19.61
BGW-03,3,76,27.33,3.2,144.8,18.05
BGW-03,3,77,28.56,3.2,149.7,19.12
BGW-03,3,78,26.19,3.2,154.8,18.78
BGW-03,3,79,22.65,3.2,160.0,18.52
BGW-03,3,80,27.97,3.2,165.4,18.01
BGW-03,3,81,27.93,3.2,170.9,15.7
BGW-03,3,82,24.84,3.2,176.7,17.47
BGW-03,3,83,25.5,3.2,182.5,16.85
BGW-03,3,84,25.02,3.2,188.6,16.99
BGW-03,3,85,25.2,3.2,194.8,16.35
BGW-03,3,86,26.26,3.2,201.1,14.81
BGW-03,3,87,23.58,3.2,207.6,14.72
BGW-03,3,88,27.17,3.2,214.2,14.87
BGW-03,3,89,23.92,3.2,220.9,13.88
BGW-03,3,90,24.62,3.2,227.8,13.26
BGW-03,3,91,24.2,3.2,234.7,11.79
BGW-03,3,92,24.97,3.2,241.8,12.89
BGW-03,3,93,24.71,3.2,249.0,12.34
BGW-03,3,94,20.44,3.2,256.2,10.71
BGW-03,3,95,24.12,3.2,263.6,10.93
BGW-03,3,96,22.55,3.2,271.0,9.67
BGW-03,3,97,23.45,3.2,278.5,9.61
BGW-03,3,98,20.82,3.2,286.1,8.63
BGW-03,3,99,19.37,3.2,293.7,8.26
BGW-03,3,100,20.21,3.2,301.3,8.19
BGW-03,3,101,23.06,3.2,309.0,7.47
BGW-03,3,102,19.77,3.2,316.7,7.12
BGW-03,3,103,19.4,3.2,324.4,6.47
BGW-03,3,104,20.03,3.2,332.2,5.73
BGW-03,3,105,21.04,3.2,339.9,5.3
BGW-03,3,106,20.28,3.2,347.6,5.07
BGW-03,3,107,19.51,3.2,355.4,4.0
BGW-03,3,108,18.83,3.2,363.1,3.66
BGW-03,3,109,19.53,3.2,370.8,3.31
BGW-03,3,110,17.36,3.2,378.5,2.56
BGW-03,3,111,18.62,3.2,386.1,2.0
BGW-03,3,112,18.39,3.2,393.7,1.54
BGW-03,3,113,18.55,3.2,401.2,0.96
BGW-03,3,114,19.42,3.2,408.7,0.45
BGW-03,3,115,17.14,3.2,416.1,0.0
BGW-03,3,116,18.74,3.2,423.5,0.0
BGW-03,3,117,16.81,3.2,430.8,0.0
BGW-03,3,118,19.08,3.2,438.0,0.0
BGW-03,3,119,18.37,3.2,445.2,0.0
BGW-03,3,120,16.32,3.2,452.2,0.0
BGW-03,3,121,18.2,3.2,459.2,0.0
BGW-03,3,122,16.53,3.2,466.1,0.0
BGW-03,3,123,17.58,3.2,472.9,0.0
BGW-03,3,124,15.56,3.2,479.6,0.0
BGW-03,3,125,15.15,3.2,486.2,0.0
BGW-03,3,126,16.84,3.2,492.8,0.0
BGW-03,3,127,17.29,3.2,499.2,0.0
BGW-03,3,128,17.19,3.2,505.5,0.0
BGW-03,3,129,15.41,3.2,511.7,0.0
BGW-03,3,130,15.67,3.2,517.8,0.0
BGW-03,3,131,14.01,3.2,523.8,0.0
BGW-03,3,132,17.87,3.2,529.7,0.0
BGW-03,3,133,14.78,3.2,535.5,0.0
BGW-03,3,134,14.44,3.2,541.2,0.0
BGW-03,3,135,14.63,3.2,546.8,0.0
BGW-03,3,136,14.33,3.2,552.3,0.0
BGW-03,3,137,14.04,3.2,557.6,0.0
BGW-03,3,138,14.29,3.2,562.9,0.0
BGW-03,3,139,15.84,3.2,568.0,0.0
BGW-03,3,140,14.6,3.2,573.0,0.0
BGW-03,3,141,13.92,3.2,578.0,0.0
BGW-03,3,142,14.02,3.2,582.8,0.0
BGW-03,3,143,13.82,3.2,587.5,0.0
BGW-03,3,144,15.25,3.2,592.1,0.0
BGW-03,3,145,14.3,3.2,596.6,0.0
BGW-03,3,146,12.94,3.2,601.0,0.0
BGW-03,3,147,13.27,3.2,605.3,0.0
BGW-03,3,148,13.94,3.2,609.5,0.0
BGW-03,3,149,13.84,3.2,613.6,0.0
BGW-03,4,15,17.74,3.2,73.8,24.84
BGW-03,4,16,17.38,3.2,73.8,23.98
BGW-03,4,17,18.77,3.2,73.8,23.48
BGW-03,4,18,22.32,3.2,73.8,22.55
BGW-03,4,19,22.79,3.2,73.8,24.49
BGW-03,4,20,21.51,3.2,73.8,25.46
BGW-03,4,21,24.86,3.2,73.7,25.24
BGW-03,4,22,25.83,3.2,73.5,24.77
BGW-03,4,23,25.2,3.2,72.1,23.69
BGW-03,4,24,26.43,3.2,70.7,24.75
BGW-03,4,25,27.67,3.2,69.6,23.96
BGW-03,4,26,27.29,3.2,68.6,24.63
BGW-03,4,27,25.55,3.2,67.7,24.7
BGW-03,4,28,24.76,3.2,67.0,24.51
BGW-03,4,29,30.08,3.2,66.4,25.61
BGW-03,4,30,24.17,3.2,65.8,25.52
BGW-03,4,31,25.8,3.2,65.3,25.03
BGW-03,4,32,24.44,3.2,64.9,25.68
BGW-03,4,33,28.25,3.2,64.6,24.06
BGW-03,4,34,26.59,3.2,64.3,25.49
BGW-03,4,35,28.99,3.2,64.0,24.04
BGW-03,4,36,26.58,3.2,63.8,25.06
BGW-03,4,37,23.8,3.2,63.7,24.76
BGW-03,4,38,26.16,3.2,63.5,25.52
BGW-03,4,39,25.36,3.2,63.5,25.33
BGW-03,4,40,26.68,3.2,63.4,24.86
BGW-03,4,41,27.9,3.2,63.4,25.41
BGW-03,4,42,27.75,3.2,63.5,25.7
BGW-03,4,43,27.8,3.2,63.5,25.37
BGW-03,4,44,24.22,3.2,63.7,25.45
BGW-03,4,45,26.49,3.2,63.8,24.9
BGW-03,4,46,24.86,3.2,64.0,24.34
BGW-03,4,47,26.37,3.2,64.2,24.13
BGW-03,4,48,27.76,3.2,64.5,23.18
BGW-03,4,49,23.8,3.2,64.8,25.54
BGW-03,4,50,24.24,3.2,65.2,23.55
BGW-03,4,51,25.23,3.2,65.6,23.8
BGW-03,4,52,27.89,3.2,66.1,25.01
BGW-03,4,53,24.33,3.2,66.6,24.22
BGW-03,4,54,26.39,3.2,67.2,24.64
BGW-03,4,55,26.18,3.2,67.8,24.0
BGW-03,4,56,24.25,3.2,68.5,24.49
BGW-03,4,57,24.81,3.2,69.3,24.6
BGW-03,4,58,28.68,3.2,70.1,24.29
BGW-03,4,59,24.65,3.2,71.0,25.36
BGW-03,4,60,26.04,3.2,72.0,24.16
BGW-03,4,61,28.36,3.2,73.0,24.4
BGW-03,4,62,25.17,3.2,74.2,23.21
BGW-03,4,63,26.54,3.2,75.4,25.57
BGW-03,4,64,23.18,3.2,76.7,22.94
BGW-03,4,65,26.37,3.2,78.1,24.81
BGW-03,4,66,27.87,3.2,79.6,23.53
BGW-03,4,67,26.18,3.2,81.2,23.92
BGW-03,4,68,24.7,3.2,83.0,21.95
BGW-03,4,69,26.87,3.2,84.8,23.07
BGW-03,4,70,22.64,3.2,86.7,22.68
BGW-03,4,71,24.99,3.2,88.8,22.12
BGW-03,4,72,24.11,3.2,91.0,23.23
BGW-03,4,73,25.58,3.2,93.3,23.04
BGW-03,4,74,24.11,3.2,95.7,23.59
BGW-03,4,75,26.48,3.2,98.3,21.33
BGW-03,4,76,23.43,3.2,101.0,21.99
BGW-03,4,77,21.72,3.2,103.8,22.08
BGW-03,4,78,23.87,3.2,106.8,21.58
BGW-03,4,79,25.46,3.2,109.9,21.34
BGW-03,4,80,22.87,3.2,113.1,20.97
BGW-03,4,81,22.93,3.2,116.5,20.44
BGW-03,4,82,24.76,3.2,120.1,19.41
BGW-03,4,83,24.32,3.2,123.7,20.43
BGW-03,4,84,23.6,3.2,127.6,20.08
BGW-03,4,85,23.49,3.2,131.6,19.53
BGW-03,4,86,22.36,3.2,135.7,19.56
BGW-03,4,87,21.32,3.2,140.0,18.94
BGW-03,4,88,21.24,3.2,144.4,19.51
BGW-03,4,89,23.14,3.2,148.9,18.74
BGW-03,4,90,22.85,3.2,153.6,18.58
BGW-03,4,91,23.5,3.2,158.5,18.85
BGW-03,4,92,22.53,3.2,163.5,17.36
BGW-03,4,93,22.53,3.2,168.6,17.36
BGW-03,4,94,22.31,3.2,173.8,16.48
BGW-03,4,95,23.82,3.2,179.2,16.52
BGW-03,4,96,20.99,3.2,184.7,15.73
BGW-03,4,97,24.3,3.2,190.4,15.34
BGW-03,4,98,19.34,3.2,196.1,14.74
BGW-03,4,99,21.67,3.2,202.0,14.61
BGW-03,4,100,20.26,3.2,207.9,14.68
BGW-03,4,101,19.96,3.2,214.0,13.98
BGW-03,4,102,19.64,3.2,220.2,14.08
BGW-03,4,103,19.68,3.2,226.5,13.12
BGW-03,4,104,21.91,3.2,232.8,12.77
BGW-03,4,105,19.84,3.2,239.3,12.27
BGW-03,4,106,20.38,3.2,245.8,11.89
BGW-03,4,107,20.19,3.2,252.4,10.65
BGW-03,4,108,18.64,3.2,259.1,10.52
BGW-03,4,109,19.88,3.2,265.8,9.72
BGW-03,4,110,20.33,3.2,272.6,9.77
BGW-03,4,111,18.45,3.2,279.5,9.7
BGW-03,4,112,18.09,3.2,286.3,8.63
BGW-03,4,113,17.88,3.2,293.3,8.33
BGW-03,4,114,15.77,3.2,300.2,8.05
BGW-03,4,115,18.83,3.2,307.2,7.26
BGW-03,4,116,16.89,3.2,314.2,7.2
BGW-03,4,117,18.29,3.2,321.2,5.87
BGW-03,4,118,17.6,3.2,328.2,5.77
BGW-03,4,119,15.81,3.2,335.3,5.47
BGW-03,4,120,17.32,3.2,342.3,4.78
BGW-03,4,121,16.45,3.2,349.3,4.59
BGW-03,4,122,14.85,3.2,356.3,3.85
BGW-03,4,123,16.21,3.2,363.3,3.31
BGW-03,4,124,15.42,3.2,370.3,2.9
BGW-03,4,125,17.02,3.2,377.2,2.43
BGW-03,4,126,16.59,3.2,384.1,1.87
BGW-03,4,127,16.36,3.2,391.0,1.41
BGW-03,4,128,13.49,3.2,397.8,0.98
BGW-03,4,129,15.58,3.2,404.6,0.44
BGW-03,4,130,14.85,3.2,411.4,0.0
BGW-03,4,131,15.69,3.2,418.1,0.0
BGW-03,4,132,14.7,3.2,424.7,0.0
BGW-03,4,133,14.24,3.2,431.3,0.0
BGW-03,4,134,13.6,3.2,437.8,0.0
BGW-03,4,135,13.45,3.2,444.2,0.0
BGW-03,4,136,14.8,3.2,450.6,0.0
BGW-03,4,137,16.07,3.2,457.0,0.0
BGW-03,4,138,13.15,3.2,463.2,0.0
BGW-03,4,139,12.74,3.2,469.4,0.0
BGW-03,4,140,13.18,3.2,475.5,0.0
BGW-03,4,141,13.99,3.2,481.5,0.0
BGW-03,4,142,11.86,3.2,487.4,0.0
BGW-03,4,143,12.67,3.2,493.3,0.0
BGW-03,4,144,12.89,3.2,499.0,0.0
BGW-03,4,145,12.94,3.2,504.7,0.0
BGW-03,4,146,11.82,3.2,510.3,0.0
BGW-03,4,147,13.63,3.2,515.8,0.0
BGW-03,4,148,11.98,3.2,521.3,0.0
BGW-03,4,149,12.11,3.2,526.6,0.0
BGW-03,5,14,12.84,2.7,62.1,24.94
BGW-03,5,15,14.36,2.7,62.2,25.8
BGW-03,5,16,15.03,2.7,62.2,25.01
BGW-03,5,17,15.23,2.7,62.2,24.93
BGW-03,5,18,17.52,2.7,62.2,24.61
BGW-03,5,19,18.87,2.7,62.1,26.66
BGW-03,5,20,20.38,2.7,62.0,24.49
BGW-03,5,21,18.91,2.7,61.9,24.19
BGW-03,5,22,20.88,2.7,61.8,25.02
BGW-03,5,23,19.94,2.7,61.7,25.56
BGW-03,5,24,25.79,2.7,61.6,25.41
BGW-03,5,25,23.16,2.7,61.5,24.59
BGW-03,5,26,20.58,2.7,61.4,23.9
BGW-03,5,27,23.11,2.7,61.3,25.23
BGW-03,5,28,24.31,2.7,61.2,24.31
BGW-03,5,29,24.27,2.7,61.1,25.57
BGW-03,5,30,23.82,2.7,61.0,25.42
BGW-03,5,31,21.34,2.7,60.9,25.96
BGW-03,5,32,22.95,2.7,60.9,26.14
BGW-03,5,33,25.15,2.7,60.8,25.87
BGW-03,5,34,23.79,2.7,60.6,24.43
BGW-03,5,35,23.0,2.7,60.4,24.99
BGW-03,5,36,25.75,2.7,60.2,23.18
BGW-03,5,37,23.64,2.7,60.0,24.91
BGW-03,5,38,23.23,2.7,59.9,24.79
BGW-03,5,39,24.83,2.7,59.8,25.28
BGW-03,5,40,22.39,2.7,59.8,24.63
BGW-03,5,41,26.76,2.7,59.7,24.37
BGW-03,5,42,22.46,2.7,59.7,23.55
BGW-03,5,43,23.38,2.7,59.8,23.83
BGW-03,5,44,23.51,2.7,59.8,25.22
BGW-03,5,45,25.57,2.7,59.9,25.1
BGW-03,5,46,23.45,2.7,60.1,23.22
BGW-03,5,47,23.17,2.7,60.2,24.55
BGW-03,5,48,25.62,2.7,60.4,24.04
BGW-03,5,49,23.36,2.7,60.6,24.47
BGW-03,5,50,23.23,2.7,60.9,25.34
BGW-03,5,51,23.52,2.7,61.1,24.61
BGW-03,5,52,25.72,2.7,61.5,25.24
BGW-03,5,53,26.05,2.7,61.8,23.57
BGW-03,5,54,22.72,2.7,62.2,24.86
BGW-03,5,55,23.84,2.7,62.7,25.24
BGW-03,5,56,24.89,2.7,63.1,23.46
BGW-03,5,57,23.69,2.7,63.7,24.19
BGW-03,5,58,26.48,2.7,64.3,25.0
BGW-03,5,59,21.68,2.7,64.9,23.62
BGW-03,5,60,22.74,2.7,65.6,23.57
BGW-03,5,61,25.11,2.7,66.3,23.77
BGW-03,5,62,22.5,2.7,67.1,24.35
BGW-03,5,63,24.53,2.7,68.0,24.08
BGW-03,5,64,23.45,2.7,68.9,24.46
BGW-03,5,65,25.98,2.7,69.9,24.43
BGW-03,5,66,22.46,2.7,70.9,23.93
BGW-03,5,67,24.8,2.7,72.0,23.29
BGW-03,5,68,24.26,2.7,73.2,24.07
BGW-03,5,69,20.58,2.7,74.5,22.32
BGW-03,5,70,21.17,2.7,75.8,21.56
BGW-03,5,71,21.56,2.7,77.2,22.45
BGW-03,5,72,20.65,2.7,78.7,22.96
BGW-03,5,73,23.59,2.7,80.3,21.64
BGW-03,5,74,19.29,2.7,82.0,22.18
BGW-03,5,75,25.41,2.7,83.7,23.89
BGW-03,5,76,22.44,2.7,85.5,22.27
BGW-03,5,77,20.45,2.7,87.4,20.77
BGW-03,5,78,24.21,2.7,89.4,20.53
BGW-03,5,79,21.99,2.7,91.5,22.06
BGW-03,5,80,21.53,2.7,93.7,21.0
BGW-03,5,81,20.59,2.7,95.9,20.78
BGW-03,5,82,23.83,2.7,98.3,20.33
BGW-03,5,83,20.8,2.7,100.7,20.44
BGW-03,5,84,24.05,2.7,103.2,20.61
BGW-03,5,85,20.39,2.7,105.8,19.61
BGW-03,5,86,19.71,2.7,108.5,20.78
BGW-03,5,87,20.28,2.7,111.2,18.28
BGW-03,5,88,19.3,2.7,114.1,19.33
BGW-03,5,89,20.56,2.7,117.0,18.66
BGW-03,5,90,21.55,2.7,120.0,19.51
BGW-03,5,91,19.91,2.7,123.1,18.46
BGW-03,5,92,18.48,2.7,126.2,17.47
BGW-03,5,93,22.09,2.7,129.5,17.23
BGW-03,5,94,18.07,2.7,132.8,17.53
BGW-03,5,95,20.48,2.7,136.1,17.22
BGW-03,5,96,18.73,2.7,139.5,17.16
BGW-03,5,97,16.78,2.7,143.0,16.94
BGW-03,5,98,17.02,2.7,146.6,17.69
BGW-03,5,99,18.24,2.7,150.2,15.71
BGW-03,5,100,18.74,2.7,153.8,15.81
BGW-03,5,101,20.13,2.7,157.5,16.16
BGW-03,5,102,17.1,2.7,161.2,14.69
BGW-03,5,103,16.94,2.7,165.0,14.23
BGW-03,5,104,15.35,2.7,168.8,13.39
BGW-03,5,105,17.7,2.7,172.7,13.1
BGW-03,5,106,15.02,2.7,176.6,13.48
BGW-03,5,107,18.14,2.7,180.5,12.7
BGW-03,5,108,16.87,2.7,184.4,12.64
BGW-03,5,109,15.22,2.7,188.3,12.39
BGW-03,5,110,15.79,2.7,192.3,11.74
BGW-03,5,111,16.49,2.7,196.3,12.09
BGW-03,5,112,15.15,2.7,200.2,10.8
BGW-03,5,113,15.32,2.7,204.2,10.09
BGW-03,5,114,15.2,2.7,208.2,9.94
BGW-03,5,115,14.9,2.7,212.2,9.51
BGW-03,5,116,15.55,2.7,216.2,9.44
BGW-03,5,117,14.39,2.7,220.1,8.62
BGW-03,5,118,14.39,2.7,224.1,8.56
BGW-03,5,119,13.35,2.7,228.0,7.89
BGW-03,5,120,13.94,2.7,231.9,7.75
BGW-03,5,121,13.88,2.7,235.8,7.76
BGW-03,5,122,13.65,2.7,239.7,6.94
BGW-03,5,123,13.8,2.7,243.6,6.33
BGW-03,5,124,14.98,2.7,247.4,6.18
BGW-03,5,125,13.47,2.7,251.2,5.85
BGW-03,5,126,13.29,2.7,254.9,5.84
BGW-03,5,127,12.89,2.7,258.7,5.21
BGW-03,5,128,13.43,2.7,262.4,4.97
BGW-03,5,129,12.43,2.7,266.0,4.53
BGW-03,5,130,12.41,2.7,269.6,4.45
BGW-03,5,131,12.45,2.7,273.2,3.82
BGW-03,5,132,12.78,2.7,276.7,3.59
BGW-03,5,133,11.51,2.7,280.2,3.36
BGW-03,5,134,11.41,2.7,283.6,3.02
BGW-03,5,135,11.96,2.7,287.0,2.62
BGW-03,5,136,12.0,2.7,290.4,2.21
BGW-03,5,137,11.89,2.7,293.7,2.02
BGW-03,5,138,12.83,2.7,296.9,1.7
BGW-03,5,139,12.28,2.7,300.1,1.41
BGW-03,5,140,11.31,2.7,303.2,1.09
BGW-03,5,141,11.73,2.7,306.3,0.81
BGW-03,5,142,11.37,2.7,309.4,0.52
BGW-03,5,143,11.41,2.7,312.3,0.21
BGW-03,5,144,10.91,2.7,315.3,0.0
BGW-03,5,145,11.04,2.7,318.2,0.0
BGW-03,5,146,11.47,2.7,321.0,0.0
BGW-03,5,147,11.35,2.7,323.8,0.0
BGW-03,5,148,11.41,2.7,326.5,0.0
BGW-03,5,149,10.95,2.7,329.2,0.0
BGW-03,6,12,13.08,2.5,63.9,23.9
BGW-03,6,13,14.27,2.5,63.9,24.14
BGW-03,6,14,14.55,2.5,63.9,25.39
BGW-03,6,15,15.71,2.5,63.9,25.17
BGW-03,6,16,16.48,2.5,63.9,25.3
BGW-03,6,17,19.51,2.5,63.9,23.83
BGW-03,6,18,19.18,2.5,63.9,25.44
BGW-03,6,19,21.63,2.5,63.9,25.83
BGW-03,6,20,20.03,2.5,63.7,23.86
BGW-03,6,21,21.49,2.5,63.6,23.09
BGW-03,6,22,21.45,2.5,63.5,23.94
BGW-03,6,23,21.1,2.5,63.4,24.87
BGW-03,6,24,23.37,2.5,63.3,24.55
BGW-03,6,25,21.83,2.5,62.9,24.69
BGW-03,6,26,28.36,2.5,62.3,24.7
BGW-03,6,27,22.69,2.5,61.8,25.14
BGW-03,6,28,24.42,2.5,61.3,24.6
BGW-03,6,29,24.7,2.5,60.9,23.75
BGW-03,6,30,24.35,2.5,60.5,25.08
BGW-03,6,31,24.77,2.5,60.2,24.4
BGW-03,6,32,23.15,2.5,59.9,24.4
BGW-03,6,33,22.9,2.5,59.7,25.13
BGW-03,6,34,24.61,2.5,59.5,24.92
BGW-03,6,35,21.07,2.5,59.3,24.73
BGW-03,6,36,22.6,2.5,59.2,24.47
BGW-03,6,37,25.18,2.5,59.1,24.28
BGW-03,6,38,22.62,2.5,59.0,24.81
BGW-03,6,39,24.08,2.5,59.0,25.36
BGW-03,6,40,21.27,2.5,59.0,24.72
BGW-03,6,41,23.68,2.5,59.0,25.0
BGW-03,6,42,24.11,2.5,59.0,24.47
BGW-03,6,43,24.42,2.5,59.1,24.37
BGW-03,6,44,23.07,2.5,59.2,24.7
BGW-03,6,45,22.4,2.5,59.3,25.15
BGW-03,6,46,22.57,2.5,59.5,24.45
BGW-03,6,47,23.51,2.5,59.7,25.47
BGW-03,6,48,24.95,2.5,59.9,24.84
BGW-03,6,49,23.44,2.5,60.2,23.77
BGW-03,6,50,23.26,2.5,60.5,25.27
BGW-03,6,51,25.4,2.5,60.8,23.67
BGW-03,6,52,22.05,2.5,61.2,24.47
BGW-03,6,53,25.71,2.5,61.6,24.67
BGW-03,6,54,21.98,2.5,62.1,24.75
BGW-03,6,55,24.33,2.5,62.6,24.14
BGW-03,6,56,20.91,2.5,63.2,24.38
BGW-03,6,57,21.96,2.5,63.8,24.89
BGW-03,6,58,22.31,2.5,64.4,24.54
BGW-03,6,59,20.67,2.5,65.2,23.86
BGW-03,6,60,24.19,2.5,65.9,24.91
BGW-03,6,61,20.37,2.5,66.8,24.35
BGW-03,6,62,22.31,2.5,67.7,23.93
BGW-03,6,63,25.17,2.5,68.6,23.24
BGW-03,6,64,22.99,2.5,69.7,22.95
BGW-03,6,65,20.94,2.5,70.8,23.52
BGW-03,6,66,23.19,2.5,72.0,22.86
BGW-03,6,67,21.37,2.5,73.2,24.32
BGW-03,6,68,22.95,2.5,74.6,23.59
BGW-03,6,69,24.98,2.5,76.0,23.56
BGW-03,6,70,20.1,2.5,77.5,23.0
BGW-03,6,71,22.43,2.5,79.1,23.37
BGW-03,6,72,24.99,2.5,80.7,22.25
BGW-03,6,73,23.13,2.5,82.5,22.78
BGW-03,6,74,24.44,2.5,84.4,22.93
BGW-03,6,75,23.61,2.5,86.3,22.62
BGW-03,6,76,22.94,2.5,88.3,22.85
BGW-03,6,77,24.44,2.5,90.5,20.6
BGW-03,6,78,20.27,2.5,92.7,21.51
BGW-03,6,79,20.99,2.5,95.0,20.91
BGW-03,6,80,21.04,2.5,97.5,22.36
BGW-03,6,81,20.78,2.5,100.0,21.16
BGW-03,6,82,19.95,2.5,102.6,19.95
BGW-03,6,83,20.66,2.5,105.3,20.97
BGW-03,6,84,21.12,2.5,108.1,20.21
BGW-03,6,85,19.39,2.5,111.0,20.77
BGW-03,6,86,21.85,2.5,114.0,19.75
BGW-03,6,87,20.0,2.5,117.1,19.0
BGW-03,6,88,19.64,2.5,120.2,19.66
BGW-03,6,89,18.6,2.5,123.5,18.21
BGW-03,6,90,21.79,2.5,126.9,18.46
BGW-03,6,91,19.48,2.5,130.3,18.33
BGW-03,6,92,19.62,2.5,133.8,17.26
BGW-03,6,93,18.17,2.5,137.4,17.19
BGW-03,6,94,18.0,2.5,141.1,17.89
BGW-03,6,95,20.05,2.5,144.8,17.04
BGW-03,6,96,18.72,2.5,148.6,16.54
BGW-03,6,97,17.62,2.5,152.5,16.52
BGW-03,6,98,17.89,2.5,156.5,15.56
BGW-03,6,99,16.76,2.5,160.5,15.51
BGW-03,6,100,16.18,2.5,164.5,14.59
BGW-03,6,101,16.05,2.5,168.6,14.94
BGW-03,6,102,15.24,2.5,172.8,14.44
BGW-03,6,103,15.73,2.5,177.0,13.73
BGW-03,6,104,16.23,2.5,181.2,13.47
BGW-03,6,105,15.36,2.5,185.5,13.49
BGW-03,6,106,14.81,2.5,189.8,12.01
BGW-03,6,107,15.72,2.5,194.2,12.52
BGW-03,6,108,16.2,2.5,198.5,12.26
BGW-03,6,109,16.99,2.5,202.9,11.36
BGW-03,6,110,14.43,2.5,207.3,11.35
BGW-03,6,111,15.26,2.5,211.7,10.11
BGW-03,6,112,15.9,2.5,216.2,9.78
BGW-03,6,113,14.08,2.5,220.6,9.67
BGW-03,6,114,15.52,2.5,225.0,9.44
BGW-03,6,115,14.45,2.5,229.4,9.17
BGW-03,6,116,13.38,2.5,233.9,8.59
BGW-03,6,117,14.84,2.5,238.3,8.01
BGW-03,6,118,12.82,2.5,242.7,7.91
BGW-03,6,119,13.91,2.5,247.0,7.41
BGW-03,6,120,14.48,2.5,251.4,7.28
BGW-03,6,121,13.69,2.5,255.7,6.29
BGW-03,6,122,14.19,2.5,260.0,6.04
BGW-03,6,123,12.99,2.5,264.3,5.92
BGW-03,6,124,14.68,2.5,268.6,5.48
BGW-03,6,125,14.51,2.5,272.8,5.16
BGW-03,6,126,13.56,2.5,277.0,4.54
BGW-03,6,127,13.19,2.5,281.1,4.38
BGW-03,6,128,12.22,2.5,285.2,3.91
BGW-03,6,129,12.77,2.5,289.2,3.52
BGW-03,6,130,12.53,2.5,293.3,3.31
BGW-03,6,131,12.06,2.5,297.2,2.72
BGW-03,6,132,13.54,2.5,301.1,2.5
BGW-03,6,133,12.8,2.5,305.0,2.08
BGW-03,6,134,11.77,2.5,308.8,1.81
BGW-03,6,135,11.99,2.5,312.6,1.4
BGW-03,6,136,10.87,2.5,316.3,1.16
BGW-03,6,137,13.16,2.5,319.9,0.82
BGW-03,6,138,12.16,2.5,323.5,0.49
BGW-03,6,139,13.52,2.5,327.1,0.17
BGW-03,6,140,11.83,2.5,330.6,0.0
BGW-03,6,141,11.31,2.5,334.0,0.0
BGW-03,6,142,11.45,2.5,337.4,0.0
BGW-03,6,143,10.35,2.5,340.7,0.0
BGW-03,6,144,12.14,2.5,344.0,0.0
BGW-03,6,145,12.68,2.5,347.2,0.0
BGW-03,6,146,10.65,2.5,350.3,0.0
BGW-03,6,147,10.94,2.5,353.4,0.0
BGW-03,6,148,11.09,2.5,356.4,0.0
BGW-03,6,149,10.57,2.5,359.4,0.0
BGW-04,1,8,15.02,4.2,73.6,25.51
BGW-04,1,9,15.99,4.2,73.6,25.43
BGW-04,1,10,19.29,4.2,73.6,24.09
BGW-04,1,11,18.91,4.2,73.6,24.84
BGW-04,1,12,21.53,4.2,73.7,25.35
BGW-04,1,13,22.36,4.2,73.7,25.45
BGW-04,1,14,25.38,4.2,73.5,23.4
BGW-04,1,15,24.37,4.2,73.3,25.91
BGW-04,1,16,28.41,4.2,73.1,23.89
BGW-04,1,17,26.3,4.2,72.9,25.79
BGW-04,1,18,31.54,4.2,72.7,24.44
BGW-04,1,19,28.35,4.2,72.6,25.14
BGW-04,1,20,31.2,4.2,72.4,24.89
BGW-04,1,21,27.25,4.2,72.2,24.54
BGW-04,1,22,32.47,4.2,72.1,24.96
BGW-04,1,23,31.23,4.2,72.0,25.3
BGW-04,1,24,30.37,4.2,71.9,25.83
BGW-04,1,25,30.06,4.2,71.8,24.56
BGW-04,1,26,28.59,4.2,71.8,25.44
BGW-04,1,27,31.01,4.2,71.8,25.8
BGW-04,1,28,31.27,4.2,71.8,24.45
BGW-04,1,29,34.65,4.2,71.9,25.23
BGW-04,1,30,34.63,4.2,72.1,23.69
BGW-04,1,31,28.4,4.2,72.3,25.12
BGW-04,1,32,32.74,4.2,72.6,24.04
BGW-04,1,33,29.9,4.2,72.9,24.21
BGW-04,1,34,29.5,4.2,73.4,25.45
BGW-04,1,35,29.61,4.2,73.9,25.44
BGW-04,1,36,32.15,4.2,74.6,24.25
BGW-04,1,37,34.47,4.2,75.4,25.74
BGW-04,1,38,33.19,4.2,76.3,25.52
BGW-04,1,39,33.51,4.2,77.4,24.16
BGW-04,1,40,31.77,4.2,78.6,24.09
BGW-04,1,41,31.97,4.2,80.0,23.58
BGW-04,1,42,31.05,4.2,81.6,24.26
BGW-04,1,43,30.48,4.2,83.3,23.67
BGW-04,1,44,28.02,4.2,85.3,23.86
BGW-04,1,45,27.64,4.2,87.5,24.5
BGW-04,1,46,31.57,4.2,90.0,23.03
BGW-04,1,47,30.99,4.2,92.7,23.8
BGW-04,1,48,28.45,4.2,95.7,21.31
BGW-04,1,49,30.09,4.2,99.0,23.81
BGW-04,1,50,30.58,4.2,102.5,22.06
BGW-04,1,51,29.16,4.2,106.3,22.76
BGW-04,1,52,29.56,4.2,110.5,23.53
BGW-04,1,53,33.82,4.2,114.9,22.4
BGW-04,1,54,33.08,4.2,119.7,20.7
BGW-04,1,55,26.0,4.2,124.7,20.9
BGW-04,1,56,26.87,4.2,130.1,21.26
BGW-04,1,57,29.68,4.2,135.8,19.51
BGW-04,1,58,28.12,4.2,141.6,19.06
BGW-04,1,59,28.41,4.2,147.7,19.52
BGW-04,1,60,26.85,4.2,154.0,18.82
BGW-04,1,61,30.0,4.2,160.7,18.38
BGW-04,1,62,26.45,4.2,167.6,17.69
BGW-04,1,63,27.57,4.2,174.7,17.51
BGW-04,1,64,24.74,4.2,182.2,16.72
BGW-04,1,65,25.43,4.2,189.8,17.03
BGW-04,1,66,25.36,4.2,197.7,15.63
BGW-04,1,67,25.82,4.2,205.8,14.82
BGW-04,1,68,23.79,4.2,214.1,13.85
BGW-04,1,69,25.4,4.2,222.6,13.16
BGW-04,1,70,24.81,4.2,231.3,12.64
BGW-04,1,71,22.27,4.2,240.1,12.57
BGW-04,1,72,25.65,4.2,249.0,11.75
BGW-04,1,73,25.45,4.2,258.0,10.77
BGW-04,1,74,23.57,4.2,267.2,10.87
BGW-04,1,75,21.19,4.2,276.4,9.67
BGW-04,1,76,23.32,4.2,285.6,9.46
BGW-04,1,77,23.19,4.2,294.9,8.17
BGW-04,1,78,21.46,4.2,304.2,7.99
BGW-04,1,79,20.15,4.2,313.5,7.25
BGW-04,1,80,24.1,4.2,322.9,6.43
BGW-04,1,81,23.91,4.2,332.1,5.93
BGW-04,1,82,22.03,4.2,341.4,4.98
BGW-04,1,83,21.86,4.2,350.6,4.55
BGW-04,1,84,19.74,4.2,359.7,3.74
BGW-04,1,85,19.9,4.2,368.7,3.05
BGW-04,1,86,17.91,4.2,377.6,2.44
BGW-04,1,87,17.94,4.2,386.4,1.91
BGW-04,1,88,19.55,4.2,395.1,1.24
BGW-04,1,89,19.06,4.2,403.7,0.65
BGW-04,1,90,17.13,4.2,412.1,0.02
BGW-04,1,91,16.64,4.2,420.4,0.0
BGW-04,1,92,17.72,4.2,428.6,0.0
BGW-04,1,93,16.86,4.2,436.5,0.0
BGW-04,1,94,16.74,4.2,444.4,0.0
BGW-04,1,95,16.49,4.2,452.0,0.0
BGW-04,1,96,16.42,4.2,459.5,0.0
BGW-04,1,97,15.8,4.2,466.8,0.0
BGW-04,1,98,16.5,4.2,473.9,0.0
BGW-04,1,99,15.78,4.2,480.9,0.0
BGW-04,1,100,15.92,4.2,487.7,0.0
BGW-04,1,101,17.01,4.2,494.3,0.0
BGW-04,1,102,15.55,4.2,500.7,0.0
BGW-04,1,103,16.51,4.2,506.9,0.0
BGW-04,1,104,14.84,4.2,513.0,0.0
BGW-04,1,105,16.01,4.2,518.9,0.0
BGW-04,1,106,15.82,4.2,524.6,0.0
BGW-04,1,107,15.08,4.2,530.1,0.0
BGW-04,1,108,15.75,4.2,535.4,0.0
BGW-04,1,109,14.94,4.2,540.6,0.0
BGW-04,1,110,15.87,4.2,545.7,0.0
BGW-04,1,111,15.05,4.2,550.5,0.0
BGW-04,1,112,14.95,4.2,555.2,0.0
BGW-04,1,113,14.81,4.2,559.7,0.0
BGW-04,1,114,14.28,4.2,564.1,0.0
BGW-04,1,115,13.84,4.2,568.4,0.0
BGW-04,1,116,15.64,4.2,572.4,0.0
BGW-04,1,117,13.64,4.2,576.4,0.0
BGW-04,1,118,14.65,4.2,580.2,0.0
BGW-04,1,119,13.72,4.2,583.8,0.0
BGW-04,1,120,13.36,4.2,587.4,0.0
BGW-04,1,121,14.16,4.2,590.8,0.0
BGW-04,1,122,15.36,4.2,594.0,0.0
BGW-04,1,123,12.51,4.2,597.2,0.0
BGW-04,1,124,14.99,4.2,600.2,0.0
BGW-04,1,125,13.96,4.2,603.1,0.0
BGW-04,1,126,12.97,4.2,605.9,0.0
BGW-04,1,127,13.18,4.2,608.6,0.0
BGW-04,1,128,14.41,4.2,611.2,0.0
BGW-04,1,129,14.03,4.2,613.7,0.0
BGW-04,1,130,12.0,4.2,616.1,0.0
BGW-04,1,131,13.57,4.2,618.4,0.0
BGW-04,1,132,14.46,4.2,620.6,0.0
BGW-04,1,133,12.75,4.2,622.7,0.0
BGW-04,1,134,12.67,4.2,624.8,0.0
BGW-04,1,135,12.89,4.2,626.7,0.0
BGW-04,1,136,13.23,4.2,628.6,0.0
BGW-04,1,137,14.65,4.2,630.4,0.0
BGW-04,1,138,12.85,4.2,632.1,0.0
BGW-04,1,139,13.1,4.2,633.8,0.0
BGW-04,1,140,12.92,4.2,635.3,0.0
BGW-04,1,141,12.07,4.2,636.9,0.0
BGW-04,1,142,12.51,4.2,638.3,0.0
BGW-04,1,143,13.27,4.2,639.7,0.0
BGW-04,1,144,12.92,4.2,641.1,0.0
BGW-04,1,145,11.82,4.2,642.4,0.0
BGW-04,1,146,13.33,4.2,643.6,0.0
BGW-04,1,147,13.22,4.2,644.8,0.0
BGW-04,1,148,13.6,4.2,645.9,0.0
BGW-04,1,149,14.17,4.2,647.0,0.0
BGW-04,2,15,10.54,2.7,57.6,24.12
BGW-04,2,16,11.62,2.7,57.6,26.34
BGW-04,2,17,13.12,2.7,57.6,23.92
BGW-04,2,18,14.0,2.7,57.6,24.89
BGW-04,2,19,15.83,2.7,57.6,25.95
BGW-04,2,20,15.23,2.7,57.6,25.0
BGW-04,2,21,14.25,2.7,57.5,24.47
BGW-04,2,22,16.48,2.7,57.3,23.92
BGW-04,2,23,17.2,2.7,57.2,24.08
BGW-04,2,24,18.28,2.7,57.1,24.76
BGW-04,2,25,18.92,2.7,57.0,25.2
BGW-04,2,26,18.37,2.7,56.9,24.91
BGW-04,2,27,19.73,2.7,56.8,24.37
BGW-04,2,28,19.46,2.7,56.7,25.68
BGW-04,2,29,18.97,2.7,56.6,23.79
BGW-04,2,30,19.68,2.7,56.5,25.7
BGW-04,2,31,20.67,2.7,56.4,25.31
BGW-04,2,32,20.09,2.7,56.3,25.13
BGW-04,2,33,20.84,2.7,56.2,24.76
BGW-04,2,34,19.96,2.7,56.2,23.89
BGW-04,2,35,19.02,2.7,56.1,26.29
BGW-04,2,36,22.02,2.7,56.0,23.84
BGW-04,2,37,21.53,2.7,56.0,25.71
BGW-04,2,38,19.69,2.7,56.0,24.59
BGW-04,2,39,22.57,2.7,55.9,24.35
BGW-04,2,40,21.16,2.7,55.9,25.7
BGW-04,2,41,24.01,2.7,55.9,25.08
BGW-04,2,42,20.76,2.7,56.0,23.7
BGW-04,2,43,19.08,2.7,56.0,25.65
BGW-04,2,44,19.21,2.7,56.1,23.48
BGW-04,2,45,20.85,2.7,56.2,25.25
BGW-04,2,46,20.87,2.7,56.3,23.88
BGW-04,2,47,20.23,2.7,56.4,24.68
BGW-04,2,48,20.54,2.7,56.6,24.84
BGW-04,2,49,21.08,2.7,56.8,25.83
BGW-04,2,50,19.87,2.7,57.0,25.35
BGW-04,2,51,20.13,2.7,57.3,24.76
BGW-04,2,52,21.67,2.7,57.6,24.21
BGW-04,2,53,20.87,2.7,58.0,25.06
BGW-04,2,54,20.1,2.7,58.4,24.29
BGW-04,2,55,21.4,2.7,58.8,24.17
BGW-04,2,56,20.78,2.7,59.4,24.78
BGW-04,2,57,19.22,2.7,59.9,24.7
BGW-04,2,58,21.25,2.7,60.5,23.21
BGW-04,2,59,19.73,2.7,61.2,24.33
BGW-04,2,60,20.83,2.7,62.0,24.78
BGW-04,2,61,18.87,2.7,62.8,24.35
BGW-04,2,62,19.65,2.7,63.6,24.92
BGW-04,2,63,19.22,2.7,64.6,23.98
BGW-04,2,64,20.99,2.7,65.6,23.83
BGW-04,2,65,19.07,2.7,66.7,23.78
BGW-04,2,66,19.9,2.7,67.9,22.44
BGW-04,2,67,20.47,2.7,69.2,23.15
BGW-04,2,68,20.15,2.7,70.5,22.85
BGW-04,2,69,20.89,2.7,71.9,22.92
BGW-04,2,70,20.38,2.7,73.4,23.01
BGW-04,2,71,20.22,2.7,75.0,22.44
BGW-04,2,72,21.1,2.7,76.7,22.64
BGW-04,2,73,17.31,2.7,78.4,22.08
BGW-04,2,74,20.9,2.7,80.3,22.02
BGW-04,2,75,18.23,2.7,82.2,21.31
BGW-04,2,76,18.68,2.7,84.2,21.3
BGW-04,2,77,18.64,2.7,86.3,22.77
BGW-04,2,78,19.11,2.7,88.5,20.65
BGW-04,2,79,19.2,2.7,90.7,20.77
BGW-04,2,80,17.4,2.7,93.1,20.32
BGW-04,2,81,17.7,2.7,95.5,20.92
BGW-04,2,82,20.25,2.7,98.0,19.76
BGW-04,2,83,19.62,2.7,100.5,19.14
BGW-04,2,84,16.42,2.7,103.1,19.75
BGW-04,2,85,16.98,2.7,105.8,19.79
BGW-04,2,86,17.52,2.7,108.6,18.14
BGW-04,2,87,16.3,2.7,111.4,18.5
BGW-04,2,88,18.77,2.7,114.2,18.34
BGW-04,2,89,21.28,2.7,117.1,17.61
BGW-04,2,90,18.1,2.7,120.1,16.56
BGW-04,2,91,17.63,2.7,123.1,17.03
BGW-04,2,92,17.88,2.7,126.1,16.78
BGW-04,2,93,17.44,2.7,129.2,17.47
BGW-04,2,94,17.63,2.7,132.3,16.42
BGW-04,2,95,16.53,2.7,135.4,15.71
BGW-04,2,96,17.83,2.7,138.5,15.74
BGW-04,2,97,17.68,2.7,141.7,15.5
BGW-04,2,98,17.96,2.7,144.9,14.99
BGW-04,2,99,17.43,2.7,148.0,14.4
BGW-04,2,100,18.69,2.7,151.2,14.36
BGW-04,2,101,21.35,2.7,154.4,13.43
BGW-04,2,102,15.78,2.7,157.6,13.38
BGW-04,2,103,18.57,2.7,160.8,12.44
BGW-04,2,104,17.45,2.7,164.0,13.14
BGW-04,2,105,18.05,2.7,167.2,12.24
BGW-04,2,106,18.03,2.7,170.4,11.99
BGW-04,2,107,17.39,2.7,173.5,12.19
BGW-04,2,108,16.31,2.7,176.7,11.07
BGW-04,2,109,18.27,2.7,179.8,11.52
BGW-04,2,110,17.79,2.7,182.6,10.59
BGW-04,2,111,15.13,2.7,185.4,10.31
BGW-04,2,112,15.52,2.7,188.2,10.24
BGW-04,2,113,17.53,2.7,190.9,9.94
BGW-04,2,114,16.74,2.7,193.6,9.54
BGW-04,2,115,16.0,2.7,196.3,9.53
BGW-04,2,116,17.12,2.7,198.9,8.49
BGW-04,2,117,14.79,2.7,201.5,8.81
BGW-04,2,118,15.76,2.7,204.1,8.43
BGW-04,2,119,17.88,2.7,206.6,7.71
BGW-04,2,120,15.62,2.7,209.1,8.16
BGW-04,2,121,17.51,2.7,211.6,7.33
BGW-04,2,122,15.82,2.7,214.0,7.14
BGW-04,2,123,14.44,2.7,216.4,6.98
BGW-04,2,124,13.83,2.7,218.7,6.98
BGW-04,2,125,12.95,2.7,221.0,6.09
BGW-04,2,126,14.78,2.7,223.2,6.13
BGW-04,2,127,15.02,2.7,225.4,5.97
BGW-04,2,128,14.34,2.7,227.6,5.66
BGW-04,2,129,13.26,2.7,229.7,5.29
BGW-04,2,130,14.1,2.7,231.7,5.1
BGW-04,2,131,14.01,2.7,233.7,4.77
BGW-04,2,132,13.6,2.7,235.7,4.82
BGW-04,2,133,14.63,2.7,237.6,4.61
BGW-04,2,134,14.07,2.7,239.5,4.11
BGW-04,2,135,13.46,2.7,241.4,4.2
BGW-04,2,136,14.23,2.7,243.2,4.08
BGW-04,2,137,13.3,2.7,244.9,3.78
BGW-04,2,138,14.49,2.7,246.6,3.58
BGW-04,2,139,12.45,2.7,248.3,3.33
BGW-04,2,140,13.03,2.7,249.9,3.31
BGW-04,2,141,13.4,2.7,251.5,3.11
BGW-04,2,142,13.81,2.7,253.0,2.9
BGW-04,2,143,13.2,2.7,254.5,2.73
BGW-04,2,144,12.35,2.7,256.0,2.64
BGW-04,2,145,14.19,2.7,257.4,2.39
BGW-04,2,146,13.3,2.7,258.8,2.05
BGW-04,2,147,13.13,2.7,260.1,1.96
BGW-04,2,148,14.05,2.7,261.4,2.01
BGW-04,2,149,12.71,2.7,262.7,1.75
BGW-04,3,9,11.52,3.2,62.9,23.68
BGW-04,3,10,12.85,3.2,62.9,23.67
BGW-04,3,11,13.73,3.2,62.9,25.3
BGW-04,3,12,16.33,3.2,62.9,26.01
BGW-04,3,13,16.6,3.2,62.9,24.7
BGW-04,3,14,17.75,3.2,62.9,24.85
BGW-04,3,15,18.26,3.2,63.0,24.89
BGW-04,3,16,21.6,3.2,62.8,25.88
BGW-04,3,17,20.09,3.2,62.7,25.32
BGW-04,3,18,20.34,3.2,62.5,25.37
BGW-04,3,19,20.97,3.2,62.4,25.15
BGW-04,3,20,22.2,3.2,62.2,24.72
BGW-04,3,21,21.37,3.2,62.1,24.79
BGW-04,3,22,23.79,3.2,61.9,25.24
BGW-04,3,23,23.14,3.2,61.8,25.28
BGW-04,3,24,25.14,3.2,61.7,26.45
BGW-04,3,25,24.87,3.2,61.6,24.69
BGW-04,3,26,23.87,3.2,61.5,25.58
BGW-04,3,27,25.38,3.2,61.4,24.61
BGW-04,3,28,21.92,3.2,61.3,24.43
BGW-04,3,29,23.81,3.2,61.2,25.13
BGW-04,3,30,27.61,3.2,61.2,24.88
BGW-04,3,31,25.63,3.2,61.2,24.43
BGW-04,3,32,25.84,3.2,61.2,25.07
BGW-04,3,33,23.15,3.2,61.2,24.43
BGW-04,3,34,23.53,3.2,61.3,23.74
BGW-04,3,35,24.34,3.2,61.4,24.95
BGW-04,3,36,25.85,3.2,61.5,23.81
BGW-04,3,37,26.84,3.2,61.7,23.82
BGW-04,3,38,24.47,3.2,61.9,24.81
BGW-04,3,39,22.17,3.2,62.2,23.34
BGW-04,3,40,25.4,3.2,62.6,24.7
BGW-04,3,41,24.6,3.2,63.0,23.79
BGW-04,3,42,25.2,3.2,63.5,26.02
BGW-04,3,43,23.18,3.2,64.0,23.58
BGW-04,3,44,24.44,3.2,64.6,25.09
BGW-04,3,45,24.27,3.2,65.4,25.06
BGW-04,3,46,24.01,3.2,66.2,25.7
BGW-04,3,47,24.62,3.2,67.1,23.76
BGW-04,3,48,22.42,3.2,68.1,23.65
BGW-04,3,49,22.4,3.2,69.3,23.53
BGW-04,3,50,24.07,3.2,70.5,23.37
BGW-04,3,51,23.08,3.2,71.9,23.93
BGW-04,3,52,25.46,3.2,73.5,23.6
BGW-04,3,53,24.73,3.2,75.1,23.88
BGW-04,3,54,21.64,3.2,76.9,23.8
BGW-04,3,55,23.48,3.2,78.9,22.28
BGW-04,3,56,22.42,3.2,81.0,22.06
BGW-04,3,57,21.48,3.2,83.2,22.07
BGW-04,3,58,24.76,3.2,85.6,22.71
BGW-04,3,59,24.02,3.2,88.2,22.86
BGW-04,3,60,23.23,3.2,90.9,21.13
BGW-04,3,61,22.22,3.2,93.8,21.5
BGW-04,3,62,22.53,3.2,96.8,20.76
BGW-04,3,63,21.7,3.2,100.1,20.43
BGW-04,3,64,22.76,3.2,103.4,19.67
BGW-04,3,65,23.98,3.2,106.9,20.02
BGW-04,3,66,22.12,3.2,110.6,19.73
BGW-04,3,67,23.35,3.2,114.4,19.19
BGW-04,3,68,22.25,3.2,118.4,20.36
BGW-04,3,69,23.46,3.2,122.5,19.37
BGW-04,3,70,21.67,3.2,126.7,18.82
BGW-04,3,71,19.71,3.2,131.1,18.16
BGW-04,3,72,19.41,3.2,135.5,18.48
BGW-04,3,73,22.23,3.2,139.9,17.02
BGW-04,3,74,21.03,3.2,144.2,16.84
BGW-04,3,75,20.1,3.2,148.7,16.76
BGW-04,3,76,20.98,3.2,153.2,15.93
BGW-04,3,77,22.16,3.2,157.9,15.58
BGW-04,3,78,18.68,3.2,162.6,15.67
BGW-04,3,79,19.54,3.2,167.3,15.39
BGW-04,3,80,20.66,3.2,172.1,13.46
BGW-04,3,81,17.79,3.2,177.0,13.2
BGW-04,3,82,20.73,3.2,181.8,12.66
BGW-04,3,83,18.3,3.2,186.7,11.94
BGW-04,3,84,18.37,3.2,191.7,12.56
BGW-04,3,85,19.24,3.2,196.6,12.11
BGW-04,3,86,18.74,3.2,201.5,11.19
BGW-04,3,87,17.9,3.2,206.4,10.48
BGW-04,3,88,18.01,3.2,211.4,10.4
BGW-04,3,89,17.19,3.2,216.3,10.35
BGW-04,3,90,16.84,3.2,221.1,9.61
BGW-04,3,91,16.01,3.2,226.0,9.2
BGW-04,3,92,16.35,3.2,230.8,8.23
BGW-04,3,93,15.42,3.2,235.5,7.43
BGW-04,3,94,15.56,3.2,240.2,7.87
BGW-04,3,95,17.24,3.2,244.9,6.89
BGW-04,3,96,15.3,3.2,249.4,6.92
BGW-04,3,97,15.76,3.2,254.0,6.38
BGW-04,3,98,15.05,3.2,258.4,5.76
BGW-04,3,99,14.0,3.2,262.8,5.34
BGW-04,3,100,14.5,3.2,267.1,5.2
BGW-04,3,101,15.0,3.2,271.3,4.63
BGW-04,3,102,11.87,3.2,275.5,4.28
BGW-04,3,103,13.6,3.2,279.6,3.87
BGW-04,3,104,15.48,3.2,283.6,3.67
BGW-04,3,105,14.19,3.2,287.5,3.15
BGW-04,3,106,13.42,3.2,291.3,2.76
BGW-04,3,107,14.33,3.2,295.0,2.47
BGW-04,3,108,14.29,3.2,298.6,2.22
BGW-04,3,109,14.49,3.2,302.2,1.92
BGW-04,3,110,12.19,3.2,305.6,1.55
BGW-04,3,111,12.49,3.2,309.0,1.19
BGW-04,3,112,12.1,3.2,312.3,0.86
BGW-04,3,113,12.65,3.2,315.5,0.59
BGW-04,3,114,11.94,3.2,318.6,0.3
BGW-04,3,115,13.07,3.2,321.6,0.01
BGW-04,3,116,11.69,3.2,324.6,0.0
BGW-04,3,117,12.55,3.2,327.4,0.0
BGW-04,3,118,11.15,3.2,330.2,0.0
BGW-04,3,119,12.7,3.2,332.9,0.0
BGW-04,3,120,11.78,3.2,335.5,0.0
BGW-04,3,121,11.72,3.2,338.0,0.0
BGW-04,3,122,13.19,3.2,340.4,0.0
BGW-04,3,123,11.85,3.2,342.8,0.0
BGW-04,3,124,12.12,3.2,345.1,0.0
BGW-04,3,125,12.25,3.2,347.3,0.0
BGW-04,3,126,10.86,3.2,349.4,0.0
BGW-04,3,127,11.89,3.2,351.5,0.0
BGW-04,3,128,11.65,3.2,353.5,0.0
BGW-04,3,129,11.03,3.2,355.5,0.0
BGW-04,3,130,10.72,3.2,357.3,0.0
BGW-04,3,131,12.24,3.2,359.1,0.0
BGW-04,3,132,12.42,3.2,360.9,0.0
BGW-04,3,133,11.84,3.2,362.6,0.0
BGW-04,3,134,10.41,3.2,364.2,0.0
BGW-04,3,135,11.16,3.2,365.7,0.0
BGW-04,3,136,10.86,3.2,367.3,0.0
BGW-04,3,137,10.65,3.2,368.7,0.0
BGW-04,3,138,11.69,3.2,370.1,0.0
BGW-04,3,139,11.42,3.2,371.5,0.0
BGW-04,3,140,11.14,3.2,372.8,0.0
BGW-04,3,141,12.38,3.2,374.0,0.0
BGW-04,3,142,11.66,3.2,375.2,0.0
BGW-04,3,143,11.17,3.2,376.4,0.0
BGW-04,3,144,11.19,3.2,377.5,0.0
BGW-04,3,145,10.73,3.2,378.6,0.0
BGW-04,3,146,11.86,3.2,379.6,0.0
BGW-04,3,147,9.93,3.2,380.7,0.0
BGW-04,3,148,11.56,3.2,381.6,0.0
BGW-04,3,149,11.57,3.2,382.5,0.0
BGW-04,4,10,19.77,3.5,77.9,24.02
BGW-04,4,11,18.38,3.5,77.9,24.29
BGW-04,4,12,22.03,3.5,77.7,25.45
BGW-04,4,13,19.99,3.5,74.2,24.26
BGW-04,4,14,21.96,3.5,71.5,24.93
BGW-04,4,15,20.97,3.5,69.3,24.69
BGW-04,4,16,20.39,3.5,67.5,25.63
BGW-04,4,17,22.8,3.5,66.0,23.53
BGW-04,4,18,21.84,3.5,64.7,24.13
BGW-04,4,19,21.44,3.5,63.6,24.75
BGW-04,4,20,19.31,3.5,62.7,24.68
BGW-04,4,21,21.08,3.5,62.0,25.81
BGW-04,4,22,20.38,3.5,61.3,24.1
BGW-04,4,23,22.15,3.5,60.8,23.93
BGW-04,4,24,23.1,3.5,60.4,24.88
BGW-04,4,25,24.06,3.5,60.0,25.55
BGW-04,4,26,22.21,3.5,59.8,24.67
BGW-04,4,27,22.08,3.5,59.7,25.27
BGW-04,4,28,21.19,3.5,59.6,26.79
BGW-04,4,29,21.2,3.5,59.6,26.22
BGW-04,4,30,21.65,3.5,59.7,25.52
BGW-04,4,31,21.32,3.5,59.9,25.03
BGW-04,4,32,21.75,3.5,60.2,25.1
BGW-04,4,33,21.66,3.5,60.6,24.37
BGW-04,4,34,21.61,3.5,61.2,24.22
BGW-04,4,35,20.93,3.5,61.8,24.2
BGW-04,4,36,21.65,3.5,62.6,24.45
BGW-04,4,37,19.43,3.5,63.5,24.89
BGW-04,4,38,21.97,3.5,64.6,24.27
BGW-04,4,39,20.48,3.5,65.8,24.29
BGW-04,4,40,20.37,3.5,67.3,25.07
BGW-04,4,41,21.12,3.5,68.9,23.14
BGW-04,4,42,19.53,3.5,70.8,25.12
BGW-04,4,43,22.25,3.5,72.9,24.69
BGW-04,4,44,20.61,3.5,75.2,24.07
BGW-04,4,45,20.8,3.5,77.8,24.34
BGW-04,4,46,23.0,3.5,80.7,22.31
BGW-04,4,47,19.73,3.5,83.8,23.17
BGW-04,4,48,20.22,3.5,87.3,23.32
BGW-04,4,49,19.81,3.5,91.1,22.86
BGW-04,4,50,18.58,3.5,95.3,20.76
BGW-04,4,51,21.87,3.5,99.7,21.44
BGW-04,4,52,19.4,3.5,104.6,20.86
BGW-04,4,53,21.25,3.5,109.8,21.75
BGW-04,4,54,21.12,3.5,115.4,20.06
BGW-04,4,55,18.99,3.5,121.4,21.44
BGW-04,4,56,20.56,3.5,127.8,19.54
BGW-04,4,57,19.3,3.5,134.5,20.61
BGW-04,4,58,18.57,3.5,141.6,19.34
BGW-04,4,59,17.94,3.5,149.1,18.09
BGW-04,4,60,19.65,3.5,157.0,18.16
BGW-04,4,61,19.65,3.5,165.3,17.4
BGW-04,4,62,17.27,3.5,173.9,18.41
BGW-04,4,63,16.14,3.5,182.8,16.14
BGW-04,4,64,15.58,3.5,192.1,16.47
BGW-04,4,65,17.09,3.5,201.7,16.09
BGW-04,4,66,17.27,3.5,211.6,14.83
BGW-04,4,67,15.41,3.5,221.7,14.09
BGW-04,4,68,18.79,3.5,232.2,13.73
BGW-04,4,69,14.97,3.5,242.8,12.12
BGW-04,4,70,16.58,3.5,253.7,12.1
BGW-04,4,71,16.39,3.5,264.8,11.77
BGW-04,4,72,15.13,3.5,276.0,10.75
BGW-04,4,73,16.99,3.5,287.3,9.64
BGW-04,4,74,15.39,3.5,298.8,8.93
BGW-04,4,75,14.97,3.5,310.4,8.27
BGW-04,4,76,12.63,3.5,322.0,7.77
BGW-04,4,77,15.15,3.5,333.7,7.01
BGW-04,4,78,14.32,3.5,345.5,5.79
BGW-04,4,79,14.16,3.5,357.2,5.21
BGW-04,4,80,13.47,3.5,368.9,4.82
BGW-04,4,81,14.34,3.5,380.5,3.81
BGW-04,4,82,13.34,3.5,392.1,3.28
BGW-04,4,83,13.31,3.5,403.6,2.55
BGW-04,4,84,12.24,3.5,415.0,1.8
BGW-04,4,85,13.97,3.5,426.3,0.99
BGW-04,4,86,12.4,3.5,437.5,0.26
BGW-04,4,87,12.01,3.5,448.5,0.0
BGW-04,4,88,12.89,3.5,459.4,0.0
BGW-04,4,89,12.67,3.5,470.1,0.0
BGW-04,4,90,12.18,3.5,480.6,0.0
BGW-04,4,91,11.75,3.5,490.9,0.0
BGW-04,4,92,11.91,3.5,501.0,0.0
BGW-04,4,93,11.51,3.5,510.9,0.0
BGW-04,4,94,10.59,3.5,520.6,0.0
BGW-04,4,95,10.72,3.5,530.1,0.0
BGW-04,4,96,11.83,3.5,539.4,0.0
BGW-04,4,97,9.63,3.5,548.4,0.0
BGW-04,4,98,10.05,3.5,557.2,0.0
BGW-04,4,99,11.7,3.5,565.8,0.0
BGW-04,4,100,10.69,3.5,574.2,0.0
BGW-04,4,101,10.35,3.5,582.3,0.0
BGW-04,4,102,11.62,3.5,590.2,0.0
BGW-04,4,103,10.45,3.5,597.8,0.0
BGW-04,4,104,12.15,3.5,605.3,0.0
BGW-04,4,105,10.56,3.5,612.5,0.0
BGW-04,4,106,10.03,3.5,619.4,0.0
BGW-04,5,14,14.18,2.9,69.5,24.43
BGW-04,5,15,16.18,2.9,69.5,24.03
BGW-04,5,16,18.03,2.9,69.5,25.31
BGW-04,5,17,19.2,2.9,69.5,25.09
BGW-04,5,18,17.69,2.9,69.5,24.71
BGW-04,5,19,20.51,2.9,69.6,25.61
BGW-04,5,20,24.13,2.9,69.5,25.09
BGW-04,5,21,25.24,2.9,69.3,25.0
BGW-04,5,22,25.37,2.9,69.2,25.37
BGW-04,5,23,25.53,2.9,68.7,24.38
BGW-04,5,24,24.52,2.9,67.5,24.98
BGW-04,5,25,25.18,2.9,66.6,24.73
BGW-04,5,26,25.21,2.9,65.7,24.91
BGW-04,5,27,28.91,2.9,65.0,26.01
BGW-04,5,28,22.21,2.9,64.4,24.15
BGW-04,5,29,27.22,2.9,63.8,25.58
BGW-04,5,30,25.2,2.9,63.4,24.24
BGW-04,5,31,22.98,2.9,63.0,25.96
BGW-04,5,32,24.73,2.9,62.7,26.22
BGW-04,5,33,25.08,2.9,62.4,24.76
BGW-04,5,34,29.83,2.9,62.2,23.67
BGW-04,5,35,23.59,2.9,62.0,25.47
BGW-04,5,36,26.75,2.9,61.9,25.36
BGW-04,5,37,25.03,2.9,61.8,24.64
BGW-04,5,38,23.94,2.9,61.8,24.68
BGW-04,5,39,25.78,2.9,61.8,25.08
BGW-04,5,40,24.16,2.9,61.9,24.53
BGW-04,5,41,25.45,2.9,62.1,23.77
BGW-04,5,42,25.54,2.9,62.2,24.4
BGW-04,5,43,25.76,2.9,62.5,25.66
BGW-04,5,44,24.19,2.9,62.8,24.55
BGW-04,5,45,25.79,2.9,63.1,24.8
BGW-04,5,46,22.78,2.9,63.6,25.18
BGW-04,5,47,23.23,2.9,64.0,24.23
BGW-04,5,48,24.5,2.9,64.6,24.53
BGW-04,5,49,25.32,2.9,65.2,25.21
BGW-04,5,50,25.03,2.9,66.0,24.72
BGW-04,5,51,23.47,2.9,66.8,23.11
BGW-04,5,52,25.25,2.9,67.7,23.86
BGW-04,5,53,24.1,2.9,68.7,22.94
BGW-04,5,54,21.97,2.9,69.8,24.38
BGW-04,5,55,23.05,2.9,71.0,24.18
BGW-04,5,56,23.14,2.9,72.3,23.78
BGW-04,5,57,23.01,2.9,73.7,24.53
BGW-04,5,58,25.81,2.9,75.3,22.84
BGW-04,5,59,22.23,2.9,77.0,23.76
BGW-04,5,60,23.3,2.9,78.8,22.85
BGW-04,5,61,22.59,2.9,80.8,22.66
BGW-04,5,62,25.51,2.9,82.9,22.95
BGW-04,5,63,23.62,2.9,85.1,22.89
BGW-04,5,64,23.22,2.9,87.6,21.66
BGW-04,5,65,21.13,2.9,90.1,22.67
BGW-04,5,66,22.43,2.9,92.9,20.66
BGW-04,5,67,20.9,2.9,95.8,22.14
BGW-04,5,68,22.19,2.9,98.8,21.58
BGW-04,5,69,22.6,2.9,102.1,20.79
BGW-04,5,70,22.7,2.9,105.5,21.03
BGW-04,5,71,22.74,2.9,109.0,20.31
BGW-04,5,72,25.33,2.9,112.8,20.84
BGW-04,5,73,21.75,2.9,116.7,20.16
BGW-04,5,74,20.78,2.9,120.8,19.3
BGW-04,5,75,22.6,2.9,125.0,19.48
BGW-04,5,76,22.32,2.9,129.4,18.94
BGW-04,5,77,18.86,2.9,134.0,18.29
BGW-04,5,78,19.95,2.9,138.7,18.88
BGW-04,5,79,17.92,2.9,143.6,18.3
BGW-04,5,80,18.95,2.9,148.6,17.85
BGW-04,5,81,21.11,2.9,153.8,16.62
BGW-04,5,82,19.29,2.9,159.1,16.99
BGW-04,5,83,18.56,2.9,164.5,16.35
BGW-04,5,84,18.6,2.9,170.1,15.97
BGW-04,5,85,18.04,2.9,175.7,15.14
BGW-04,5,86,21.87,2.9,181.5,15.4
BGW-04,5,87,17.61,2.9,187.4,14.37
BGW-04,5,88,18.28,2.9,193.4,14.37
BGW-04,5,89,16.3,2.9,199.4,13.27
BGW-04,5,90,17.67,2.9,205.6,12.73
BGW-04,5,91,15.6,2.9,211.8,13.18
BGW-04,5,92,15.54,2.9,218.0,12.36
BGW-04,5,93,17.27,2.9,224.3,11.4
BGW-04,5,94,15.66,2.9,230.7,11.11
BGW-04,5,95,15.31,2.9,237.0,11.05
BGW-04,5,96,14.41,2.9,243.4,10.36
BGW-04,5,97,16.84,2.9,249.8,9.75
BGW-04,5,98,16.05,2.9,256.3,8.83
BGW-04,5,99,14.97,2.9,262.7,8.44
BGW-04,5,100,15.55,2.9,269.1,8.21
BGW-04,5,101,14.74,2.9,275.5,7.55
BGW-04,5,102,14.41,2.9,281.9,6.93
BGW-04,5,103,14.71,2.9,288.2,6.66
BGW-04,5,104,14.21,2.9,294.5,6.37
BGW-04,5,105,13.57,2.9,300.8,5.55
BGW-04,5,106,12.89,2.9,307.0,5.2
BGW-04,5,107,12.66,2.9,313.1,4.8
BGW-04,5,108,14.26,2.9,319.2,4.31
BGW-04,5,109,12.76,2.9,325.2,3.81
BGW-04,5,110,12.9,2.9,331.2,3.3
BGW-04,5,111,12.55,2.9,337.0,2.89
BGW-04,5,112,14.03,2.9,342.8,2.34
BGW-04,5,113,13.11,2.9,348.6,1.99
BGW-04,5,114,11.95,2.9,354.2,1.61
BGW-04,5,115,12.49,2.9,359.7,1.18
BGW-04,5,116,13.25,2.9,365.2,0.75
BGW-04,5,117,10.24,2.9,370.5,0.29
BGW-04,5,118,11.26,2.9,375.8,0.0
BGW-04,5,119,10.92,2.9,380.9,0.0
BGW-04,5,120,10.68,2.9,386.0,0.0
BGW-04,5,121,11.3,2.9,391.0,0.0
BGW-04,5,122,10.24,2.9,395.8,0.0
BGW-04,5,123,11.83,2.9,400.6,0.0
BGW-04,5,124,10.66,2.9,405.2,0.0
BGW-04,5,125,10.78,2.9,409.8,0.0
BGW-04,5,126,11.16,2.9,414.2,0.0
BGW-04,5,127,10.33,2.9,418.6,0.0
BGW-04,5,128,10.48,2.9,422.8,0.0
BGW-04,5,129,11.47,2.9,426.9,0.0
BGW-04,5,130,10.21,2.9,431.0,0.0
BGW-04,5,131,10.58,2.9,434.9,0.0
BGW-04,5,132,11.15,2.9,438.8,0.0
BGW-04,5,133,11.18,2.9,442.5,0.0
BGW-04,5,134,10.7,2.9,446.1,0.0
BGW-04,5,135,9.64,2.9,449.7,0.0
BGW-04,5,136,9.28,2.9,453.1,0.0
BGW-04,5,137,9.9,2.9,456.5,0.0
BGW-04,5,138,10.59,2.9,459.7,0.0
BGW-04,5,139,9.23,2.9,462.9,0.0
BGW-04,6,12,13.0,3.3,64.0,25.01
BGW-04,6,13,12.87,3.3,64.0,25.18
BGW-04,6,14,15.11,3.3,64.0,25.22
BGW-04,6,15,18.25,3.3,64.0,24.77
BGW-04,6,16,17.39,3.3,64.0,25.01
BGW-04,6,17,20.98,3.3,64.0,23.44
BGW-04,6,18,20.5,3.3,63.9,25.97
BGW-04,6,19,22.14,3.3,63.7,23.76
BGW-04,6,20,22.07,3.3,63.6,25.45
BGW-04,6,21,25.82,3.3,63.5,25.65
BGW-04,6,22,22.83,3.3,63.3,25.13
BGW-04,6,23,22.73,3.3,63.2,24.42
BGW-04,6,24,21.7,3.3,63.0,25.52
BGW-04,6,25,22.25,3.3,62.7,24.81
BGW-04,6,26,24.22,3.3,62.2,24.53
BGW-04,6,27,26.86,3.3,61.7,23.9
BGW-04,6,28,22.71,3.3,61.3,25.06
BGW-04,6,29,23.25,3.3,60.9,25.96
BGW-04,6,30,26.55,3.3,60.6,25.44
BGW-04,6,31,23.11,3.3,60.4,25.01
BGW-04,6,32,23.34,3.3,60.2,24.82
BGW-04,6,33,22.07,3.3,60.0,25.75
BGW-04,6,34,23.58,3.3,59.9,24.98
BGW-04,6,35,22.99,3.3,59.9,25.59
BGW-04,6,36,22.9,3.3,59.9,24.28
BGW-04,6,37,22.86,3.3,59.9,25.08
BGW-04,6,38,19.47,3.3,60.0,24.58
BGW-04,6,39,23.0,3.3,60.2,25.27
BGW-04,6,40,22.98,3.3,60.4,25.06
BGW-04,6,41,24.21,3.3,60.6,24.44
BGW-04,6,42,22.97,3.3,60.9,26.13
BGW-04,6,43,23.47,3.3,61.3,24.89
BGW-04,6,44,24.78,3.3,61.8,24.08
BGW-04,6,45,25.38,3.3,62.3,25.11
BGW-04,6,46,21.55,3.3,62.8,26.25
BGW-04,6,47,23.33,3.3,63.5,24.16
BGW-04,6,48,21.24,3.3,64.3,23.84
BGW-04,6,49,22.72,3.3,65.1,24.41
BGW-04,6,50,21.66,3.3,66.0,24.61
BGW-04,6,51,23.7,3.3,67.0,24.48
BGW-04,6,52,21.82,3.3,68.1,22.79
BGW-04,6,53,18.57,3.3,69.4,23.8
BGW-04,6,54,21.62,3.3,70.7,24.22
BGW-04,6,55,22.92,3.3,72.2,22.02
BGW-04,6,56,23.33,3.3,73.8,24.33
BGW-04,6,57,23.12,3.3,75.5,22.65
BGW-04,6,58,19.84,3.3,77.3,21.2
BGW-04,6,59,22.21,3.3,79.3,24.09
BGW-04,6,60,21.52,3.3,81.4,23.79
BGW-04,6,61,20.17,3.3,83.6,22.58
BGW-04,6,62,23.01,3.3,86.0,21.19
BGW-04,6,63,20.44,3.3,88.5,23.55
BGW-04,6,64,20.27,3.3,91.2,21.19
BGW-04,6,65,21.41,3.3,94.0,21.1
BGW-04,6,66,19.45,3.3,97.0,21.74
BGW-04,6,67,21.72,3.3,100.1,20.41
BGW-04,6,68,21.16,3.3,103.3,20.23
BGW-04,6,69,19.19,3.3,106.7,19.36
BGW-04,6,70,18.94,3.3,110.3,19.31
BGW-04,6,71,21.36,3.3,113.9,18.91
BGW-04,6,72,19.76,3.3,117.7,19.05
BGW-04,6,73,19.33,3.3,121.6,18.94
BGW-04,6,74,20.38,3.3,125.7,18.89
BGW-04,6,75,20.92,3.3,129.9,17.29
BGW-04,6,76,15.85,3.3,134.1,18.0
BGW-04,6,77,18.48,3.3,138.5,16.67
BGW-04,6,78,18.48,3.3,143.0,16.14
BGW-04,6,79,17.32,3.3,147.6,17.02
BGW-04,6,80,15.96,3.3,152.3,16.1
BGW-04,6,81,16.73,3.3,157.0,16.28
BGW-04,6,82,18.42,3.3,161.8,14.61
BGW-04,6,83,16.58,3.3,166.7,15.66
BGW-04,6,84,16.26,3.3,171.6,14.33
BGW-04,6,85,14.82,3.3,176.6,14.03
BGW-04,6,86,15.74,3.3,181.6,13.08
BGW-04,6,87,16.27,3.3,186.7,12.99
BGW-04,6,88,15.54,3.3,191.7,12.23
BGW-04,6,89,14.53,3.3,196.8,11.7
BGW-04,6,90,16.34,3.3,201.9,11.33
BGW-04,6,91,15.42,3.3,207.0,11.1
BGW-04,6,92,15.14,3.3,212.1,10.39
BGW-04,6,93,13.77,3.3,217.2,10.42
BGW-04,6,94,15.52,3.3,222.3,10.0
BGW-04,6,95,13.87,3.3,227.3,9.2
BGW-04,6,96,14.34,3.3,232.3,8.62
BGW-04,6,97,14.26,3.3,237.3,8.06
BGW-04,6,98,12.4,3.3,242.2,8.0
BGW-04,6,99,13.68,3.3,247.1,7.4
BGW-04,6,100,12.88,3.3,251.9,6.68
BGW-04,6,101,12.41,3.3,256.7,6.35
BGW-04,6,102,12.14,3.3,261.3,5.85
BGW-04,6,103,12.33,3.3,266.0,5.58
BGW-04,6,104,11.72,3.3,270.5,5.3
BGW-04,6,105,11.88,3.3,275.0,4.84
BGW-04,6,106,12.21,3.3,279.5,4.3
BGW-04,6,107,12.4,3.3,283.8,4.04
BGW-04,6,108,11.06,3.3,288.0,3.64
BGW-04,6,109,11.1,3.3,292.2,3.29
BGW-04,6,110,11.81,3.3,296.3,2.94
BGW-04,6,111,11.29,3.3,300.3,2.52
BGW-04,6,112,10.75,3.3,304.2,2.05
BGW-04,6,113,10.53,3.3,308.1,1.8
BGW-04,6,114,10.33,3.3,311.8,1.46
BGW-04,6,115,10.62,3.3,315.5,1.09
BGW-04,6,116,11.54,3.3,319.0,0.8
BGW-04,6,117,10.42,3.3,322.5,0.5
BGW-04,6,118,10.45,3.3,325.9,0.17
BGW-04,6,119,10.43,3.3,329.2,0.0
BGW-04,6,120,9.63,3.3,332.5,0.0
BGW-04,6,121,10.22,3.3,335.6,0.0
BGW-04,6,122,8.87,3.3,338.6,0.0
BGW-04,6,123,10.46,3.3,341.6,0.0
BGW-04,6,124,10.21,3.3,344.5,0.0
BGW-04,6,125,10.55,3.3,347.3,0.0
BGW-04,7,11,17.27,4.1,72.5,24.97
BGW-04,7,12,18.68,4.1,72.5,25.29
BGW-04,7,13,18.4,4.1,72.6,25.12
BGW-04,7,14,20.7,4.1,72.6,24.09
BGW-04,7,15,22.75,4.1,72.6,25.13
BGW-04,7,16,23.13,4.1,71.8,24.88
BGW-04,7,17,21.83,4.1,69.9,24.49
BGW-04,7,18,23.26,4.1,68.3,23.96
BGW-04,7,19,21.9,4.1,66.9,25.58
BGW-04,7,20,23.14,4.1,65.8,25.4
BGW-04,7,21,23.06,4.1,64.8,24.78
BGW-04,7,22,23.62,4.1,64.0,24.67
BGW-04,7,23,23.67,4.1,63.2,24.16
BGW-04,7,24,22.52,4.1,62.6,24.84
BGW-04,7,25,22.51,4.1,62.1,25.94
BGW-04,7,26,24.93,4.1,61.7,25.27
BGW-04,7,27,23.67,4.1,61.3,25.71
BGW-04,7,28,22.92,4.1,61.0,24.74
BGW-04,7,29,21.51,4.1,60.8,25.17
BGW-04,7,30,22.7,4.1,60.6,24.02
BGW-04,7,31,24.8,4.1,60.5,24.6
BGW-04,7,32,26.01,4.1,60.5,25.71
BGW-04,7,33,22.13,4.1,60.5,24.53
BGW-04,7,34,22.93,4.1,60.5,24.53
BGW-04,7,35,22.21,4.1,60.7,24.5
BGW-04,7,36,22.5,4.1,60.9,25.33
BGW-04,7,37,23.85,4.1,61.1,24.48
BGW-04,7,38,23.29,4.1,61.5,23.64
BGW-04,7,39,24.53,4.1,61.9,25.95
BGW-04,7,40,22.5,4.1,62.4,23.55
BGW-04,7,41,24.85,4.1,62.9,23.99
BGW-04,7,42,22.55,4.1,63.6,25.5
BGW-04,7,43,20.63,4.1,64.3,22.93
BGW-04,7,44,23.82,4.1,65.2,24.97
BGW-04,7,45,22.99,4.1,66.1,23.66
BGW-04,7,46,23.83,4.1,67.2,24.95
BGW-04,7,47,24.17,4.1,68.4,24.0
BGW-04,7,48,23.91,4.1,69.7,24.33
BGW-04,7,49,23.25,4.1,71.2,24.14
BGW-04,7,50,22.33,4.1,72.8,23.39
BGW-04,7,51,20.98,4.1,74.5,24.77
BGW-04,7,52,21.42,4.1,76.5,23.27
BGW-04,7,53,21.06,4.1,78.5,22.1
BGW-04,7,54,21.1,4.1,80.8,23.52
BGW-04,7,55,19.58,4.1,83.2,22.9
BGW-04,7,56,22.54,4.1,85.9,23.28
BGW-04,7,57,20.71,4.1,88.7,22.97
BGW-04,7,58,22.56,4.1,91.7,22.76
BGW-04,7,59,21.25,4.1,94.9,21.78
BGW-04,7,60,20.92,4.1,98.4,21.94
BGW-04,7,61,23.58,4.1,102.0,22.72
BGW-04,7,62,20.78,4.1,105.9,21.07
BGW-04,7,63,21.0,4.1,109.9,20.45
BGW-04,7,64,22.02,4.1,114.2,21.25
BGW-04,7,65,19.22,4.1,118.7,20.09
BGW-04,7,66,20.71,4.1,123.5,21.05
BGW-04,7,67,19.4,4.1,128.4,20.74
BGW-04,7,68,20.77,4.1,133.6,18.81
BGW-04,7,69,18.2,4.1,138.9,18.18
BGW-04,7,70,20.73,4.1,144.5,18.64
BGW-04,7,71,20.11,4.1,150.3,17.12
BGW-04,7,72,19.54,4.1,156.3,17.69
BGW-04,7,73,20.16,4.1,162.4,17.62
BGW-04,7,74,19.13,4.1,168.8,16.97
BGW-04,7,75,17.66,4.1,175.3,15.73
BGW-04,7,76,17.39,4.1,181.9,14.65
BGW-04,7,77,19.86,4.1,188.8,14.71
BGW-04,7,78,16.52,4.1,195.7,14.97
BGW-04,7,79,14.95,4.1,202.8,14.51
BGW-04,7,80,16.61,4.1,210.1,13.32
BGW-04,7,81,16.82,4.1,217.4,13.1
BGW-04,7,82,16.15,4.1,224.9,12.2
BGW-04,7,83,15.93,4.1,232.4,11.97
BGW-04,7,84,17.33,4.1,240.0,11.22
BGW-04,7,85,15.19,4.1,247.7,10.74
BGW-04,7,86,15.92,4.1,255.4,10.25
BGW-04,7,87,16.42,4.1,263.2,9.22
BGW-04,7,88,14.61,4.1,271.0,9.42
BGW-04,7,89,16.0,4.1,278.8,8.95
BGW-04,7,90,14.68,4.1,286.6,7.8
BGW-04,7,91,13.79,4.1,294.5,7.58
BGW-04,7,92,13.48,4.1,302.3,6.7
BGW-04,7,93,11.98,4.1,310.1,6.39
BGW-04,7,94,13.65,4.1,317.9,5.82
BGW-04,7,95,13.26,4.1,325.6,5.1
BGW-04,7,96,13.23,4.1,333.3,4.61
BGW-04,7,97,12.76,4.1,340.9,3.97
BGW-04,7,98,13.5,4.1,348.4,3.46
BGW-04,7,99,13.15,4.1,355.9,3.08
BGW-04,7,100,12.59,4.1,363.3,2.43
BGW-04,7,101,12.3,4.1,370.6,1.89
BGW-04,7,102,12.72,4.1,377.8,1.35
BGW-04,7,103,12.61,4.1,384.9,0.88
BGW-04,7,104,12.47,4.1,391.9,0.35
BGW-04,7,105,12.31,4.1,398.8,0.0
BGW-04,7,106,11.44,4.1,405.6,0.0
BGW-04,7,107,12.48,4.1,412.3,0.0
BGW-04,7,108,12.23,4.1,418.8,0.0
BGW-04,7,109,10.82,4.1,425.2,0.0
BGW-04,7,110,11.08,4.1,431.5,0.0
BGW-04,7,111,11.01,4.1,437.7,0.0
BGW-04,7,112,10.59,4.1,443.8,0.0
BGW-04,7,113,11.07,4.1,449.7,0.0
BGW-04,7,114,11.02,4.1,455.5,0.0
BGW-04,7,115,11.17,4.1,461.1,0.0
BGW-04,7,116,9.99,4.1,466.6,0.0
BGW-04,7,117,10.7,4.1,472.0,0.0
BGW-04,7,118,11.52,4.1,477.3,0.0
BGW-04,7,119,10.62,4.1,482.4,0.0
BGW-04,7,120,10.18,4.1,487.4,0.0
BGW-04,7,121,10.58,4.1,492.3,0.0
BGW-04,7,122,10.4,4.1,497.0,0.0
BGW-04,8,10,9.95,2.7,57.6,24.72
BGW-04,8,11,11.86,2.7,57.6,25.21
BGW-04,8,12,12.38,2.7,57.6,25.44
BGW-04,8,13,13.32,2.7,57.6,25.8
BGW-04,8,14,15.63,2.7,57.6,25.97
BGW-04,8,15,18.43,2.7,57.6,24.97
BGW-04,8,16,16.53,2.7,57.4,25.47
BGW-04,8,17,16.57,2.7,57.3,25.22
BGW-04,8,18,17.9,2.7,57.2,24.88
BGW-04,8,19,17.68,2.7,57.1,26.56
BGW-04,8,20,18.09,2.7,57.0,25.45
BGW-04,8,21,18.52,2.7,56.8,23.98
BGW-04,8,22,17.73,2.7,56.7,25.73
BGW-04,8,23,20.31,2.7,56.6,24.0
BGW-04,8,24,20.2,2.7,56.5,24.04
BGW-04,8,25,18.67,2.7,56.4,24.68
BGW-04,8,26,18.63,2.7,56.3,24.63
BGW-04,8,27,19.59,2.7,56.2,25.81
BGW-04,8,28,21.1,2.7,56.0,26.18
BGW-04,8,29,19.71,2.7,55.7,24.76
BGW-04,8,30,20.49,2.7,55.6,24.22
BGW-04,8,31,21.65,2.7,55.4,24.33
BGW-04,8,32,18.95,2.7,55.3,25.19
BGW-04,8,33,20.43,2.7,55.2,24.85
BGW-04,8,34,19.83,2.7,55.2,25.73
BGW-04,8,35,20.25,2.7,55.2,23.77
BGW-04,8,36,18.83,2.7,55.2,24.99
BGW-04,8,37,20.42,2.7,55.3,24.78
BGW-04,8,38,20.27,2.7,55.4,25.8
BGW-04,8,39,19.1,2.7,55.6,25.4
BGW-04,8,40,17.59,2.7,55.7,24.56
BGW-04,8,41,18.83,2.7,56.0,26.06
BGW-04,8,42,18.33,2.7,56.3,23.73
BGW-04,8,43,19.6,2.7,56.6,24.51
BGW-04,8,44,19.67,2.7,57.0,25.56
BGW-04,8,45,20.39,2.7,57.4,25.06
BGW-04,8,46,19.17,2.7,57.9,23.68
BGW-04,8,47,18.92,2.7,58.4,25.69
BGW-04,8,48,19.7,2.7,59.1,23.75
BGW-04,8,49,19.21,2.7,59.7,24.28
BGW-04,8,50,20.11,2.7,60.5,23.55
BGW-04,8,51,20.76,2.7,61.3,24.11
BGW-04,8,52,19.63,2.7,62.2,23.19
BGW-04,8,53,18.72,2.7,63.2,24.04
BGW-04,8,54,18.92,2.7,64.2,23.04
BGW-04,8,55,20.56,2.7,65.4,22.9
BGW-04,8,56,18.07,2.7,66.6,21.86
BGW-04,8,57,18.63,2.7,67.9,22.65
BGW-04,8,58,18.73,2.7,69.3,23.34
BGW-04,8,59,16.95,2.7,70.8,22.22
BGW-04,8,60,17.94,2.7,72.4,21.71
BGW-04,8,61,18.43,2.7,74.1,22.23
BGW-04,8,62,18.28,2.7,75.9,22.98
BGW-04,8,63,17.66,2.7,77.7,20.91
BGW-04,8,64,18.38,2.7,79.7,21.11
BGW-04,8,65,16.7,2.7,81.8,22.51
BGW-04,8,66,17.35,2.7,83.9,21.41
BGW-04,8,67,17.6,2.7,86.2,20.53
BGW-04,8,68,18.02,2.7,88.5,21.31
BGW-04,8,69,15.35,2.7,90.9,19.9
BGW-04,8,70,15.82,2.7,93.5,20.3
BGW-04,8,71,15.76,2.7,96.1,19.81
BGW-04,8,72,17.32,2.7,98.7,19.06
BGW-04,8,73,16.09,2.7,101.5,19.86
BGW-04,8,74,15.83,2.7,104.3,19.94
BGW-04,8,75,16.41,2.7,107.2,18.46
BGW-04,8,76,16.01,2.7,110.2,17.51
BGW-04,8,77,14.59,2.7,113.2,17.45
BGW-04,8,78,14.48,2.7,116.3,18.7
BGW-04,8,79,14.32,2.7,119.5,17.15
BGW-04,8,80,15.33,2.7,122.6,16.76
BGW-04,8,81,13.08,2.7,125.9,17.43
BGW-04,8,82,13.21,2.7,129.1,15.04
BGW-04,8,83,13.53,2.7,132.4,15.19
BGW-04,8,84,13.69,2.7,135.7,15.71
BGW-04,8,85,13.43,2.7,139.1,14.63
BGW-04,8,86,14.84,2.7,142.4,13.73
BGW-04,8,87,12.12,2.7,145.8,14.11
BGW-04,8,88,12.45,2.7,149.1,13.75
BGW-04,8,89,12.23,2.7,152.5,13.16
BGW-04,8,90,11.67,2.7,155.9,12.76
BGW-04,8,91,12.56,2.7,159.2,13.17
BGW-04,8,92,12.23,2.7,162.6,12.2
BGW-04,8,93,11.37,2.7,165.9,12.71
BGW-04,8,94,11.85,2.7,169.2,11.71
BGW-04,8,95,11.6,2.7,172.4,10.66
BGW-04,8,96,11.64,2.7,175.7,10.79
BGW-04,8,97,11.22,2.7,178.9,10.44
BGW-04,8,98,9.92,2.7,182.1,10.56
BGW-04,8,99,11.24,2.7,185.2,9.88
BGW-04,8,100,10.65,2.7,188.3,9.1
BGW-04,8,101,9.86,2.7,191.4,9.67
BGW-04,8,102,9.94,2.7,194.4,8.39
BGW-04,8,103,10.23,2.7,197.3,8.44
BGW-04,8,104,10.04,2.7,200.2,8.14
BGW-04,8,105,10.23,2.7,203.1,7.86
BGW-05,1,11,13.52,3.3,69.6,26.12
BGW-05,1,12,15.16,3.3,69.6,24.71
BGW-05,1,13,18.42,3.3,69.6,24.89
BGW-05,1,14,19.48,3.3,69.6,25.75
BGW-05,1,15,21.27,3.3,69.6,23.43
BGW-05,1,16,21.77,3.3,69.6,24.58
BGW-05,1,17,21.8,3.3,68.3,24.98
BGW-05,1,18,22.43,3.3,66.6,25.46
BGW-05,1,19,24.15,3.3,65.2,25.56
BGW-05,1,20,20.26,3.3,64.0,24.76
BGW-05,1,21,22.38,3.3,63.0,24.13
BGW-05,1,22,21.92,3.3,62.2,24.36
BGW-05,1,23,22.31,3.3,61.4,25.07
BGW-05,1,24,19.29,3.3,60.8,25.65
BGW-05,1,25,23.96,3.3,60.3,25.89
BGW-05,1,26,21.17,3.3,59.9,26.22
BGW-05,1,27,22.11,3.3,59.5,24.86
BGW-05,1,28,22.54,3.3,59.2,24.41
BGW-05,1,29,23.01,3.3,59.0,25.18
BGW-05,1,30,21.0,3.3,58.8,23.53
BGW-05,1,31,22.05,3.3,58.7,24.78
BGW-05,1,32,19.94,3.3,58.7,25.41
BGW-05,1,33,19.89,3.3,58.7,24.27
BGW-05,1,34,23.43,3.3,58.8,25.0
BGW-05,1,35,19.84,3.3,59.0,25.48
BGW-05,1,36,21.77,3.3,59.2,23.03
BGW-05,1,37,22.06,3.3,59.5,24.37
BGW-05,1,38,20.64,3.3,59.8,24.63
BGW-05,1,39,21.41,3.3,60.3,24.17
BGW-05,1,40,21.79,3.3,60.8,23.84
BGW-05,1,41,20.28,3.3,61.4,25.06
BGW-05,1,42,21.86,3.3,62.1,24.79
BGW-05,1,43,20.09,3.3,63.0,24.5
BGW-05,1,44,19.52,3.3,63.9,24.36
BGW-05,1,45,22.16,3.3,64.9,22.18
BGW-05,1,46,23.24,3.3,66.1,24.49
BGW-05,1,47,21.74,3.3,67.4,24.32
BGW-05,1,48,21.6,3.3,68.8,24.21
BGW-05,1,49,21.89,3.3,70.4,22.76
BGW-05,1,50,22.36,3.3,72.2,22.64
BGW-05,1,51,21.94,3.3,74.1,23.49
BGW-05,1,52,23.17,3.3,76.2,23.65
BGW-05,1,53,19.79,3.3,78.5,23.15
BGW-05,1,54,19.38,3.3,80.9,23.75
BGW-05,1,55,21.31,3.3,83.6,22.2
BGW-05,1,56,20.17,3.3,86.5,21.31
BGW-05,1,57,21.34,3.3,89.5,22.09
BGW-05,1,58,19.92,3.3,92.8,21.83
BGW-05,1,59,19.7,3.3,96.3,21.66
BGW-05,1,60,19.14,3.3,100.1,21.49
BGW-05,1,61,19.82,3.3,104.0,21.09
BGW-05,1,62,20.53,3.3,108.2,20.8
BGW-05,1,63,20.21,3.3,112.7,19.17
BGW-05,1,64,18.73,3.3,117.3,19.28
BGW-05,1,65,19.8,3.3,122.2,18.83
BGW-05,1,66,18.27,3.3,127.3,18.98
BGW-05,1,67,19.29,3.3,132.7,19.01
BGW-05,1,68,18.13,3.3,138.2,18.08
BGW-05,1,69,17.83,3.3,144.0,18.02
BGW-05,1,70,20.41,3.3,150.0,18.37
BGW-05,1,71,19.45,3.3,156.2,16.11
BGW-05,1,72,18.55,3.3,162.6,16.43
BGW-05,1,73,18.8,3.3,169.1,15.42
BGW-05,1,74,18.3,3.3,175.9,15.77
BGW-05,1,75,18.03,3.3,182.8,15.15
BGW-05,1,76,15.89,3.3,189.9,14.75
BGW-05,1,77,18.13,3.3,197.1,13.44
BGW-05,1,78,18.64,3.3,204.5,14.65
BGW-05,1,79,16.44,3.3,212.0,12.42
BGW-05,1,80,16.73,3.3,219.6,12.5
BGW-05,1,81,15.24,3.3,227.3,12.06
BGW-05,1,82,14.71,3.3,235.1,11.3
BGW-05,1,83,12.41,3.3,243.0,10.44
BGW-05,1,84,16.03,3.3,250.9,9.69
BGW-05,1,85,13.92,3.3,258.9,9.09
BGW-05,1,86,14.87,3.3,266.9,8.86
BGW-05,1,87,15.01,3.3,274.9,7.92
BGW-05,1,88,13.55,3.3,283.0,7.22
BGW-05,1,89,16.54,3.3,291.0,6.6
BGW-05,1,90,15.87,3.3,299.1,5.9
BGW-05,1,91,12.81,3.3,307.1,5.55
BGW-05,1,92,13.1,3.3,315.1,4.62
BGW-05,1,93,14.13,3.3,323.1,3.94
BGW-05,1,94,13.7,3.3,330.9,3.33
BGW-05,1,95,12.83,3.3,338.8,2.9
BGW-05,1,96,13.39,3.3,346.5,2.15
BGW-05,1,97,13.47,3.3,354.2,1.6
BGW-05,1,98,13.6,3.3,361.8,0.94
BGW-05,1,99,11.81,3.3,369.3,0.4
BGW-05,1,100,12.21,3.3,376.7,0.0
BGW-05,1,101,11.14,3.3,384.0,0.0
BGW-05,1,102,11.11,3.3,391.2,0.0
BGW-05,1,103,10.34,3.3,398.3,0.0
BGW-05,1,104,12.11,3.3,405.3,0.0
BGW-05,1,105,11.61,3.3,412.1,0.0
BGW-05,1,106,11.35,3.3,418.8,0.0
BGW-05,1,107,10.47,3.3,425.4,0.0
BGW-05,1,108,11.41,3.3,431.8,0.0
BGW-05,1,109,11.24,3.3,438.1,0.0
BGW-05,1,110,12.68,3.3,444.3,0.0
BGW-05,1,111,10.43,3.3,450.4,0.0
BGW-05,1,112,10.74,3.3,456.2,0.0
BGW-05,1,113,10.05,3.3,462.0,0.0
BGW-05,1,114,11.7,3.3,467.6,0.0
BGW-05,1,115,10.85,3.3,473.1,0.0
BGW-05,1,116,11.3,3.3,478.4,0.0
BGW-05,1,117,10.83,3.3,483.6,0.0
BGW-05,1,118,9.62,3.3,488.7,0.0
BGW-05,1,119,10.65,3.3,493.6,0.0
BGW-05,1,120,10.28,3.3,498.4,0.0
BGW-05,2,11,13.35,3.1,67.1,24.33
BGW-05,2,12,14.17,3.1,67.1,24.53
BGW-05,2,13,17.53,3.1,67.1,25.54
BGW-05,2,14,17.14,3.1,67.2,24.75
BGW-05,2,15,19.67,3.1,67.2,25.66
BGW-05,2,16,19.32,3.1,67.0,25.03
BGW-05,2,17,23.16,3.1,66.9,26.33
BGW-05,2,18,24.3,3.1,66.7,25.64
BGW-05,2,19,24.84,3.1,66.5,24.22
BGW-05,2,20,23.1,3.1,65.3,26.74
BGW-05,2,21,21.41,3.1,64.2,25.13
BGW-05,2,22,21.95,3.1,63.4,24.51
BGW-05,2,23,24.1,3.1,62.6,25.07
BGW-05,2,24,23.92,3.1,62.0,24.87
BGW-05,2,25,25.3,3.1,61.4,25.21
BGW-05,2,26,23.26,3.1,60.9,25.83
BGW-05,2,27,23.08,3.1,60.5,25.14
BGW-05,2,28,21.85,3.1,60.2,25.36
BGW-05,2,29,23.98,3.1,59.9,25.09
BGW-05,2,30,21.18,3.1,59.7,24.56
BGW-05,2,31,21.29,3.1,59.5,25.11
BGW-05,2,32,20.88,3.1,59.4,25.13
BGW-05,2,33,21.53,3.1,59.4,24.91
BGW-05,2,34,21.28,3.1,59.4,24.58
BGW-05,2,35,20.53,3.1,59.4,23.54
BGW-05,2,36,24.07,3.1,59.5,25.34
BGW-05,2,37,26.49,3.1,59.7,25.18
BGW-05,2,38,21.27,3.1,59.9,24.73
BGW-05,2,39,21.38,3.1,60.1,24.42
BGW-05,2,40,22.46,3.1,60.4,24.53
BGW-05,2,41,23.41,3.1,60.8,24.27
BGW-05,2,42,21.65,3.1,61.2,25.06
BGW-05,2,43,23.95,3.1,61.8,23.85
BGW-05,2,44,23.79,3.1,62.3,26.15
BGW-05,2,45,22.69,3.1,63.0,23.15
BGW-05,2,46,23.26,3.1,63.8,23.99
BGW-05,2,47,21.69,3.1,64.6,24.6
BGW-05,2,48,21.77,3.1,65.5,22.95
BGW-05,2,49,22.35,3.1,66.5,23.58
BGW-05,2,50,21.33,3.1,67.7,22.56
BGW-05,2,51,22.89,3.1,68.9,24.63
BGW-05,2,52,22.88,3.1,70.2,24.39
BGW-05,2,53,23.29,3.1,71.7,22.58
BGW-05,2,54,22.03,3.1,73.3,24.31
BGW-05,2,55,20.25,3.1,75.0,24.52
BGW-05,2,56,21.32,3.1,76.9,22.81
BGW-05,2,57,21.05,3.1,78.9,23.36
BGW-05,2,58,21.88,3.1,81.0,21.05
BGW-05,2,59,22.58,3.1,83.3,21.27
BGW-05,2,60,24.23,3.1,85.8,22.92
BGW-05,2,61,22.11,3.1,88.4,23.1
BGW-05,2,62,19.51,3.1,91.1,21.53
BGW-05,2,63,20.16,3.1,94.1,21.27
BGW-05,2,64,19.55,3.1,97.1,21.45
BGW-05,2,65,21.53,3.1,100.4,21.71
BGW-05,2,66,19.67,3.1,103.8,21.01
BGW-05,2,67,19.18,3.1,107.4,20.61
BGW-05,2,68,20.13,3.1,111.2,20.62
BGW-05,2,69,18.39,3.1,115.1,19.5
BGW-05,2,70,20.38,3.1,119.2,19.19
BGW-05,2,71,20.82,3.1,123.5,19.75
BGW-05,2,72,17.97,3.1,127.9,19.32
BGW-05,2,73,18.39,3.1,132.5,18.25
BGW-05,2,74,20.06,3.1,137.3,18.27
BGW-05,2,75,20.52,3.1,142.2,17.78
BGW-05,2,76,17.15,3.1,147.2,18.86
BGW-05,2,77,17.47,3.1,152.4,16.56
BGW-05,2,78,17.6,3.1,157.7,17.02
BGW-05,2,79,17.85,3.1,163.2,15.12
BGW-05,2,80,16.31,3.1,168.8,15.14
BGW-05,2,81,17.81,3.1,174.4,14.47
BGW-05,2,82,18.08,3.1,180.2,14.14
BGW-05,2,83,16.81,3.1,186.1,14.52
BGW-05,2,84,15.54,3.1,192.1,13.29
BGW-05,2,85,16.84,3.1,198.2,12.78
BGW-05,2,86,17.11,3.1,204.4,12.88
BGW-05,2,87,16.36,3.1,210.6,12.22
BGW-05,2,88,16.19,3.1,216.9,11.29
BGW-05,2,89,15.17,3.1,223.2,10.64
BGW-05,2,90,14.27,3.1,229.6,10.73
BGW-05,2,91,15.11,3.1,236.0,10.22
BGW-05,2,92,14.54,3.1,242.4,8.71
BGW-05,2,93,15.55,3.1,248.9,8.97
BGW-05,2,94,15.5,3.1,255.4,8.34
BGW-05,2,95,14.52,3.1,261.8,8.48
BGW-05,2,96,14.34,3.1,268.3,6.9
BGW-05,2,97,13.04,3.1,274.7,6.53
BGW-05,2,98,14.09,3.1,281.2,6.08
BGW-05,2,99,13.09,3.1,287.6,5.7
BGW-05,2,100,13.95,3.1,293.9,4.86
BGW-05,2,101,14.16,3.1,300.2,4.49
BGW-05,2,102,14.81,3.1,306.5,3.64
BGW-05,2,103,13.06,3.1,312.7,3.56
BGW-05,2,104,13.11,3.1,318.9,2.89
BGW-05,2,105,13.16,3.1,325.0,2.46
BGW-05,2,106,13.1,3.1,331.0,1.96
BGW-05,2,107,12.26,3.1,337.0,1.38
BGW-05,2,108,12.29,3.1,342.9,0.97
BGW-05,2,109,11.15,3.1,348.7,0.48
BGW-05,2,110,13.05,3.1,354.4,0.01
BGW-05,2,111,11.12,3.1,360.0,0.0
BGW-05,2,112,11.32,3.1,365.6,0.0
BGW-05,2,113,12.08,3.1,371.0,0.0
BGW-05,2,114,11.26,3.1,376.4,0.0
BGW-05,2,115,11.37,3.1,381.7,0.0
BGW-05,2,116,10.98,3.1,386.8,0.0
BGW-05,2,117,11.09,3.1,391.9,0.0
BGW-05,2,118,12.9,3.1,396.9,0.0
BGW-05,2,119,10.66,3.1,401.7,0.0
BGW-05,2,120,10.02,3.1,406.5,0.0
BGW-05,2,121,10.03,3.1,411.1,0.0
BGW-05,2,122,10.01,3.1,415.7,0.0
BGW-05,2,123,9.96,3.1,420.2,0.0
BGW-05,2,124,10.42,3.1,424.5,0.0
BGW-05,2,125,11.23,3.1,428.8,0.0
BGW-05,2,126,9.9,3.1,432.9,0.0
BGW-05,2,127,9.74,3.1,437.0,0.0
BGW-05,2,128,10.52,3.1,440.9,0.0
BGW-05,2,129,9.43,3.1,444.8,0.0
BGW-05,2,130,11.0,3.1,448.5,0.0
BGW-05,3,14,14.64,3.5,72.0,24.12
BGW-05,3,15,18.95,3.5,72.0,25.21
BGW-05,3,16,15.18,3.5,72.1,24.44
BGW-05,3,17,20.13,3.5,72.1,24.97
BGW-05,3,18,19.23,3.5,72.1,23.72
BGW-05,3,19,21.79,3.5,70.5,25.48
BGW-05,3,20,22.02,3.5,68.5,25.28
BGW-05,3,21,23.99,3.5,66.9,24.56
BGW-05,3,22,24.84,3.5,65.4,24.15
BGW-05,3,23,20.25,3.5,64.2,25.07
BGW-05,3,24,22.19,3.5,63.2,25.49
BGW-05,3,25,21.66,3.5,62.3,24.91
BGW-05,3,26,21.38,3.5,61.6,24.85
BGW-05,3,27,22.73,3.5,60.9,24.69
BGW-05,3,28,20.51,3.5,60.4,24.54
BGW-05,3,29,21.34,3.5,59.9,25.28
BGW-05,3,30,21.79,3.5,59.5,24.62
BGW-05,3,31,23.15,3.5,59.1,26.56
BGW-05,3,32,22.92,3.5,58.8,24.81
BGW-05,3,33,22.36,3.5,58.6,24.77
BGW-05,3,34,21.39,3.5,58.4,23.69
BGW-05,3,35,21.66,3.5,58.2,24.71
BGW-05,3,36,19.96,3.5,58.1,24.76
BGW-05,3,37,22.3,3.5,58.0,24.16
BGW-05,3,38,21.14,3.5,58.0,25.39
BGW-05,3,39,21.24,3.5,58.0,24.62
BGW-05,3,40,22.96,3.5,58.1,25.52
BGW-05,3,41,21.81,3.5,58.1,23.85
BGW-05,3,42,21.04,3.5,58.3,24.76
BGW-05,3,43,19.58,3.5,58.5,24.44
BGW-05,3,44,26.2,3.5,58.7,23.57
BGW-05,3,45,19.4,3.5,58.9,23.23
BGW-05,3,46,20.14,3.5,59.2,24.43
BGW-05,3,47,21.52,3.5,59.6,23.93
BGW-05,3,48,23.62,3.5,60.0,25.39
BGW-05,3,49,20.36,3.5,60.5,25.35
BGW-05,3,50,21.77,3.5,61.0,24.58
BGW-05,3,51,18.69,3.5,61.6,24.03
BGW-05,3,52,22.34,3.5,62.3,24.62
BGW-05,3,53,22.26,3.5,63.0,23.85
BGW-05,3,54,21.58,3.5,63.8,26.4
BGW-05,3,55,22.5,3.5,64.7,23.83
BGW-05,3,56,20.94,3.5,65.7,24.55
BGW-05,3,57,22.42,3.5,66.8,24.33
BGW-05,3,58,21.5,3.5,67.9,23.8
BGW-05,3,59,19.43,3.5,69.2,22.48
BGW-05,3,60,22.59,3.5,70.5,24.19
BGW-05,3,61,19.56,3.5,72.0,23.29
BGW-05,3,62,21.12,3.5,73.6,24.47
BGW-05,3,63,21.96,3.5,75.3,24.11
BGW-05,3,64,20.6,3.5,77.2,23.47
BGW-05,3,65,19.52,3.5,79.1,23.27
BGW-05,3,66,20.69,3.5,81.2,23.27
BGW-05,3,67,20.68,3.5,83.5,22.12
BGW-05,3,68,19.92,3.5,85.8,22.74
BGW-05,3,69,23.28,3.5,88.4,21.81
BGW-05,3,70,20.44,3.5,91.1,22.44
BGW-05,3,71,22.67,3.5,93.9,22.26
BGW-05,3,72,22.42,3.5,96.9,22.83
BGW-05,3,73,19.02,3.5,100.1,21.6
BGW-05,3,74,20.38,3.5,103.4,21.0
BGW-05,3,75,20.3,3.5,106.9,20.46
BGW-05,3,76,18.67,3.5,110.6,19.83
BGW-05,3,77,20.43,3.5,114.4,19.74
BGW-05,3,78,17.58,3.5,118.4,19.57
BGW-05,3,79,19.07,3.5,122.6,20.1
BGW-05,3,80,18.86,3.5,127.0,19.58
BGW-05,3,81,17.5,3.5,131.5,19.06
BGW-05,3,82,19.62,3.5,136.2,18.51
BGW-05,3,83,19.55,3.5,141.0,19.27
BGW-05,3,84,20.76,3.5,146.0,17.86
BGW-05,3,85,18.3,3.5,151.2,17.86
BGW-05,3,86,15.95,3.5,156.6,16.81
BGW-05,3,87,18.07,3.5,162.1,17.28
BGW-05,3,88,18.59,3.5,167.7,16.15
BGW-05,3,89,17.66,3.5,173.6,16.01
BGW-05,3,90,15.07,3.5,179.5,16.09
BGW-05,3,91,15.32,3.5,185.6,14.65
BGW-05,3,92,16.0,3.5,191.8,15.45
BGW-05,3,93,15.44,3.5,198.1,14.53
BGW-05,3,94,16.79,3.5,204.6,14.04
BGW-05,3,95,16.75,3.5,211.2,13.28
BGW-05,3,96,16.97,3.5,217.9,12.94
BGW-05,3,97,15.82,3.5,224.6,12.07
BGW-05,3,98,16.31,3.5,231.5,12.11
BGW-05,3,99,15.66,3.5,238.5,11.49
BGW-05,3,100,14.38,3.5,245.5,11.05
BGW-05,3,101,15.37,3.5,252.6,9.97
BGW-05,3,102,13.01,3.5,259.8,9.73
BGW-05,3,103,15.02,3.5,267.0,8.98
BGW-05,3,104,13.89,3.5,274.3,8.29
BGW-05,3,105,14.14,3.5,281.6,8.37
BGW-05,3,106,14.31,3.5,288.9,7.43
BGW-05,3,107,12.78,3.5,296.3,6.75
BGW-05,3,108,12.44,3.5,303.7,7.1
BGW-05,3,109,13.47,3.5,311.0,6.39
BGW-05,3,110,14.07,3.5,318.4,5.45
BGW-05,3,111,13.91,3.5,325.8,4.99
BGW-05,3,112,12.24,3.5,333.2,4.41
BGW-05,3,113,13.37,3.5,340.5,3.88
BGW-05,3,114,12.2,3.5,347.8,3.26
BGW-05,3,115,12.0,3.5,355.1,2.88
BGW-05,3,116,11.87,3.5,362.4,2.4
BGW-05,3,117,12.31,3.5,369.6,1.69
BGW-05,3,118,11.63,3.5,376.8,1.17
BGW-05,3,119,11.79,3.5,383.9,0.68
BGW-05,3,120,11.51,3.5,390.9,0.19
BGW-05,3,121,10.71,3.5,397.9,0.0
BGW-05,3,122,11.34,3.5,404.8,0.0
BGW-05,3,123,12.55,3.5,411.7,0.0
BGW-05,3,124,10.53,3.5,418.5,0.0
BGW-05,3,125,11.3,3.5,425.2,0.0
BGW-05,3,126,11.18,3.5,431.8,0.0
BGW-05,3,127,11.4,3.5,438.3,0.0
BGW-05,3,128,10.05,3.5,444.8,0.0
BGW-05,3,129,11.09,3.5,451.1,0.0
BGW-05,3,130,10.84,3.5,457.4,0.0
BGW-05,3,131,10.8,3.5,463.5,0.0
BGW-05,3,132,11.35,3.5,469.6,0.0
BGW-05,3,133,10.3,3.5,475.6,0.0
BGW-05,3,134,11.03,3.5,481.4,0.0
BGW-05,3,135,9.85,3.5,487.2,0.0
BGW-05,3,136,10.61,3.5,492.9,0.0
BGW-05,4,17,15.07,3.1,72.4,24.68
BGW-05,4,18,18.6,3.1,72.4,25.09
BGW-05,4,19,21.74,3.1,72.4,25.32
BGW-05,4,20,21.31,3.1,72.4,23.4
BGW-05,4,21,19.57,3.1,70.7,24.47
BGW-05,4,22,19.36,3.1,68.5,24.0
BGW-05,4,23,20.93,3.1,66.7,25.68
BGW-05,4,24,20.75,3.1,65.2,25.59
BGW-05,4,25,22.24,3.1,63.9,24.84
BGW-05,4,26,20.97,3.1,62.8,24.4
BGW-05,4,27,20.82,3.1,61.9,25.35
BGW-05,4,28,21.63,3.1,61.1,24.67
BGW-05,4,29,21.13,3.1,60.4,24.79
BGW-05,4,30,21.51,3.1,59.8,23.8
BGW-05,4,31,18.84,3.1,59.3,25.09
BGW-05,4,32,21.56,3.1,58.9,24.84
BGW-05,4,33,21.04,3.1,58.5,23.39
BGW-05,4,34,19.92,3.1,58.2,26.16
BGW-05,4,35,18.5,3.1,58.0,23.58
BGW-05,4,36,21.6,3.1,57.8,24.32
BGW-05,4,37,22.05,3.1,57.6,25.23
BGW-05,4,38,20.07,3.1,57.5,25.56
BGW-05,4,39,20.28,3.1,57.4,25.41
BGW-05,4,40,21.86,3.1,57.4,24.06
BGW-05,4,41,19.19,3.1,57.4,25.29
BGW-05,4,42,19.72,3.1,57.4,23.17
BGW-05,4,43,20.66,3.1,57.5,24.27
BGW-05,4,44,21.82,3.1,57.6,24.8
BGW-05,4,45,21.41,3.1,57.8,25.01
BGW-05,4,46,22.78,3.1,58.0,26.03
BGW-05,4,47,22.56,3.1,58.3,23.73
BGW-05,4,48,20.6,3.1,58.6,24.47
BGW-05,4,49,19.69,3.1,58.9,24.62
BGW-05,4,50,20.75,3.1,59.3,24.25
BGW-05,4,51,20.51,3.1,59.8,25.1
BGW-05,4,52,19.8,3.1,60.3,24.11
BGW-05,4,53,21.66,3.1,60.9,25.71
BGW-05,4,54,21.95,3.1,61.5,22.72
BGW-05,4,55,21.61,3.1,62.2,23.48
BGW-05,4,56,23.38,3.1,63.0,24.18
BGW-05,4,57,21.16,3.1,63.9,23.87
BGW-05,4,58,22.28,3.1,64.8,23.93
BGW-05,4,59,20.29,3.1,65.8,23.33
BGW-05,4,60,21.36,3.1,66.9,22.97
BGW-05,4,61,20.19,3.1,68.1,23.79
BGW-05,4,62,21.79,3.1,69.4,24.38
BGW-05,4,63,21.03,3.1,70.8,23.19
BGW-05,4,64,21.8,3.1,72.3,23.46
BGW-05,4,65,20.64,3.1,73.9,24.16
BGW-05,4,66,17.68,3.1,75.7,22.2
BGW-05,4,67,20.7,3.1,77.5,23.15
BGW-05,4,68,18.38,3.1,79.5,22.84
BGW-05,4,69,21.83,3.1,81.6,23.84
BGW-05,4,70,20.99,3.1,83.8,24.48
BGW-05,4,71,20.7,3.1,86.2,22.24
BGW-05,4,72,22.36,3.1,88.7,22.8
BGW-05,4,73,18.82,3.1,91.4,23.41
BGW-05,4,74,18.6,3.1,94.2,22.7
BGW-05,4,75,18.56,3.1,97.1,22.15
BGW-05,4,76,20.95,3.1,100.2,20.76
BGW-05,4,77,18.26,3.1,103.5,21.91
BGW-05,4,78,19.65,3.1,106.9,21.68
BGW-05,4,79,18.19,3.1,110.5,20.62
BGW-05,4,80,19.05,3.1,114.3,19.33
BGW-05,4,81,18.62,3.1,118.2,20.65
BGW-05,4,82,19.07,3.1,122.3,19.82
BGW-05,4,83,17.47,3.1,126.5,18.01
BGW-05,4,84,18.66,3.1,130.9,19.3
BGW-05,4,85,18.09,3.1,135.4,19.51
BGW-05,4,86,18.58,3.1,140.1,19.23
BGW-05,4,87,17.84,3.1,145.0,18.76
BGW-05,4,88,16.52,3.1,150.0,17.87
BGW-05,4,89,16.24,3.1,155.2,17.23
BGW-05,4,90,17.88,3.1,160.5,17.51
BGW-05,4,91,17.81,3.1,166.0,17.59
BGW-05,4,92,16.21,3.1,171.6,16.2
BGW-05,4,93,18.04,3.1,177.3,15.44
BGW-05,4,94,17.24,3.1,183.2,15.54
BGW-05,4,95,17.16,3.1,189.2,14.78
BGW-05,4,96,14.25,3.1,195.4,13.71
BGW-05,4,97,16.69,3.1,201.6,13.93
BGW-05,4,98,14.96,3.1,208.0,13.61
BGW-05,4,99,15.89,3.1,214.4,12.78
BGW-05,4,100,15.35,3.1,221.0,12.26
BGW-05,4,101,14.53,3.1,227.6,12.46
BGW-05,4,102,14.49,3.1,234.4,11.53
BGW-05,4,103,14.28,3.1,241.2,11.54
BGW-05,4,104,14.14,3.1,248.1,10.78
BGW-05,4,105,13.54,3.1,255.0,10.22
BGW-05,4,106,14.06,3.1,262.0,9.54
BGW-05,4,107,12.82,3.1,269.1,8.68
BGW-05,4,108,14.53,3.1,276.2,8.29
BGW-05,4,109,12.86,3.1,283.3,8.13
BGW-05,4,110,13.33,3.1,290.5,7.63
BGW-05,4,111,12.38,3.1,297.7,7.22
BGW-05,4,112,12.16,3.1,304.9,6.64
BGW-05,4,113,12.85,3.1,312.1,6.07
BGW-05,4,114,13.46,3.1,319.3,5.4
BGW-05,4,115,12.67,3.1,326.5,4.92
BGW-05,4,116,12.96,3.1,333.7,4.22
BGW-05,4,117,12.87,3.1,340.9,3.88
BGW-05,4,118,12.86,3.1,348.1,3.52
BGW-05,4,119,11.77,3.1,355.2,2.77
BGW-05,4,120,11.39,3.1,362.4,2.42
BGW-05,4,121,11.5,3.1,369.4,1.87
BGW-05,4,122,10.86,3.1,376.5,1.4
BGW-05,4,123,13.25,3.1,383.4,0.89
BGW-05,4,124,12.61,3.1,390.4,0.37
BGW-05,4,125,10.54,3.1,397.2,0.0
BGW-05,4,126,11.5,3.1,404.0,0.0
BGW-05,4,127,10.57,3.1,410.8,0.0
BGW-05,4,128,10.31,3.1,417.5,0.0
BGW-05,4,129,10.51,3.1,424.1,0.0
BGW-05,4,130,11.38,3.1,430.6,0.0
BGW-05,4,131,10.81,3.1,437.1,0.0
BGW-05,4,132,8.75,3.1,443.4,0.0
BGW-05,4,133,9.29,3.1,449.7,0.0
BGW-05,4,134,10.86,3.1,455.9,0.0
BGW-05,4,135,11.69,3.1,462.0,0.0
BGW-05,4,136,9.78,3.1,468.1,0.0
BGW-05,5,14,13.4,2.8,68.1,24.54
BGW-05,5,15,15.56,2.8,68.1,24.12
BGW-05,5,16,18.24,2.8,68.2,24.11
BGW-05,5,17,16.3,2.8,68.2,25.69
BGW-05,5,18,19.15,2.8,68.2,25.53
BGW-05,5,19,20.77,2.8,68.0,25.34
BGW-05,5,20,19.29,2.8,66.4,24.58
BGW-05,5,21,21.61,2.8,64.8,24.04
BGW-05,5,22,18.47,2.8,63.5,25.18
BGW-05,5,23,17.6,2.8,62.4,24.55
BGW-05,5,24,20.68,2.8,61.4,23.86
BGW-05,5,25,19.33,2.8,60.6,23.9
BGW-05,5,26,20.5,2.8,59.9,25.26
BGW-05,5,27,19.16,2.8,59.3,25.8
BGW-05,5,28,20.11,2.8,58.8,24.51
BGW-05,5,29,19.71,2.8,58.4,24.52
BGW-05,5,30,24.35,2.8,58.0,25.26
BGW-05,5,31,21.73,2.8,57.7,24.62
BGW-05,5,32,20.1,2.8,57.4,24.2
BGW-05,5,33,20.27,2.8,57.2,24.46
BGW-05,5,34,21.57,2.8,57.0,25.05
BGW-05,5,35,20.2,2.8,56.9,24.23
BGW-05,5,36,19.63,2.8,56.8,23.47
BGW-05,5,37,21.8,2.8,56.8,25.49
BGW-05,5,38,22.99,2.8,56.8,25.16
BGW-05,5,39,19.64,2.8,56.9,25.17
BGW-05,5,40,20.42,2.8,56.9,24.34
BGW-05,5,41,20.08,2.8,57.1,25.96
BGW-05,5,42,19.38,2.8,57.3,24.51
BGW-05,5,43,19.91,2.8,57.5,24.8
BGW-05,5,44,20.2,2.8,57.8,23.63
BGW-05,5,45,19.9,2.8,58.1,23.99
BGW-05,5,46,21.06,2.8,58.4,26.01
BGW-05,5,47,18.58,2.8,58.9,24.49
BGW-05,5,48,23.72,2.8,59.4,24.06
BGW-05,5,49,23.14,2.8,59.9,24.78
BGW-05,5,50,21.06,2.8,60.5,24.85
BGW-05,5,51,19.6,2.8,61.2,25.14
BGW-05,5,52,20.68,2.8,62.0,24.93
BGW-05,5,53,20.9,2.8,62.8,24.05
BGW-05,5,54,18.83,2.8,63.7,24.43
BGW-05,5,55,20.41,2.8,64.7,23.64
BGW-05,5,56,19.11,2.8,65.8,23.06
BGW-05,5,57,21.21,2.8,67.0,23.03
BGW-05,5,58,22.56,2.8,68.2,24.16
BGW-05,5,59,19.83,2.8,69.6,22.91
BGW-05,5,60,20.22,2.8,71.1,23.43
BGW-05,5,61,20.01,2.8,72.7,23.59
BGW-05,5,62,19.93,2.8,74.4,24.04
BGW-05,5,63,21.53,2.8,76.3,22.42
BGW-05,5,64,19.92,2.8,78.2,23.51
BGW-05,5,65,19.23,2.8,80.3,22.76
BGW-05,5,66,23.1,2.8,82.6,23.01
BGW-05,5,67,19.89,2.8,84.9,22.29
BGW-05,5,68,18.94,2.8,87.4,22.33
BGW-05,5,69,19.07,2.8,90.1,21.35
BGW-05,5,70,19.93,2.8,92.8,21.38
BGW-05,5,71,20.36,2.8,95.8,21.81
BGW-05,5,72,19.21,2.8,98.9,21.82
BGW-05,5,73,19.49,2.8,102.1,21.32
BGW-05,5,74,19.53,2.8,105.5,20.24
BGW-05,5,75,16.72,2.8,109.0,21.35
BGW-05,5,76,18.43,2.8,112.7,19.03
BGW-05,5,77,18.14,2.8,116.5,19.23
BGW-05,5,78,18.76,2.8,120.5,18.48
BGW-05,5,79,17.63,2.8,124.6,20.18
BGW-05,5,80,18.16,2.8,128.9,19.35
BGW-05,5,81,17.38,2.8,133.3,18.14
BGW-05,5,82,16.93,2.8,137.8,18.4
BGW-05,5,83,16.79,2.8,142.5,16.96
BGW-05,5,84,16.02,2.8,147.3,18.02
BGW-05,5,85,15.76,2.8,152.3,16.44
BGW-05,5,86,16.51,2.8,157.3,16.47
BGW-05,5,87,16.29,2.8,162.5,16.47
BGW-05,5,88,15.5,2.8,167.8,15.93
BGW-05,5,89,16.61,2.8,173.2,14.84
BGW-05,5,90,17.37,2.8,178.7,14.66
BGW-05,5,91,16.68,2.8,184.3,14.28
BGW-05,5,92,14.08,2.8,190.1,13.55
BGW-05,5,93,15.81,2.8,195.8,13.64
BGW-05,5,94,15.8,2.8,201.7,12.8
BGW-05,5,95,14.6,2.8,207.6,12.31
BGW-05,5,96,13.91,2.8,213.6,11.61
BGW-05,5,97,14.42,2.8,219.7,11.4
BGW-05,5,98,14.5,2.8,225.8,10.38
BGW-05,5,99,12.89,2.8,231.9,10.75
BGW-05,5,100,14.35,2.8,238.1,9.72
BGW-05,5,101,13.03,2.8,244.3,9.48
BGW-05,5,102,13.19,2.8,250.6,8.78
BGW-05,5,103,13.21,2.8,256.8,8.17
BGW-05,5,104,13.67,2.8,263.1,7.62
BGW-05,5,105,12.61,2.8,269.4,7.29
BGW-05,5,106,11.53,2.8,275.6,6.79
BGW-05,5,107,13.96,2.8,281.9,6.09
BGW-05,5,108,12.84,2.8,288.1,6.01
BGW-05,5,109,11.72,2.8,294.3,5.64
BGW-05,5,110,11.0,2.8,300.5,4.88
BGW-05,5,111,13.72,2.8,306.7,4.41
BGW-05,5,112,11.17,2.8,312.8,3.74
BGW-05,5,113,11.78,2.8,318.9,3.46
BGW-05,5,114,10.77,2.8,324.9,2.98
BGW-05,5,115,11.85,2.8,330.9,2.46
BGW-05,5,116,10.22,2.8,336.8,1.98
BGW-05,5,117,11.31,2.8,342.7,1.43
BGW-05,5,118,10.72,2.8,348.5,1.09
BGW-05,5,119,10.69,2.8,354.2,0.61
BGW-05,5,120,11.35,2.8,359.9,0.15
BGW-05,5,121,10.89,2.8,365.4,0.0
BGW-05,5,122,12.11,2.8,371.0,0.0
BGW-05,5,123,10.72,2.8,376.4,0.0
BGW-05,5,124,10.05,2.8,381.8,0.0
BGW-05,5,125,9.81,2.8,387.0,0.0
BGW-05,5,126,10.91,2.8,392.2,0.0
BGW-05,5,127,10.05,2.8,397.3,0.0
BGW-05,6,12,12.48,3.2,62.9,23.94
BGW-05,6,13,13.28,3.2,62.9,24.9
BGW-05,6,14,15.55,3.2,62.9,24.57
BGW-05,6,15,17.02,3.2,63.0,24.25
BGW-05,6,16,17.31,3.2,61.2,25.32
BGW-05,6,17,17.86,3.2,59.6,24.95
BGW-05,6,18,17.82,3.2,58.3,24.81
BGW-05,6,19,16.33,3.2,57.1,24.97
BGW-05,6,20,14.63,3.2,56.2,25.93
BGW-05,6,21,16.53,3.2,55.3,24.2
BGW-05,6,22,17.52,3.2,54.6,24.03
BGW-05,6,23,16.21,3.2,54.1,24.24
BGW-05,6,24,17.31,3.2,53.5,24.92
BGW-05,6,25,15.27,3.2,53.1,24.37
BGW-05,6,26,18.43,3.2,52.8,24.39
BGW-05,6,27,16.26,3.2,52.5,23.21
BGW-05,6,28,17.57,3.2,52.2,26.07
BGW-05,6,29,16.54,3.2,52.0,23.93
BGW-05,6,30,16.65,3.2,51.9,24.67
BGW-05,6,31,16.52,3.2,51.8,25.27
BGW-05,6,32,16.37,3.2,51.7,23.7
BGW-05,6,33,19.09,3.2,51.7,24.36
BGW-05,6,34,16.86,3.2,51.8,24.16
BGW-05,6,35,16.69,3.2,51.9,26.38
BGW-05,6,36,16.31,3.2,52.0,24.01
BGW-05,6,37,18.54,3.2,52.2,24.55
BGW-05,6,38,15.81,3.2,52.5,24.73
BGW-05,6,39,18.14,3.2,52.8,25.62
BGW-05,6,40,17.03,3.2,53.2,24.12
BGW-05,6,41,16.98,3.2,53.6,24.6
BGW-05,6,42,15.53,3.2,54.1,24.44
BGW-05,6,43,16.74,3.2,54.7,25.63
BGW-05,6,44,16.11,3.2,55.4,25.08
BGW-05,6,45,16.22,3.2,56.2,24.29
BGW-05,6,46,14.81,3.2,57.1,23.92
BGW-05,6,47,16.95,3.2,58.0,25.03
BGW-05,6,48,17.1,3.2,59.1,24.94
BGW-05,6,49,15.21,3.2,60.3,23.71
BGW-05,6,50,16.72,3.2,61.6,22.7
BGW-05,6,51,15.18,3.2,63.0,22.59
BGW-05,6,52,15.29,3.2,64.6,22.75
BGW-05,6,53,15.45,3.2,66.3,23.98
BGW-05,6,54,16.2,3.2,68.2,23.66
BGW-05,6,55,15.85,3.2,70.2,24.21
BGW-05,6,56,16.79,3.2,72.3,23.25
BGW-05,6,57,15.26,3.2,74.7,21.19
BGW-05,6,58,15.29,3.2,77.1,22.53
BGW-05,6,59,15.55,3.2,79.8,22.15
BGW-05,6,60,15.36,3.2,82.6,21.22
BGW-05,6,61,15.74,3.2,85.6,22.49
BGW-05,6,62,15.04,3.2,88.8,20.57
BGW-05,6,63,13.64,3.2,92.1,21.21
BGW-05,6,64,14.8,3.2,95.6,20.58
BGW-05,6,65,15.66,3.2,99.3,19.77
BGW-05,6,66,13.93,3.2,103.1,19.69
BGW-05,6,67,13.97,3.2,107.1,19.69
BGW-05,6,68,14.57,3.2,111.3,18.8
BGW-05,6,69,14.98,3.2,115.6,19.06
BGW-05,6,70,13.78,3.2,120.1,17.72
BGW-05,6,71,14.59,3.2,124.7,17.01
BGW-05,6,72,11.68,3.2,129.4,17.42
BGW-05,6,73,14.05,3.2,134.3,16.86
BGW-05,6,74,13.43,3.2,139.3,15.68
BGW-05,6,75,12.73,3.2,144.5,14.7
BGW-05,6,76,12.99,3.2,149.7,15.83
BGW-05,6,77,11.84,3.2,155.0,15.23
BGW-05,6,78,12.77,3.2,160.5,14.36
BGW-05,6,79,11.98,3.2,166.0,13.88
BGW-05,6,80,12.17,3.2,171.6,13.23
BGW-05,6,81,11.57,3.2,177.2,12.99
BGW-05,6,82,11.94,3.2,182.9,11.52
BGW-05,6,83,11.38,3.2,188.6,11.92
BGW-05,6,84,11.64,3.2,194.4,10.93
BGW-05,6,85,11.56,3.2,200.2,10.24
BGW-05,6,86,9.89,3.2,206.0,10.43
BGW-05,6,87,11.23,3.2,211.8,9.52
BGW-05,6,88,10.2,3.2,217.6,9.31
BGW-05,6,89,11.24,3.2,223.4,8.31
BGW-05,6,90,11.51,3.2,229.1,8.13
BGW-05,6,91,10.56,3.2,234.9,7.42
BGW-05,6,92,10.59,3.2,240.6,6.99
BGW-05,6,93,10.35,3.2,246.2,6.78
BGW-05,7,12,14.79,4.1,70.7,24.13
BGW-05,7,13,16.6,4.1,66.7,25.3
BGW-05,7,14,15.93,4.1,63.6,24.96
BGW-05,7,15,17.52,4.1,61.2,24.82
BGW-05,7,16,14.61,4.1,59.3,24.88
BGW-05,7,17,15.8,4.1,57.8,25.48
BGW-05,7,18,16.69,4.1,56.5,25.3
BGW-05,7,19,11.83,4.1,55.4,24.57
BGW-05,7,20,16.47,4.1,54.5,24.91
BGW-05,7,21,16.44,4.1,53.8,25.17
BGW-05,7,22,15.46,4.1,53.2,24.68
BGW-05,7,23,15.91,4.1,52.6,25.74
BGW-05,7,24,15.29,4.1,52.2,23.19
BGW-05,7,25,14.78,4.1,51.8,25.68
BGW-05,7,26,15.97,4.1,51.6,24.68
BGW-05,7,27,17.22,4.1,51.4,25.82
BGW-05,7,28,14.85,4.1,51.2,25.73
BGW-05,7,29,16.6,4.1,51.1,25.68
BGW-05,7,30,15.97,4.1,51.1,24.24
BGW-05,7,31,14.87,4.1,51.1,23.81
BGW-05,7,32,16.12,4.1,51.2,25.13
BGW-05,7,33,16.11,4.1,51.3,25.02
BGW-05,7,34,16.3,4.1,51.5,26.17
BGW-05,7,35,14.74,4.1,51.8,24.66
BGW-05,7,36,15.15,4.1,52.1,23.25
BGW-05,7,37,16.41,4.1,52.5,25.29
BGW-05,7,38,15.38,4.1,53.0,23.84
BGW-05,7,39,15.55,4.1,53.6,24.79
BGW-05,7,40,15.47,4.1,54.2,24.23
BGW-05,7,41,14.27,4.1,55.0,24.04
BGW-05,7,42,14.2,4.1,55.8,25.79
BGW-05,7,43,16.8,4.1,56.8,24.97
BGW-05,7,44,15.08,4.1,57.9,23.9
BGW-05,7,45,14.64,4.1,59.1,25.17
BGW-05,7,46,14.78,4.1,60.5,24.67
BGW-05,7,47,15.96,4.1,62.0,24.51
BGW-05,7,48,16.97,4.1,63.7,22.74
BGW-05,7,49,14.96,4.1,65.6,23.77
BGW-05,7,50,13.87,4.1,67.6,23.21
BGW-05,7,51,15.35,4.1,69.9,22.95
BGW-05,7,52,16.08,4.1,72.3,22.91
BGW-05,7,53,13.8,4.1,75.0,24.15
BGW-05,7,54,15.34,4.1,77.9,22.39
BGW-05,7,55,15.08,4.1,81.1,22.95
BGW-05,7,56,15.63,4.1,84.5,22.6
BGW-05,7,57,13.69,4.1,88.1,23.0
BGW-05,7,58,13.87,4.1,92.1,21.4
BGW-05,7,59,14.53,4.1,96.3,22.46
BGW-05,7,60,13.67,4.1,100.8,21.75
BGW-05,7,61,13.53,4.1,105.7,21.96
BGW-05,7,62,14.86,4.1,110.8,21.05
BGW-05,7,63,13.61,4.1,116.2,20.18
BGW-05,7,64,13.82,4.1,122.0,19.87
BGW-05,7,65,14.64,4.1,128.1,20.67
BGW-05,7,66,13.26,4.1,134.5,19.14
BGW-05,7,67,14.3,4.1,141.2,19.63
BGW-05,7,68,12.99,4.1,148.3,18.07
BGW-05,7,69,14.34,4.1,155.6,18.93
BGW-05,7,70,13.19,4.1,163.3,17.78
BGW-05,7,71,13.76,4.1,171.4,17.46
BGW-05,7,72,13.92,4.1,179.7,17.14
BGW-05,7,73,13.05,4.1,188.3,17.13
BGW-05,7,74,13.1,4.1,197.2,15.41
BGW-05,7,75,12.03,4.1,206.4,14.98
BGW-05,7,76,13.11,4.1,215.9,14.31
BGW-05,7,77,12.18,4.1,225.7,14.3
BGW-05,7,78,10.62,4.1,235.7,13.4
BGW-05,7,79,12.11,4.1,245.9,11.89
BGW-05,7,80,11.2,4.1,256.4,11.55
BGW-05,7,81,12.33,4.1,267.1,12.03
BGW-05,7,82,11.92,4.1,278.0,10.73
BGW-05,7,83,12.38,4.1,289.0,9.64
BGW-05,7,84,11.1,4.1,300.3,8.93
BGW-05,7,85,10.14,4.1,311.6,8.2
BGW-05,7,86,10.14,4.1,323.1,8.14
BGW-05,7,87,12.48,4.1,334.8,7.09
BGW-05,7,88,11.21,4.1,346.5,6.33
BGW-05,7,89,10.45,4.1,358.3,5.76
BGW-05,7,90,9.86,4.1,370.1,5.19
BGW-05,7,91,9.34,4.1,382.1,4.18
BGW-05,7,92,10.12,4.1,394.0,3.33
BGW-05,8,14,14.95,3.2,68.3,24.62
BGW-05,8,15,17.3,3.2,68.3,24.62
BGW-05,8,16,17.43,3.2,68.3,24.57
BGW-05,8,17,19.38,3.2,66.7,24.99
BGW-05,8,18,20.46,3.2,64.5,26.09
BGW-05,8,19,17.98,3.2,62.7,26.25
BGW-05,8,20,16.92,3.2,61.2,23.93
BGW-05,8,21,18.53,3.2,59.9,24.16
BGW-05,8,22,18.82,3.2,58.9,26.35
BGW-05,8,23,18.51,3.2,57.9,25.42
BGW-05,8,24,16.75,3.2,57.2,25.89
BGW-05,8,25,18.62,3.2,56.5,25.99
BGW-05,8,26,16.34,3.2,55.9,25.95
BGW-05,8,27,19.14,3.2,55.4,26.42
BGW-05,8,28,16.99,3.2,55.0,24.77
BGW-05,8,29,18.84,3.2,54.6,24.07
BGW-05,8,30,18.9,3.2,54.3,24.94
BGW-05,8,31,17.19,3.2,54.0,24.84
BGW-05,8,32,19.45,3.2,53.8,23.1
BGW-05,8,33,17.23,3.2,53.6,23.17
BGW-05,8,34,17.05,3.2,53.5,24.98
BGW-05,8,35,18.87,3.2,53.4,26.32
BGW-05,8,36,19.03,3.2,53.3,25.12
BGW-05,8,37,17.6,3.2,53.3,24.15
BGW-05,8,38,18.53,3.2,53.3,24.86
BGW-05,8,39,18.88,3.2,53.3,23.84
BGW-05,8,40,16.61,3.2,53.4,25.08
BGW-05,8,41,18.87,3.2,53.5,25.91
BGW-05,8,42,18.06,3.2,53.6,24.45
BGW-05,8,43,17.84,3.2,53.8,25.28
BGW-05,8,44,18.23,3.2,54.0,23.93
BGW-05,8,45,17.47,3.2,54.3,24.48
BGW-05,8,46,19.2,3.2,54.6,24.14
BGW-05,8,47,18.14,3.2,54.9,24.63
BGW-05,8,48,18.3,3.2,55.3,25.14
BGW-05,8,49,18.09,3.2,55.8,24.29
BGW-05,8,50,17.5,3.2,56.3,24.67
BGW-05,8,51,18.11,3.2,56.8,25.27
BGW-05,8,52,19.02,3.2,57.4,23.24
BGW-05,8,53,15.68,3.2,58.1,23.66
BGW-05,8,54,18.85,3.2,58.9,24.18
BGW-05,8,55,19.58,3.2,59.7,24.43
BGW-05,8,56,17.27,3.2,60.6,23.68
BGW-05,8,57,17.87,3.2,61.6,23.46
BGW-05,8,58,16.71,3.2,62.7,24.15
BGW-05,8,59,17.02,3.2,63.9,23.66
BGW-05,8,60,18.75,3.2,65.2,24.22
BGW-05,8,61,17.47,3.2,66.5,22.66
BGW-05,8,62,18.63,3.2,68.0,23.71
BGW-05,8,63,17.85,3.2,69.6,22.88
BGW-05,8,64,17.64,3.2,71.3,23.14
BGW-05,8,65,18.58,3.2,73.1,22.88
BGW-05,8,66,17.73,3.2,75.1,23.55
BGW-05,8,67,18.35,3.2,77.1,22.66
BGW-05,8,68,18.55,3.2,79.3,22.13
BGW-05,8,69,15.7,3.2,81.7,22.69
BGW-05,8,70,17.18,3.2,84.2,22.0
BGW-05,8,71,16.43,3.2,86.8,22.81
BGW-05,8,72,17.41,3.2,89.5,22.22
BGW-05,8,73,16.2,3.2,92.4,21.31
BGW-05,8,74,18.18,3.2,95.5,20.95
BGW-05,8,75,17.22,3.2,98.7,21.77
BGW-05,8,76,15.01,3.2,102.0,19.57
BGW-05,8,77,16.24,3.2,105.5,20.89
BGW-05,8,78,16.68,3.2,109.2,20.36
BGW-05,8,79,18.44,3.2,113.0,19.66
BGW-05,8,80,15.57,3.2,116.9,19.75
BGW-05,8,81,17.12,3.2,121.0,19.16
BGW-05,8,82,15.57,3.2,125.2,18.51
BGW-05,8,83,13.97,3.2,129.6,18.46
BGW-05,8,84,15.63,3.2,134.1,18.87
BGW-05,8,85,15.51,3.2,138.8,17.75
BGW-05,8,86,16.09,3.2,143.6,18.09
BGW-05,8,87,14.86,3.2,148.5,17.82
BGW-05,8,88,14.41,3.2,153.6,17.49
BGW-05,8,89,13.35,3.2,158.7,16.17
BGW-05,8,90,15.04,3.2,164.0,15.24
BGW-05,8,91,15.27,3.2,169.4,15.6
BGW-05,8,92,12.99,3.2,174.9,14.83
BGW-05,8,93,14.31,3.2,180.5,13.82
BGW-05,8,94,12.78,3.2,186.2,14.44
BGW-05,8,95,13.37,3.2,192.0,14.05
BGW-05,8,96,13.97,3.2,197.9,13.37
BGW-05,8,97,13.94,3.2,203.8,12.49
BGW-05,8,98,13.41,3.2,209.8,12.36
BGW-05,8,99,14.06,3.2,215.9,11.76
BGW-05,8,100,13.04,3.2,222.0,10.99
BGW-05,8,101,12.42,3.2,228.2,10.91
BGW-05,8,102,11.52,3.2,234.4,10.2
BGW-05,8,103,13.25,3.2,240.6,9.46
BGW-05,8,104,11.24,3.2,246.9,9.25
BGW-05,8,105,12.14,3.2,253.2,8.13
BGW-05,8,106,11.05,3.2,259.5,7.81
BGW-05,8,107,10.35,3.2,265.8,7.31
BGW-05,8,108,12.07,3.2,272.1,6.8
BGW-05,8,109,11.36,3.2,278.4,6.71
BGW-05,8,110,10.83,3.2,284.7,6.25
BGW-05,8,111,11.12,3.2,290.9,5.68
BGW-05,8,112,11.65,3.2,297.2,4.92
BGW-05,8,113,10.84,3.2,303.4,4.55
BGW-05,8,114,10.5,3.2,309.6,4.11
BGW-05,8,115,10.75,3.2,315.8,3.65
BGW-05,8,116,10.31,3.2,321.9,3.19
BGW-05,8,117,10.55,3.2,327.9,2.8
BGW-05,9,16,12.41,3.2,62.9,26.68
BGW-05,9,17,14.99,3.2,62.9,24.87
BGW-05,9,18,13.95,3.2,62.9,23.78
BGW-05,9,19,15.65,3.2,61.1,25.62
BGW-05,9,20,16.93,3.2,59.2,24.57
BGW-05,9,21,15.8,3.2,57.6,24.4
BGW-05,9,22,15.55,3.2,56.3,25.36
BGW-05,9,23,14.18,3.2,55.2,23.78
BGW-05,9,24,14.83,3.2,54.3,26.58
BGW-05,9,25,15.79,3.2,53.5,25.52
BGW-05,9,26,14.75,3.2,52.8,24.36
BGW-05,9,27,14.76,3.2,52.2,25.55
BGW-05,9,28,14.2,3.2,51.7,25.1
BGW-05,9,29,15.78,3.2,51.3,24.04
BGW-05,9,30,15.01,3.2,50.9,25.76
BGW-05,9,31,14.68,3.2,50.6,24.62
BGW-05,9,32,15.9,3.2,50.3,25.43
BGW-05,9,33,15.76,3.2,50.1,25.7
BGW-05,9,34,14.75,3.2,49.8,26.15
BGW-05,9,35,14.71,3.2,49.7,25.07
BGW-05,9,36,15.43,3.2,49.5,25.07
BGW-05,9,37,15.64,3.2,49.4,23.08
BGW-05,9,38,17.28,3.2,49.4,23.68
BGW-05,9,39,14.77,3.2,49.3,23.8
BGW-05,9,40,15.02,3.2,49.3,24.94
BGW-05,9,41,16.83,3.2,49.3,24.81
BGW-05,9,42,15.6,3.2,49.3,25.07
BGW-05,9,43,13.13,3.2,49.3,26.27
BGW-05,9,44,17.44,3.2,49.4,24.99
BGW-05,9,45,16.04,3.2,49.5,26.11
BGW-05,9,46,16.32,3.2,49.6,24.4
BGW-05,9,47,15.87,3.2,49.8,25.43
BGW-05,9,48,14.15,3.2,50.0,23.83
BGW-05,9,49,15.53,3.2,50.2,24.61
BGW-05,9,50,16.81,3.2,50.5,23.39
BGW-05,9,51,14.71,3.2,50.7,24.51
BGW-05,9,52,17.18,3.2,51.1,26.27
BGW-05,9,53,15.37,3.2,51.4,25.65
BGW-05,9,54,16.02,3.2,51.8,24.95
BGW-05,9,55,14.12,3.2,52.3,24.94
BGW-05,9,56,14.2,3.2,52.8,23.73
BGW-05,9,57,14.48,3.2,53.3,23.29
BGW-05,9,58,14.93,3.2,53.9,26.03
BGW-05,9,59,16.11,3.2,54.5,25.13
BGW-05,9,60,16.26,3.2,55.2,22.47
BGW-05,9,61,15.27,3.2,56.0,24.34
BGW-05,9,62,14.32,3.2,56.8,25.78
BGW-05,9,63,15.48,3.2,57.7,24.77
BGW-05,9,64,17.33,3.2,58.6,23.88
BGW-05,9,65,15.14,3.2,59.6,23.3
BGW-05,9,66,14.88,3.2,60.7,23.25
BGW-05,9,67,13.39,3.2,61.9,24.49
BGW-05,9,68,13.39,3.2,63.1,23.43
BGW-05,9,69,15.8,3.2,64.5,23.01
BGW-05,9,70,12.6,3.2,65.9,22.73
BGW-05,9,71,14.95,3.2,67.4,23.17
BGW-05,9,72,14.53,3.2,69.0,23.12
BGW-05,9,73,13.92,3.2,70.7,24.1
BGW-05,9,74,15.29,3.2,72.4,22.49
BGW-05,9,75,15.1,3.2,74.3,22.32
BGW-05,9,76,13.94,3.2,76.3,21.51
BGW-05,9,77,13.43,3.2,78.3,22.52
BGW-05,9,78,13.79,3.2,80.5,22.42
BGW-05,9,79,16.18,3.2,82.8,21.66
BGW-05,9,80,13.15,3.2,85.1,20.6
BGW-05,9,81,14.08,3.2,87.6,21.55
BGW-05,9,82,13.81,3.2,90.1,21.18
BGW-05,9,83,12.74,3.2,92.8,22.14
BGW-05,9,84,13.58,3.2,95.6,19.15
BGW-05,9,85,13.92,3.2,98.4,20.2
BGW-05,9,86,13.11,3.2,101.4,21.23
BGW-05,9,87,12.89,3.2,104.5,19.08
BGW-05,9,88,11.22,3.2,107.6,19.24
BGW-05,9,89,12.5,3.2,110.9,18.26
BGW-05,9,90,12.3,3.2,114.2,18.83
BGW-05,9,91,12.18,3.2,117.7,18.57
BGW-05,9,92,12.44,3.2,121.2,18.16
BGW-05,9,93,11.46,3.2,124.8,17.51
BGW-05,9,94,12.03,3.2,128.5,17.69
BGW-05,9,95,12.15,3.2,132.2,16.59
BGW-05,9,96,12.18,3.2,136.1,16.28
BGW-05,9,97,11.37,3.2,140.0,16.1
BGW-05,9,98,11.56,3.2,143.9,15.67
BGW-05,9,99,12.02,3.2,148.0,15.81
BGW-05,9,100,10.58,3.2,152.1,15.26
BGW-05,9,101,10.64,3.2,156.2,14.99
BGW-05,9,102,10.92,3.2,160.4,14.1
BGW-05,9,103,10.62,3.2,164.7,13.61
BGW-05,9,104,11.61,3.2,169.0,13.65
BGW-05,9,105,10.05,3.2,173.3,12.92
BGW-05,9,106,11.01,3.2,177.7,12.6
BGW-05,9,107,9.57,3.2,182.0,11.88
BGW-05,9,108,9.51,3.2,186.5,11.86
BGW-06,1,12,15.37,3.9,70.4,25.83
BGW-06,1,13,14.57,3.9,70.4,24.23
BGW-06,1,14,17.92,3.9,70.5,24.83
BGW-06,1,15,20.65,3.9,70.5,23.62
BGW-06,1,16,18.85,3.9,70.3,25.43
BGW-06,1,17,21.22,3.9,70.2,24.18
BGW-06,1,18,23.37,3.9,70.0,23.55
BGW-06,1,19,22.08,3.9,69.8,25.57
BGW-06,1,20,22.76,3.9,69.7,25.52
BGW-06,1,21,24.01,3.9,69.5,25.38
BGW-06,1,22,25.98,3.9,69.4,24.11
BGW-06,1,23,25.9,3.9,69.2,25.38
BGW-06,1,24,28.19,3.9,69.1,25.17
BGW-06,1,25,29.16,3.9,69.0,24.89
BGW-06,1,26,27.67,3.9,68.9,25.86
BGW-06,1,27,26.47,3.9,68.8,25.78
BGW-06,1,28,28.92,3.9,68.7,24.32
BGW-06,1,29,29.65,3.9,68.7,24.43
BGW-06,1,30,25.21,3.9,68.7,24.21
BGW-06,1,31,29.02,3.9,68.7,23.16
BGW-06,1,32,27.49,3.9,68.8,24.85
BGW-06,1,33,32.31,3.9,68.8,24.58
BGW-06,1,34,29.46,3.9,68.8,24.7
BGW-06,1,35,31.4,3.9,68.9,24.55
BGW-06,1,36,30.26,3.9,69.0,25.31
BGW-06,1,37,32.11,3.9,69.3,26.62
BGW-06,1,38,28.31,3.9,69.6,24.55
BGW-06,1,39,29.76,3.9,70.0,23.58
BGW-06,1,40,29.18,3.9,70.5,24.42
BGW-06,1,41,27.64,3.9,71.1,24.41
BGW-06,1,42,28.0,3.9,71.9,25.31
BGW-06,1,43,29.62,3.9,72.7,24.49
BGW-06,1,44,29.54,3.9,73.6,23.8
BGW-06,1,45,30.88,3.9,74.7,23.53
BGW-06,1,46,30.44,3.9,75.9,24.54
BGW-06,1,47,26.31,3.9,77.3,24.35
BGW-06,1,48,28.87,3.9,78.8,23.17
BGW-06,1,49,28.13,3.9,80.4,23.56
BGW-06,1,50,25.93,3.9,82.3,23.9
BGW-06,1,51,28.3,3.9,84.2,24.04
BGW-06,1,52,29.76,3.9,86.4,23.27
BGW-06,1,53,29.0,3.9,88.8,23.37
BGW-06,1,54,26.96,3.9,91.3,22.32
BGW-06,1,55,27.18,3.9,94.1,21.89
BGW-06,1,56,26.15,3.9,97.1,22.84
BGW-06,1,57,29.62,3.9,100.2,21.79
BGW-06,1,58,27.66,3.9,103.6,23.26
BGW-06,1,59,26.58,3.9,107.2,22.59
BGW-06,1,60,26.85,3.9,111.1,20.93
BGW-06,1,61,23.84,3.9,115.1,20.76
BGW-06,1,62,28.45,3.9,119.4,20.87
BGW-06,1,63,27.75,3.9,123.9,20.15
BGW-06,1,64,26.06,3.9,128.6,20.0
BGW-06,1,65,28.07,3.9,133.6,20.38
BGW-06,1,66,24.59,3.9,138.8,18.79
BGW-06,1,67,23.98,3.9,144.2,18.63
BGW-06,1,68,24.14,3.9,149.8,18.47
BGW-06,1,69,24.01,3.9,155.6,17.59
BGW-06,1,70,23.58,3.9,161.6,17.66
BGW-06,1,71,24.63,3.9,167.8,17.13
BGW-06,1,72,25.95,3.9,174.1,16.31
BGW-06,1,73,22.09,3.9,180.7,15.63
BGW-06,1,74,22.44,3.9,187.4,14.64
BGW-06,1,75,21.07,3.9,194.3,15.26
BGW-06,1,76,21.07,3.9,201.3,14.14
BGW-06,1,77,19.25,3.9,208.4,13.27
BGW-06,1,78,21.28,3.9,215.7,12.51
BGW-06,1,79,19.85,3.9,223.0,12.34
BGW-06,1,80,22.8,3.9,230.5,11.79
BGW-06,1,81,20.84,3.9,238.0,11.35
BGW-06,1,82,19.84,3.9,245.6,10.81
BGW-06,1,83,18.74,3.9,253.3,10.06
BGW-06,1,84,19.25,3.9,261.0,9.69
BGW-06,1,85,18.37,3.9,268.8,8.73
BGW-06,1,86,18.5,3.9,276.5,8.38
BGW-06,1,87,19.73,3.9,284.3,7.5
BGW-06,1,88,18.21,3.9,292.1,7.26
BGW-06,1,89,17.53,3.9,299.8,6.4
BGW-06,1,90,17.2,3.9,307.5,5.8
BGW-06,1,91,17.45,3.9,315.2,5.27
BGW-06,1,92,16.63,3.9,322.9,4.63
BGW-06,1,93,16.43,3.9,330.4,4.26
BGW-06,1,94,17.09,3.9,338.0,3.61
BGW-06,1,95,17.33,3.9,345.4,3.02
BGW-06,1,96,16.53,3.9,352.8,2.48
BGW-06,1,97,16.08,3.9,360.1,1.83
BGW-06,1,98,15.62,3.9,367.3,1.32
BGW-06,1,99,15.77,3.9,374.3,0.75
BGW-06,1,100,14.93,3.9,381.3,0.23
BGW-06,1,101,16.0,3.9,388.2,0.0
BGW-06,1,102,14.31,3.9,394.9,0.0
BGW-06,1,103,15.66,3.9,401.6,0.0
BGW-06,1,104,12.9,3.9,408.1,0.0
BGW-06,1,105,15.39,3.9,414.5,0.0
BGW-06,1,106,14.76,3.9,420.7,0.0
BGW-06,1,107,13.82,3.9,426.9,0.0
BGW-06,1,108,13.43,3.9,432.8,0.0
BGW-06,1,109,14.57,3.9,438.7,0.0
BGW-06,1,110,15.12,3.9,444.4,0.0
BGW-06,1,111,14.4,3.9,450.0,0.0
BGW-06,1,112,15.21,3.9,455.5,0.0
BGW-06,1,113,11.48,3.9,460.8,0.0
BGW-06,1,114,12.87,3.9,465.9,0.0
BGW-06,1,115,12.4,3.9,471.0,0.0
BGW-06,1,116,13.61,3.9,475.9,0.0
BGW-06,1,117,14.45,3.9,480.7,0.0
BGW-06,1,118,12.92,3.9,485.3,0.0
BGW-06,1,119,13.66,3.9,489.8,0.0
BGW-06,1,120,12.65,3.9,494.2,0.0
BGW-06,1,121,15.08,3.9,498.4,0.0
BGW-06,1,122,12.37,3.9,502.6,0.0
BGW-06,1,123,13.23,3.9,506.6,0.0
BGW-06,1,124,13.3,3.9,510.5,0.0
BGW-06,1,125,12.12,3.9,514.2,0.0
BGW-06,1,126,10.88,3.9,517.9,0.0
BGW-06,1,127,11.98,3.9,521.4,0.0
BGW-06,1,128,11.58,3.9,524.8,0.0
BGW-06,1,129,12.21,3.9,528.1,0.0
BGW-06,1,130,11.17,3.9,531.3,0.0
BGW-06,1,131,12.26,3.9,534.4,0.0
BGW-06,1,132,11.38,3.9,537.4,0.0
BGW-06,1,133,12.96,3.9,540.3,0.0
BGW-06,1,134,12.04,3.9,543.1,0.0
BGW-06,1,135,11.52,3.9,545.8,0.0
BGW-06,1,136,12.17,3.9,548.4,0.0
BGW-06,1,137,11.51,3.9,550.9,0.0
BGW-06,1,138,11.69,3.9,553.4,0.0
BGW-06,1,139,11.18,3.9,555.7,0.0
BGW-06,1,140,10.79,3.9,558.0,0.0
BGW-06,1,141,11.06,3.9,560.1,0.0
BGW-06,1,142,11.61,3.9,562.3,0.0
BGW-06,1,143,11.71,3.9,564.3,0.0
BGW-06,1,144,10.7,3.9,566.3,0.0
BGW-06,1,145,11.68,3.9,568.1,0.0
BGW-06,1,146,11.08,3.9,570.0,0.0
BGW-06,1,147,12.31,3.9,571.7,0.0
BGW-06,1,148,10.94,3.9,573.4,0.0
BGW-06,1,149,10.85,3.9,575.0,0.0
BGW-06,2,13,13.52,2.9,69.5,25.18
BGW-06,2,14,16.94,2.9,69.5,25.6
BGW-06,2,15,19.39,2.9,69.5,23.89
BGW-06,2,16,21.06,2.9,69.6,25.78
BGW-06,2,17,21.12,2.9,69.6,24.52
BGW-06,2,18,21.04,2.9,69.4,24.79
BGW-06,2,19,25.18,2.9,69.3,24.47
BGW-06,2,20,22.71,2.9,69.1,25.0
BGW-06,2,21,24.35,2.9,69.0,23.21
BGW-06,2,22,27.1,2.9,68.8,25.17
BGW-06,2,23,25.38,2.9,68.7,25.44
BGW-06,2,24,27.31,2.9,68.6,24.7
BGW-06,2,25,27.56,2.9,68.4,23.02
BGW-06,2,26,25.18,2.9,68.3,25.16
BGW-06,2,27,29.65,2.9,68.2,25.0
BGW-06,2,28,26.66,2.9,68.1,25.41
BGW-06,2,29,28.64,2.9,67.7,24.26
BGW-06,2,30,26.62,2.9,67.3,25.23
BGW-06,2,31,29.95,2.9,66.9,25.46
BGW-06,2,32,26.53,2.9,66.6,24.14
BGW-06,2,33,26.28,2.9,66.4,25.06
BGW-06,2,34,29.15,2.9,66.3,24.73
BGW-06,2,35,29.2,2.9,66.2,25.91
BGW-06,2,36,27.04,2.9,66.2,26.27
BGW-06,2,37,24.77,2.9,66.2,24.57
BGW-06,2,38,28.73,2.9,66.3,23.42
BGW-06,2,39,32.58,2.9,66.4,25.12
BGW-06,2,40,29.19,2.9,66.6,23.87
BGW-06,2,41,29.04,2.9,66.9,24.21
BGW-06,2,42,29.05,2.9,67.3,25.03
BGW-06,2,43,25.85,2.9,67.7,25.72
BGW-06,2,44,25.7,2.9,68.2,23.79
BGW-06,2,45,26.49,2.9,68.7,25.23
BGW-06,2,46,29.44,2.9,69.4,24.49
BGW-06,2,47,26.43,2.9,70.1,24.66
BGW-06,2,48,26.53,2.9,71.0,25.13
BGW-06,2,49,30.96,2.9,71.9,24.86
BGW-06,2,50,27.29,2.9,72.9,24.22
BGW-06,2,51,25.64,2.9,74.1,23.91
BGW-06,2,52,28.89,2.9,75.4,23.93
BGW-06,2,53,25.13,2.9,76.7,24.89
BGW-06,2,54,26.41,2.9,78.3,22.69
BGW-06,2,55,26.87,2.9,79.9,23.77
BGW-06,2,56,26.24,2.9,81.7,23.29
BGW-06,2,57,26.51,2.9,83.7,23.31
BGW-06,2,58,27.14,2.9,85.8,22.23
BGW-06,2,59,28.65,2.9,88.0,23.63
BGW-06,2,60,26.38,2.9,90.5,23.51
BGW-06,2,61,28.91,2.9,93.1,22.31
BGW-06,2,62,28.37,2.9,95.8,22.81
BGW-06,2,63,25.51,2.9,98.8,21.81
BGW-06,2,64,24.7,2.9,101.9,21.31
BGW-06,2,65,24.66,2.9,105.2,21.46
BGW-06,2,66,24.27,2.9,108.7,20.73
BGW-06,2,67,21.57,2.9,112.4,20.45
BGW-06,2,68,26.2,2.9,116.2,21.4
BGW-06,2,69,22.39,2.9,120.2,20.97
BGW-06,2,70,25.57,2.9,124.5,18.85
BGW-06,2,71,24.92,2.9,128.9,19.11
BGW-06,2,72,23.02,2.9,133.5,18.84
BGW-06,2,73,22.43,2.9,138.2,18.93
BGW-06,2,74,22.54,2.9,143.2,18.2
BGW-06,2,75,24.06,2.9,148.3,18.17
BGW-06,2,76,25.35,2.9,153.5,17.37
BGW-06,2,77,20.23,2.9,159.0,17.56
BGW-06,2,78,22.86,2.9,164.6,15.63
BGW-06,2,79,21.9,2.9,170.3,16.45
BGW-06,2,80,21.95,2.9,176.2,15.12
BGW-06,2,81,22.04,2.9,182.2,14.66
BGW-06,2,82,21.99,2.9,188.3,14.58
BGW-06,2,83,22.31,2.9,194.5,13.37
BGW-06,2,84,18.81,2.9,200.9,13.78
BGW-06,2,85,21.67,2.9,207.3,13.18
BGW-06,2,86,21.21,2.9,213.8,13.5
BGW-06,2,87,18.25,2.9,220.4,12.2
BGW-06,2,88,19.86,2.9,227.1,11.27
BGW-06,2,89,17.67,2.9,233.9,11.38
BGW-06,2,90,17.99,2.9,240.7,11.4
BGW-06,2,91,17.98,2.9,247.5,10.26
BGW-06,2,92,18.77,2.9,254.3,9.64
BGW-06,2,93,18.61,2.9,261.2,8.93
BGW-06,2,94,18.43,2.9,268.1,8.3
BGW-06,2,95,16.34,2.9,275.0,8.14
BGW-06,2,96,15.93,2.9,281.9,7.46
BGW-06,2,97,16.69,2.9,288.8,6.91
BGW-06,2,98,17.93,2.9,295.6,6.27
BGW-06,2,99,15.46,2.9,302.4,5.63
BGW-06,2,100,15.08,2.9,309.2,5.06
BGW-06,2,101,13.82,2.9,316.0,4.39
BGW-06,2,102,15.24,2.9,322.7,4.15
BGW-06,2,103,14.94,2.9,329.3,3.52
BGW-06,2,104,16.53,2.9,335.9,3.21
BGW-06,2,105,15.75,2.9,342.4,2.59
BGW-06,2,106,15.15,2.9,348.8,2.24
BGW-06,2,107,15.0,2.9,355.1,1.68
BGW-06,2,108,13.49,2.9,361.4,1.16
BGW-06,2,109,13.35,2.9,367.5,0.73
BGW-06,2,110,14.55,2.9,373.6,0.23
BGW-06,2,111,14.28,2.9,379.6,0.0
BGW-06,2,112,12.38,2.9,385.5,0.0
BGW-06,2,113,13.75,2.9,391.3,0.0
BGW-06,2,114,14.3,2.9,396.9,0.0
BGW-06,2,115,14.08,2.9,402.5,0.0
BGW-06,2,116,11.95,2.9,408.0,0.0
BGW-06,2,117,14.23,2.9,413.3,0.0
BGW-06,2,118,12.34,2.9,418.6,0.0
BGW-06,2,119,13.07,2.9,423.7,0.0
BGW-06,2,120,13.47,2.9,428.7,0.0
BGW-06,2,121,11.54,2.9,433.6,0.0
BGW-06,2,122,12.66,2.9,438.4,0.0
BGW-06,2,123,12.34,2.9,443.1,0.0
BGW-06,2,124,12.35,2.9,447.7,0.0
BGW-06,2,125,11.48,2.9,452.1,0.0
BGW-06,2,126,12.41,2.9,456.5,0.0
BGW-06,2,127,11.81,2.9,460.7,0.0
BGW-06,2,128,12.6,2.9,464.8,0.0
BGW-06,2,129,11.65,2.9,468.8,0.0
BGW-06,2,130,12.64,2.9,472.8,0.0
BGW-06,2,131,11.62,2.9,476.6,0.0
BGW-06,2,132,11.98,2.9,480.3,0.0
BGW-06,2,133,11.43,2.9,483.9,0.0
BGW-06,2,134,11.49,2.9,487.4,0.0
BGW-06,2,135,11.25,2.9,490.8,0.0
BGW-06,2,136,12.13,2.9,494.1,0.0
BGW-06,2,137,11.47,2.9,497.3,0.0
BGW-06,2,138,12.92,2.9,500.4,0.0
BGW-06,2,139,11.18,2.9,503.4,0.0
BGW-06,2,140,11.84,2.9,506.4,0.0
BGW-06,2,141,10.42,2.9,509.2,0.0
BGW-06,2,142,11.13,2.9,511.9,0.0
BGW-06,2,143,11.09,2.9,514.6,0.0
BGW-06,2,144,10.63,2.9,517.2,0.0
BGW-06,2,145,11.2,2.9,519.7,0.0
BGW-06,2,146,11.46,2.9,522.1,0.0
BGW-06,2,147,10.06,2.9,524.5,0.0
BGW-06,2,148,9.97,2.9,526.8,0.0
BGW-06,2,149,10.49,2.9,529.0,0.0
BGW-06,3,9,17.69,4.2,80.7,24.65
BGW-06,3,10,20.22,4.2,80.7,26.02
BGW-06,3,11,23.49,4.2,80.8,26.69
BGW-06,3,12,21.23,4.2,79.5,24.29
BGW-06,3,13,24.54,4.2,76.3,24.18
BGW-06,3,14,20.95,4.2,73.7,24.19
BGW-06,3,15,23.9,4.2,71.6,25.11
BGW-06,3,16,23.23,4.2,69.8,24.55
BGW-06,3,17,24.7,4.2,68.4,24.38
BGW-06,3,18,25.15,4.2,67.2,24.25
BGW-06,3,19,23.08,4.2,66.1,24.82
BGW-06,3,20,24.05,4.2,65.3,24.34
BGW-06,3,21,24.45,4.2,64.6,25.41
BGW-06,3,22,20.96,4.2,64.0,25.51
BGW-06,3,23,21.81,4.2,63.6,26.38
BGW-06,3,24,23.99,4.2,63.2,25.28
BGW-06,3,25,23.55,4.2,63.0,24.47
BGW-06,3,26,26.37,4.2,62.9,24.52
BGW-06,3,27,22.38,4.2,62.9,24.52
BGW-06,3,28,20.0,4.2,62.9,25.2
BGW-06,3,29,23.47,4.2,63.1,23.91
BGW-06,3,30,24.21,4.2,63.4,25.23
BGW-06,3,31,21.14,4.2,63.9,24.59
BGW-06,3,32,26.1,4.2,64.4,23.66
BGW-06,3,33,24.82,4.2,65.1,24.64
BGW-06,3,34,25.18,4.2,66.0,24.44
BGW-06,3,35,22.97,4.2,67.0,24.5
BGW-06,3,36,21.43,4.2,68.2,25.39
BGW-06,3,37,22.22,4.2,69.6,23.77
BGW-06,3,38,22.72,4.2,71.2,24.42
BGW-06,3,39,24.41,4.2,73.0,24.71
BGW-06,3,40,25.07,4.2,75.1,22.68
BGW-06,3,41,21.18,4.2,77.5,24.28
BGW-06,3,42,21.63,4.2,80.1,24.73
BGW-06,3,43,22.71,4.2,83.0,23.92
BGW-06,3,44,21.64,4.2,86.2,22.33
BGW-06,3,45,23.42,4.2,89.8,23.24
BGW-06,3,46,24.43,4.2,93.7,23.22
BGW-06,3,47,22.65,4.2,98.0,20.94
BGW-06,3,48,24.54,4.2,102.7,21.71
BGW-06,3,49,21.64,4.2,107.8,22.02
BGW-06,3,50,20.99,4.2,113.3,21.43
BGW-06,3,51,22.32,4.2,119.3,20.96
BGW-06,3,52,24.77,4.2,125.6,21.44
BGW-06,3,53,20.84,4.2,132.5,20.74
BGW-06,3,54,21.63,4.2,139.7,19.65
BGW-06,3,55,21.38,4.2,147.4,19.11
BGW-06,3,56,19.06,4.2,155.6,20.07
BGW-06,3,57,21.8,4.2,164.2,18.18
BGW-06,3,58,20.64,4.2,173.2,16.9
BGW-06,3,59,19.12,4.2,182.7,16.74
BGW-06,3,60,21.61,4.2,192.6,16.42
BGW-06,3,61,19.46,4.2,202.9,16.57
BGW-06,3,62,19.96,4.2,213.6,16.93
BGW-06,3,63,20.89,4.2,224.7,14.69
BGW-06,3,64,18.67,4.2,236.1,13.47
BGW-06,3,65,18.82,4.2,247.9,13.55
BGW-06,3,66,17.61,4.2,260.0,12.87
BGW-06,3,67,19.28,4.2,272.4,11.86
BGW-06,3,68,17.89,4.2,285.0,10.85
BGW-06,3,69,16.68,4.2,297.9,10.1
BGW-06,3,70,18.62,4.2,311.0,9.33
BGW-06,3,71,16.18,4.2,324.3,8.69
BGW-06,3,72,17.37,4.2,337.7,8.0
BGW-06,3,73,18.38,4.2,351.3,6.53
BGW-06,3,74,16.42,4.2,364.9,5.92
BGW-06,3,75,16.74,4.2,378.6,4.96
BGW-06,3,76,16.02,4.2,392.4,4.22
BGW-06,3,77,16.76,4.2,406.2,3.65
BGW-06,3,78,15.93,4.2,420.0,2.71
BGW-06,3,79,15.86,4.2,433.7,1.91
BGW-06,3,80,13.67,4.2,447.4,1.01
BGW-06,3,81,13.37,4.2,461.0,0.19
BGW-06,3,82,14.87,4.2,474.6,0.0
BGW-06,3,83,14.05,4.2,488.0,0.0
BGW-06,3,84,14.38,4.2,501.2,0.0
BGW-06,3,85,13.3,4.2,514.3,0.0
BGW-06,3,86,13.66,4.2,527.2,0.0
BGW-06,3,87,11.27,4.2,540.0,0.0
BGW-06,3,88,12.68,4.2,552.5,0.0
BGW-06,3,89,12.35,4.2,564.8,0.0
BGW-06,3,90,13.67,4.2,576.9,0.0
BGW-06,3,91,12.28,4.2,588.8,0.0
BGW-06,3,92,12.68,4.2,600.4,0.0
BGW-06,3,93,12.14,4.2,611.8,0.0
BGW-06,3,94,12.6,4.2,622.9,0.0
BGW-06,3,95,12.2,4.2,633.8,0.0
BGW-06,3,96,11.36,4.2,644.4,0.0
BGW-06,3,97,13.06,4.2,654.7,0.0
BGW-06,3,98,12.19,4.2,664.7,0.0
BGW-06,3,99,11.15,4.2,674.5,0.0
BGW-06,3,100,10.28,4.2,684.0,0.0
BGW-06,3,101,10.99,4.2,693.3,0.0
BGW-06,3,102,10.29,4.2,702.3,0.0
BGW-06,3,103,12.09,4.2,711.0,0.0
BGW-06,3,104,10.68,4.2,719.4,0.0
BGW-06,3,105,10.49,4.2,727.6,0.0
BGW-06,3,106,9.48,4.2,735.5,0.0
BGW-06,3,107,11.04,4.2,743.2,0.0
BGW-06,3,108,10.64,4.2,750.6,0.0
BGW-06,3,109,9.5,4.2,757.8,0.0
BGW-06,3,110,10.79,4.2,764.7,0.0
BGW-06,3,111,10.27,4.2,771.4,0.0
BGW-06,3,112,9.8,4.2,777.9,0.0
BGW-06,3,113,11.59,4.2,784.1,0.0
BGW-06,3,114,9.18,4.2,790.1,0.0
BGW-06,3,115,10.24,4.2,795.9,0.0
BGW-06,3,116,11.1,4.2,801.5,0.0
BGW-06,3,117,9.05,4.2,806.9,0.0
BGW-06,3,118,10.51,4.2,812.0,0.0
BGW-06,3,119,10.37,4.2,817.0,0.0
BGW-06,4,9,12.62,3.0,60.8,25.16
BGW-06,4,10,14.77,3.0,60.8,25.84
BGW-06,4,11,13.98,3.0,60.8,24.37
BGW-06,4,12,14.91,3.0,60.8,25.79
BGW-06,4,13,16.97,3.0,60.8,25.23
BGW-06,4,14,16.52,3.0,60.8,26.47
BGW-06,4,15,19.16,3.0,60.6,26.08
BGW-06,4,16,18.55,3.0,60.5,23.87
BGW-06,4,17,19.34,3.0,60.3,25.11
BGW-06,4,18,20.17,3.0,60.2,24.43
BGW-06,4,19,18.33,3.0,60.0,24.66
BGW-06,4,20,21.51,3.0,59.9,22.88
BGW-06,4,21,20.51,3.0,59.7,25.88
BGW-06,4,22,22.56,3.0,59.6,24.99
BGW-06,4,23,21.54,3.0,59.5,25.97
BGW-06,4,24,20.97,3.0,59.4,24.63
BGW-06,4,25,20.64,3.0,59.3,24.97
BGW-06,4,26,20.45,3.0,59.2,23.97
BGW-06,4,27,22.18,3.0,59.2,23.62
BGW-06,4,28,22.74,3.0,59.2,24.23
BGW-06,4,29,21.15,3.0,59.2,23.73
BGW-06,4,30,22.69,3.0,59.2,24.73
BGW-06,4,31,23.3,3.0,59.3,24.57
BGW-06,4,32,24.43,3.0,59.4,24.55
BGW-06,4,33,24.11,3.0,59.6,24.47
BGW-06,4,34,20.78,3.0,59.8,25.27
BGW-06,4,35,22.23,3.0,60.1,24.47
BGW-06,4,36,23.79,3.0,60.4,24.77
BGW-06,4,37,23.58,3.0,60.8,25.03
BGW-06,4,38,27.63,3.0,61.3,25.57
BGW-06,4,39,22.3,3.0,61.9,24.71
BGW-06,4,40,23.13,3.0,62.6,24.35
BGW-06,4,41,23.02,3.0,63.4,24.42
BGW-06,4,42,24.12,3.0,64.3,22.96
BGW-06,4,43,22.0,3.0,65.3,24.55
BGW-06,4,44,21.89,3.0,66.4,24.37
BGW-06,4,45,22.45,3.0,67.7,24.52
BGW-06,4,46,24.5,3.0,69.2,23.1
BGW-06,4,47,22.91,3.0,70.8,23.04
BGW-06,4,48,19.84,3.0,72.5,23.07
BGW-06,4,49,21.76,3.0,74.3,21.77
BGW-06,4,50,21.31,3.0,76.3,23.58
BGW-06,4,51,23.67,3.0,78.5,22.91
BGW-06,4,52,22.02,3.0,80.9,22.06
BGW-06,4,53,20.09,3.0,83.4,21.9
BGW-06,4,54,20.15,3.0,86.1,21.03
BGW-06,4,55,22.53,3.0,88.9,20.73
BGW-06,4,56,20.47,3.0,92.0,21.01
BGW-06,4,57,20.43,3.0,95.2,21.02
BGW-06,4,58,20.19,3.0,98.5,20.54
BGW-06,4,59,18.17,3.0,102.1,20.03
BGW-06,4,60,20.17,3.0,105.8,19.33
BGW-06,4,61,18.94,3.0,109.6,20.04
BGW-06,4,62,18.13,3.0,113.6,18.35
BGW-06,4,63,19.66,3.0,117.8,18.38
BGW-06,4,64,16.2,3.0,122.0,18.56
BGW-06,4,65,16.48,3.0,126.5,17.43
BGW-06,4,66,18.43,3.0,131.0,17.43
BGW-06,4,67,17.45,3.0,135.6,16.61
BGW-06,4,68,16.87,3.0,140.4,16.46
BGW-06,4,69,16.01,3.0,145.2,15.95
BGW-06,4,70,16.92,3.0,150.1,15.34
BGW-06,4,71,17.44,3.0,155.1,14.99
BGW-06,4,72,15.79,3.0,160.2,13.76
BGW-06,4,73,13.85,3.0,165.3,13.07
BGW-06,4,74,16.18,3.0,170.4,13.88
BGW-06,4,75,15.92,3.0,175.6,12.13
BGW-06,4,76,14.26,3.0,180.7,12.25
BGW-06,4,77,15.64,3.0,185.9,11.33
BGW-06,4,78,15.6,3.0,191.1,11.16
BGW-06,4,79,12.82,3.0,196.2,10.75
BGW-06,4,80,13.96,3.0,201.4,9.56
BGW-06,4,81,12.42,3.0,206.5,9.21
BGW-06,4,82,13.03,3.0,211.6,8.85
BGW-06,4,83,14.28,3.0,216.6,8.8
BGW-06,4,84,14.52,3.0,221.5,7.77
BGW-06,4,85,13.16,3.0,226.4,7.63
BGW-06,4,86,12.87,3.0,231.3,7.03
BGW-06,4,87,12.56,3.0,236.0,6.66
BGW-06,4,88,12.96,3.0,240.7,6.31
BGW-06,4,89,12.71,3.0,245.3,5.8
BGW-06,4,90,13.39,3.0,249.8,5.23
BGW-06,4,91,12.49,3.0,254.3,4.93
BGW-06,4,92,11.79,3.0,258.6,4.22
BGW-06,4,93,11.94,3.0,262.8,4.08
BGW-06,4,94,11.24,3.0,266.9,3.42
BGW-06,4,95,11.25,3.0,271.0,3.18
BGW-06,4,96,11.65,3.0,274.9,2.84
BGW-06,4,97,12.47,3.0,278.7,2.31
BGW-06,4,98,12.04,3.0,282.4,2.08
BGW-06,4,99,10.55,3.0,286.1,1.65
BGW-06,4,100,9.61,3.0,289.6,1.31
BGW-06,4,101,10.9,3.0,293.0,0.97
BGW-06,4,102,10.66,3.0,296.3,0.62
BGW-06,4,103,11.01,3.0,299.5,0.29
BGW-06,4,104,10.03,3.0,302.6,0.0
BGW-06,4,105,11.48,3.0,305.6,0.0
BGW-06,4,106,9.95,3.0,308.5,0.0
BGW-06,4,107,10.77,3.0,311.3,0.0
BGW-06,4,108,9.28,3.0,314.1,0.0
BGW-06,4,109,9.41,3.0,316.7,0.0
BGW-06,4,110,9.73,3.0,319.2,0.0
BGW-06,4,111,11.37,3.0,321.7,0.0
BGW-06,4,112,9.9,3.0,324.0,0.0
BGW-06,4,113,8.55,3.0,326.3,0.0
BGW-06,4,114,10.51,3.0,328.5,0.0
BGW-06,5,11,12.94,2.8,68.1,23.87
BGW-06,5,12,15.44,2.8,68.1,25.61
BGW-06,5,13,16.38,2.8,68.1,25.5
BGW-06,5,14,17.38,2.8,68.1,25.4
BGW-06,5,15,20.2,2.8,68.1,24.68
BGW-06,5,16,20.12,2.8,68.2,24.69
BGW-06,5,17,22.8,2.8,68.1,25.5
BGW-06,5,18,23.96,2.8,68.0,25.64
BGW-06,5,19,23.77,2.8,66.9,25.73
BGW-06,5,20,26.24,2.8,65.6,23.82
BGW-06,5,21,22.91,2.8,64.5,23.88
BGW-06,5,22,19.44,2.8,63.6,24.52
BGW-06,5,23,21.74,2.8,62.8,24.68
BGW-06,5,24,23.07,2.8,62.1,25.43
BGW-06,5,25,23.07,2.8,61.6,24.33
BGW-06,5,26,23.94,2.8,61.1,24.85
BGW-06,5,27,21.71,2.8,60.6,26.68
BGW-06,5,28,21.97,2.8,60.3,25.0
BGW-06,5,29,22.65,2.8,60.0,22.79
BGW-06,5,30,22.65,2.8,59.8,25.33
BGW-06,5,31,24.37,2.8,59.6,24.8
BGW-06,5,32,20.42,2.8,59.5,24.27
BGW-06,5,33,22.96,2.8,59.4,24.59
BGW-06,5,34,24.41,2.8,59.4,25.35
BGW-06,5,35,24.27,2.8,59.5,25.75
BGW-06,5,36,23.56,2.8,59.6,25.4
BGW-06,5,37,20.95,2.8,59.8,24.8
BGW-06,5,38,23.76,2.8,60.0,24.91
BGW-06,5,39,20.34,2.8,60.3,25.29
BGW-06,5,40,23.77,2.8,60.7,24.76
BGW-06,5,41,21.97,2.8,61.1,25.22
BGW-06,5,42,23.69,2.8,61.6,24.37
BGW-06,5,43,22.87,2.8,62.2,24.88
BGW-06,5,44,21.84,2.8,62.9,25.19
BGW-06,5,45,24.19,2.8,63.7,24.92
BGW-06,5,46,21.75,2.8,64.6,23.81
BGW-06,5,47,22.18,2.8,65.6,23.73
BGW-06,5,48,21.41,2.8,66.7,23.31
BGW-06,5,49,21.58,2.8,68.0,23.74
BGW-06,5,50,23.05,2.8,69.3,23.33
BGW-06,5,51,23.93,2.8,70.8,23.82
BGW-06,5,52,20.63,2.8,72.5,23.65
BGW-06,5,53,21.17,2.8,74.3,22.37
BGW-06,5,54,20.87,2.8,76.3,23.42
BGW-06,5,55,21.36,2.8,78.4,23.83
BGW-06,5,56,22.29,2.8,80.7,23.94
BGW-06,5,57,22.11,2.8,83.2,22.07
BGW-06,5,58,22.2,2.8,85.8,21.96
BGW-06,5,59,21.55,2.8,88.7,21.49
BGW-06,5,60,23.5,2.8,91.7,21.55
BGW-06,5,61,20.7,2.8,95.0,22.3
BGW-06,5,62,19.26,2.8,98.4,20.97
BGW-06,5,63,19.69,2.8,102.0,21.58
BGW-06,5,64,18.71,2.8,105.9,21.05
BGW-06,5,65,21.05,2.8,109.9,19.15
BGW-06,5,66,23.1,2.8,114.1,19.92
BGW-06,5,67,19.69,2.8,118.6,20.31
BGW-06,5,68,19.82,2.8,123.2,18.17
BGW-06,5,69,19.51,2.8,128.0,17.76
BGW-06,5,70,21.08,2.8,133.0,18.12
BGW-06,5,71,16.88,2.8,138.2,19.22
BGW-06,5,72,16.71,2.8,143.6,16.93
BGW-06,5,73,17.33,2.8,149.1,16.43
BGW-06,5,74,18.67,2.8,154.8,16.71
BGW-06,5,75,19.25,2.8,160.6,16.33
BGW-06,5,76,15.8,2.8,166.6,16.99
BGW-06,5,77,18.01,2.8,172.7,15.5
BGW-06,5,78,16.72,2.8,179.0,14.84
BGW-06,5,79,16.47,2.8,185.4,14.39
BGW-06,5,80,16.42,2.8,191.8,13.88
BGW-06,5,81,17.88,2.8,198.4,13.99
BGW-06,5,82,17.82,2.8,205.1,13.17
BGW-06,5,83,16.67,2.8,211.8,11.3
BGW-06,5,84,14.5,2.8,218.6,11.79
BGW-06,5,85,16.01,2.8,225.4,11.14
BGW-06,5,86,15.78,2.8,232.3,10.93
BGW-06,5,87,14.58,2.8,239.2,10.13
BGW-06,5,88,15.42,2.8,246.1,9.41
BGW-06,5,89,16.22,2.8,253.1,8.97
BGW-06,5,90,13.48,2.8,260.0,8.21
BGW-06,5,91,12.85,2.8,266.9,7.75
BGW-06,5,92,13.12,2.8,273.8,7.33
BGW-06,5,93,12.64,2.8,280.7,6.51
BGW-06,5,94,13.81,2.8,287.5,5.75
BGW-06,5,95,12.96,2.8,294.3,5.67
BGW-06,5,96,14.37,2.8,301.0,4.9
BGW-06,5,97,12.43,2.8,307.6,4.27
BGW-06,5,98,13.45,2.8,314.2,3.88
BGW-06,5,99,11.59,2.8,320.7,3.35
BGW-06,5,100,13.92,2.8,327.2,2.72
BGW-06,5,101,12.73,2.8,333.5,2.33
BGW-06,5,102,11.22,2.8,339.8,1.88
BGW-06,5,103,11.78,2.8,345.9,1.43
BGW-06,5,104,11.24,2.8,351.9,0.83
BGW-06,5,105,11.63,2.8,357.9,0.4
BGW-06,5,106,10.84,2.8,363.7,0.0
BGW-06,5,107,10.75,2.8,369.4,0.0
BGW-06,5,108,10.82,2.8,375.0,0.0
BGW-06,5,109,11.5,2.8,380.5,0.0
BGW-06,5,110,11.58,2.8,385.9,0.0
BGW-06,5,111,11.21,2.8,391.1,0.0
BGW-06,5,112,11.5,2.8,396.3,0.0
BGW-06,5,113,11.36,2.8,401.3,0.0
BGW-06,5,114,9.12,2.8,406.2,0.0
BGW-06,5,115,10.5,2.8,410.9,0.0
BGW-06,5,116,9.99,2.8,415.6,0.0
BGW-06,5,117,10.6,2.8,420.1,0.0
BGW-06,5,118,10.96,2.8,424.5,0.0
BGW-06,5,119,9.99,2.8,428.8,0.0
BGW-06,5,120,11.21,2.8,433.0,0.0
BGW-06,6,10,10.43,2.7,57.6,24.69
BGW-06,6,11,10.83,2.7,57.6,24.44
BGW-06,6,12,14.06,2.7,57.6,23.77
BGW-06,6,13,13.26,2.7,57.6,24.65
BGW-06,6,14,14.49,2.7,57.6,26.03
BGW-06,6,15,14.78,2.7,57.5,24.01
BGW-06,6,16,17.98,2.7,57.4,25.0
BGW-06,6,17,17.0,2.7,57.3,25.06
BGW-06,6,18,17.96,2.7,57.2,24.06
BGW-06,6,19,16.78,2.7,57.0,24.37
BGW-06,6,20,18.38,2.7,56.9,25.14
BGW-06,6,21,18.38,2.7,56.8,24.64
BGW-06,6,22,17.72,2.7,56.7,25.77
BGW-06,6,23,18.7,2.7,56.6,26.17
BGW-06,6,24,20.24,2.7,56.5,26.38
BGW-06,6,25,19.7,2.7,56.4,25.14
BGW-06,6,26,21.22,2.7,56.3,25.64
BGW-06,6,27,20.1,2.7,56.2,24.74
BGW-06,6,28,18.7,2.7,56.1,25.43
BGW-06,6,29,18.61,2.7,56.1,26.19
BGW-06,6,30,20.19,2.7,56.0,25.13
BGW-06,6,31,22.29,2.7,56.0,25.18
BGW-06,6,32,21.0,2.7,56.0,25.85
BGW-06,6,33,23.95,2.7,56.0,24.38
BGW-06,6,34,20.24,2.7,56.1,24.23
BGW-06,6,35,19.48,2.7,56.1,25.27
BGW-06,6,36,19.85,2.7,56.2,25.76
BGW-06,6,37,22.52,2.7,56.4,25.3
BGW-06,6,38,22.87,2.7,56.5,25.33
BGW-06,6,39,20.61,2.7,56.8,25.13
BGW-06,6,40,19.38,2.7,57.0,25.16
BGW-06,6,41,21.04,2.7,57.3,23.87
BGW-06,6,42,20.24,2.7,57.7,24.21
BGW-06,6,43,18.88,2.7,58.1,24.18
BGW-06,6,44,20.05,2.7,58.6,23.42
BGW-06,6,45,21.15,2.7,59.2,23.64
BGW-06,6,46,20.3,2.7,59.8,25.48
BGW-06,6,47,21.29,2.7,60.5,23.53
BGW-06,6,48,19.83,2.7,61.3,23.44
BGW-06,6,49,17.83,2.7,62.2,23.57
BGW-06,6,50,18.52,2.7,63.2,22.8
BGW-06,6,51,17.21,2.7,64.2,23.21
BGW-06,6,52,20.54,2.7,65.4,24.09
BGW-06,6,53,19.48,2.7,66.7,23.74
BGW-06,6,54,20.16,2.7,68.1,22.64
BGW-06,6,55,18.96,2.7,69.6,23.83
BGW-06,6,56,20.08,2.7,71.2,22.46
BGW-06,6,57,18.58,2.7,72.9,22.3
BGW-06,6,58,17.32,2.7,74.7,22.33
BGW-06,6,59,22.38,2.7,76.7,21.64
BGW-06,6,60,18.75,2.7,78.8,21.77
BGW-06,6,61,19.4,2.7,81.0,22.81
BGW-06,6,62,18.47,2.7,83.3,21.19
BGW-06,6,63,19.04,2.7,85.8,20.99
BGW-06,6,64,18.22,2.7,88.3,21.19
BGW-06,6,65,20.19,2.7,91.0,20.71
BGW-06,6,66,17.83,2.7,93.8,20.28
BGW-06,6,67,18.06,2.7,96.7,19.78
BGW-06,6,68,19.11,2.7,99.7,20.0
BGW-06,6,69,20.35,2.7,102.8,19.3
BGW-06,6,70,18.54,2.7,106.0,19.01
BGW-06,6,71,18.26,2.7,109.1,18.88
BGW-06,6,72,17.08,2.7,112.2,19.34
BGW-06,6,73,18.04,2.7,115.4,17.2
BGW-06,6,74,16.04,2.7,118.7,18.31
BGW-06,6,75,15.72,2.7,122.1,16.61
BGW-06,6,76,18.32,2.7,125.5,17.52
BGW-06,6,77,17.12,2.7,129.0,16.56
BGW-06,6,78,14.6,2.7,132.5,16.55
BGW-06,6,79,15.76,2.7,136.1,16.64
BGW-06,6,80,15.36,2.7,139.7,14.36
BGW-06,6,81,16.4,2.7,143.3,14.98
BGW-06,6,82,16.72,2.7,147.0,13.56
BGW-06,6,83,16.21,2.7,150.6,14.36
BGW-06,6,84,15.8,2.7,154.3,12.97
BGW-06,6,85,14.55,2.7,158.0,13.64
BGW-06,6,86,14.92,2.7,161.7,12.75
BGW-06,6,87,16.12,2.7,165.4,12.28
BGW-06,6,88,13.75,2.7,169.1,11.87
BGW-06,6,89,12.9,2.7,172.8,11.05
BGW-06,6,90,14.36,2.7,176.4,10.91
BGW-06,6,91,13.65,2.7,180.0,11.32
BGW-06,6,92,13.98,2.7,183.6,10.22
BGW-06,6,93,13.18,2.7,187.2,9.95
BGW-06,6,94,12.93,2.7,190.7,9.07
BGW-06,6,95,13.38,2.7,194.2,9.22
BGW-06,6,96,13.41,2.7,197.6,8.43
BGW-06,6,97,12.75,2.7,201.0,8.11
BGW-06,6,98,12.05,2.7,204.3,8.1
BGW-06,6,99,13.08,2.7,207.6,7.47
BGW-06,6,100,11.73,2.7,210.8,7.16
BGW-06,6,101,11.38,2.7,214.0,6.72
BGW-06,6,102,12.24,2.7,217.1,6.53
BGW-06,6,103,11.49,2.7,220.1,6.39
BGW-06,6,104,10.68,2.7,223.1,6.1
BGW-06,6,105,12.58,2.7,226.0,5.64
BGW-06,6,106,11.64,2.7,228.9,5.1
BGW-06,6,107,12.38,2.7,231.7,4.95
BGW-06,6,108,10.98,2.7,234.4,4.5
BGW-06,6,109,9.64,2.7,237.0,4.22
BGW-06,6,110,11.59,2.7,239.6,4.11
BGW-06,6,111,10.56,2.7,242.1,3.7
BGW-06,6,112,10.21,2.7,244.6,3.55
BGW-06,6,113,9.63,2.7,247.0,3.27
BGW-06,6,114,10.17,2.7,249.3,3.06
BGW-06,6,115,10.37,2.7,251.6,2.57
BGW-06,6,116,10.37,2.7,253.8,2.46
BGW-06,6,117,9.22,2.7,255.9,2.23
BGW-06,6,118,10.47,2.7,258.0,2.03
BGW-06,6,119,9.38,2.7,260.0,1.65
BGW-06,6,120,9.64,2.7,261.9,1.49
BGW-07,1,16,19.44,3.7,80.8,25.06
BGW-07,1,17,21.12,3.7,80.8,24.4
BGW-07,1,18,22.91,3.7,80.9,25.87
BGW-07,1,19,23.84,3.7,80.9,24.21
BGW-07,1,20,27.98,3.7,80.8,24.42
BGW-07,1,21,26.08,3.7,80.6,24.91
BGW-07,1,22,28.57,3.7,80.4,25.05
BGW-07,1,23,29.06,3.7,79.7,24.8
BGW-07,1,24,28.63,3.7,78.0,24.84
BGW-07,1,25,32.67,3.7,76.5,24.24
BGW-07,1,26,29.26,3.7,75.3,24.77
BGW-07,1,27,28.25,3.7,74.3,23.96
BGW-07,1,28,28.9,3.7,73.4,24.43
BGW-07,1,29,29.14,3.7,72.7,25.59
BGW-07,1,30,29.32,3.7,72.1,25.77
BGW-07,1,31,30.48,3.7,71.7,24.7
BGW-07,1,32,28.29,3.7,71.3,25.31
BGW-07,1,33,30.68,3.7,71.1,23.34
BGW-07,1,34,31.42,3.7,71.0,24.53
BGW-07,1,35,27.28,3.7,71.0,24.12
BGW-07,1,36,27.78,3.7,71.1,25.68
BGW-07,1,37,30.04,3.7,71.3,24.44
BGW-07,1,38,27.1,3.7,71.7,25.06
BGW-07,1,39,31.99,3.7,72.2,24.54
BGW-07,1,40,31.07,3.7,72.8,25.29
BGW-07,1,41,29.73,3.7,73.5,24.39
BGW-07,1,42,31.16,3.7,74.5,25.48
BGW-07,1,43,29.37,3.7,75.5,25.04
BGW-07,1,44,28.39,3.7,76.8,24.28
BGW-07,1,45,31.5,3.7,78.3,24.65
BGW-07,1,46,28.6,3.7,79.9,23.89
BGW-07,1,47,28.15,3.7,81.8,24.86
BGW-07,1,48,31.8,3.7,84.0,25.0
BGW-07,1,49,27.03,3.7,86.3,23.56
BGW-07,1,50,26.1,3.7,89.0,23.4
BGW-07,1,51,27.02,3.7,92.0,22.71
BGW-07,1,52,27.82,3.7,95.2,23.01
BGW-07,1,53,32.41,3.7,98.8,22.55
BGW-07,1,54,26.47,3.7,102.8,22.41
BGW-07,1,55,28.74,3.7,107.0,22.2
BGW-07,1,56,28.58,3.7,111.7,20.86
BGW-07,1,57,27.63,3.7,116.8,22.8
BGW-07,1,58,28.7,3.7,122.2,21.61
BGW-07,1,59,26.74,3.7,128.1,20.87
BGW-07,1,60,25.41,3.7,134.4,20.13
BGW-07,1,61,25.23,3.7,141.1,19.79
BGW-07,1,62,25.57,3.7,148.2,19.23
BGW-07,1,63,27.58,3.7,155.8,18.01
BGW-07,1,64,25.73,3.7,163.8,18.65
BGW-07,1,65,26.68,3.7,172.3,17.49
BGW-07,1,66,28.13,3.7,181.1,18.21
BGW-07,1,67,26.82,3.7,190.5,16.95
BGW-07,1,68,27.17,3.7,200.2,16.26
BGW-07,1,69,25.54,3.7,210.4,15.77
BGW-07,1,70,22.77,3.7,220.9,15.46
BGW-07,1,71,24.93,3.7,231.9,14.62
BGW-07,1,72,21.74,3.7,243.2,14.74
BGW-07,1,73,24.58,3.7,254.9,13.2
BGW-07,1,74,22.88,3.7,266.9,13.38
BGW-07,1,75,21.93,3.7,279.2,11.53
BGW-07,1,76,23.62,3.7,291.8,10.7
BGW-07,1,77,26.36,3.7,304.7,10.32
BGW-07,1,78,23.91,3.7,317.8,9.23
BGW-07,1,79,22.01,3.7,331.2,8.53
BGW-07,1,80,22.93,3.7,344.7,7.78
BGW-07,1,81,19.13,3.7,358.5,6.67
BGW-07,1,82,20.16,3.7,372.3,5.87
BGW-07,1,83,18.93,3.7,386.3,5.37
BGW-07,1,84,17.45,3.7,400.4,4.14
BGW-07,1,85,17.69,3.7,414.5,3.21
BGW-07,1,86,19.39,3.7,428.7,2.54
BGW-07,1,87,17.62,3.7,442.9,1.67
BGW-07,1,88,18.48,3.7,457.1,0.78
BGW-07,1,89,18.37,3.7,471.3,0.0
BGW-07,1,90,16.51,3.7,485.4,0.0
BGW-07,1,91,17.4,3.7,499.5,0.0
BGW-07,1,92,18.42,3.7,513.4,0.0
BGW-07,1,93,17.09,3.7,527.3,0.0
BGW-07,1,94,16.19,3.7,541.0,0.0
BGW-07,1,95,17.36,3.7,554.6,0.0
BGW-07,1,96,16.55,3.7,568.0,0.0
BGW-07,1,97,15.95,3.7,581.2,0.0
BGW-07,1,98,14.11,3.7,594.2,0.0
BGW-07,1,99,16.32,3.7,607.1,0.0
BGW-07,1,100,13.91,3.7,619.7,0.0
BGW-07,1,101,15.04,3.7,632.1,0.0
BGW-07,1,102,14.24,3.7,644.3,0.0
BGW-07,1,103,15.29,3.7,656.2,0.0
BGW-07,1,104,14.35,3.7,667.9,0.0
BGW-07,1,105,13.35,3.7,679.3,0.0
BGW-07,1,106,12.94,3.7,690.5,0.0
BGW-07,1,107,13.3,3.7,701.4,0.0
BGW-07,1,108,13.95,3.7,712.1,0.0
BGW-07,1,109,13.29,3.7,722.5,0.0
BGW-07,1,110,13.52,3.7,732.6,0.0
BGW-07,1,111,12.39,3.7,742.5,0.0
BGW-07,1,112,12.25,3.7,752.1,0.0
BGW-07,1,113,12.71,3.7,761.5,0.0
BGW-07,1,114,14.04,3.7,770.5,0.0
BGW-07,1,115,13.21,3.7,779.4,0.0
BGW-07,1,116,12.83,3.7,787.9,0.0
BGW-07,1,117,13.77,3.7,796.2,0.0
BGW-07,1,118,12.45,3.7,804.3,0.0
BGW-07,1,119,12.19,3.7,812.1,0.0
BGW-07,1,120,12.64,3.7,819.7,0.0
BGW-07,1,121,11.84,3.7,827.0,0.0
BGW-07,1,122,12.44,3.7,834.1,0.0
BGW-07,1,123,12.08,3.7,840.9,0.0
BGW-07,1,124,12.61,3.7,847.6,0.0
BGW-07,1,125,10.59,3.7,854.0,0.0
BGW-07,1,126,12.12,3.7,860.2,0.0
BGW-07,1,127,11.46,3.7,866.2,0.0
BGW-07,1,128,12.68,3.7,871.9,0.0
BGW-07,1,129,11.45,3.7,877.5,0.0
BGW-07,1,130,11.96,3.7,882.9,0.0
BGW-07,1,131,11.68,3.7,888.1,0.0
BGW-07,1,132,12.38,3.7,893.1,0.0
BGW-07,1,133,11.98,3.7,897.9,0.0
BGW-07,1,134,11.37,3.7,902.5,0.0
BGW-07,1,135,11.97,3.7,907.0,0.0
BGW-07,1,136,12.83,3.7,911.3,0.0
BGW-07,1,137,10.09,3.7,915.5,0.0
BGW-07,1,138,11.73,3.7,919.5,0.0
BGW-07,1,139,11.52,3.7,923.3,0.0
BGW-07,1,140,11.18,3.7,927.0,0.0
BGW-07,1,141,9.68,3.7,930.6,0.0
BGW-07,1,142,11.62,3.7,934.0,0.0
BGW-07,1,143,11.52,3.7,937.3,0.0
BGW-07,1,144,11.79,3.7,940.4,0.0
BGW-07,1,145,10.41,3.7,943.5,0.0
BGW-07,1,146,11.33,3.7,946.4,0.0
BGW-07,1,147,11.65,3.7,949.2,0.0
BGW-07,1,148,11.66,3.7,951.9,0.0
BGW-07,1,149,10.48,3.7,954.5,0.0
BGW-07,2,13,16.0,3.1,72.4,25.46
BGW-07,2,14,18.01,3.1,72.4,25.42
BGW-07,2,15,19.24,3.1,72.4,25.75
BGW-07,2,16,18.26,3.1,72.4,23.52
BGW-07,2,17,23.07,3.1,72.2,24.25
BGW-07,2,18,24.06,3.1,72.0,26.18
BGW-07,2,19,24.22,3.1,71.8,24.19
BGW-07,2,20,25.75,3.1,71.6,25.62
BGW-07,2,21,27.06,3.1,71.5,25.16
BGW-07,2,22,28.35,3.1,71.3,25.12
BGW-07,2,23,26.37,3.1,71.1,25.37
BGW-07,2,24,29.13,3.1,71.0,25.42
BGW-07,2,25,26.43,3.1,70.9,23.72
BGW-07,2,26,26.98,3.1,70.8,25.7
BGW-07,2,27,32.68,3.1,70.8,24.13
BGW-07,2,28,27.73,3.1,70.8,25.12
BGW-07,2,29,29.7,3.1,70.8,24.08
BGW-07,2,30,28.36,3.1,70.8,25.31
BGW-07,2,31,32.17,3.1,71.0,23.33
BGW-07,2,32,31.21,3.1,71.1,25.34
BGW-07,2,33,33.79,3.1,71.2,25.25
BGW-07,2,34,30.79,3.1,71.4,23.27
BGW-07,2,35,28.74,3.1,71.7,24.07
BGW-07,2,36,28.34,3.1,72.2,26.58
BGW-07,2,37,29.22,3.1,72.8,24.72
BGW-07,2,38,29.58,3.1,73.5,25.07
BGW-07,2,39,28.79,3.1,74.3,23.44
BGW-07,2,40,29.38,3.1,75.4,22.75
BGW-07,2,41,29.51,3.1,76.6,25.54
BGW-07,2,42,32.03,3.1,78.0,23.87
BGW-07,2,43,29.22,3.1,79.6,24.07
BGW-07,2,44,28.84,3.1,81.4,24.8
BGW-07,2,45,32.81,3.1,83.5,23.22
BGW-07,2,46,28.36,3.1,85.8,23.56
BGW-07,2,47,30.57,3.1,88.3,23.4
BGW-07,2,48,31.3,3.1,91.1,22.64
BGW-07,2,49,27.91,3.1,94.2,22.23
BGW-07,2,50,27.25,3.1,97.6,22.78
BGW-07,2,51,30.39,3.1,101.4,21.52
BGW-07,2,52,29.06,3.1,105.4,22.85
BGW-07,2,53,27.22,3.1,109.7,21.87
BGW-07,2,54,25.43,3.1,114.4,22.33
BGW-07,2,55,26.03,3.1,119.5,21.61
BGW-07,2,56,27.71,3.1,124.8,20.31
BGW-07,2,57,24.8,3.1,130.6,20.69
BGW-07,2,58,28.26,3.1,136.6,18.67
BGW-07,2,59,25.22,3.1,143.0,18.79
BGW-07,2,60,26.29,3.1,149.8,18.08
BGW-07,2,61,24.91,3.1,156.9,17.57
BGW-07,2,62,26.9,3.1,164.3,17.36
BGW-07,2,63,24.13,3.1,172.1,16.17
BGW-07,2,64,25.85,3.1,180.1,17.05
BGW-07,2,65,24.59,3.1,188.5,14.98
BGW-07,2,66,23.14,3.1,197.1,14.22
BGW-07,2,67,23.65,3.1,206.0,13.95
BGW-07,2,68,22.71,3.1,215.2,13.33
BGW-07,2,69,24.43,3.1,224.6,12.98
BGW-07,2,70,24.13,3.1,234.2,12.21
BGW-07,2,71,20.72,3.1,244.0,11.62
BGW-07,2,72,21.84,3.1,253.9,11.08
BGW-07,2,73,24.54,3.1,264.0,10.36
BGW-07,2,74,21.79,3.1,274.3,9.37
BGW-07,2,75,20.62,3.1,284.6,8.76
BGW-07,2,76,21.37,3.1,295.0,7.88
BGW-07,2,77,20.73,3.1,305.5,7.0
BGW-07,2,78,17.78,3.1,316.0,6.45
BGW-07,2,79,23.67,3.1,326.6,5.65
BGW-07,2,80,19.13,3.1,337.1,4.84
BGW-07,2,81,19.23,3.1,347.6,3.87
BGW-07,2,82,18.85,3.1,358.1,3.4
BGW-07,2,83,18.28,3.1,368.5,2.43
BGW-07,2,84,17.05,3.1,378.8,1.72
BGW-07,2,85,17.3,3.1,389.1,0.97
BGW-07,2,86,18.72,3.1,399.2,0.23
BGW-07,2,87,18.95,3.1,409.3,0.0
BGW-07,2,88,15.03,3.1,419.1,0.0
BGW-07,2,89,15.19,3.1,428.9,0.0
BGW-07,2,90,16.8,3.1,438.5,0.0
BGW-07,2,91,17.29,3.1,447.9,0.0
BGW-07,2,92,15.39,3.1,457.2,0.0
BGW-07,2,93,16.09,3.1,466.2,0.0
BGW-07,2,94,16.0,3.1,475.1,0.0
BGW-07,2,95,15.92,3.1,483.8,0.0
BGW-07,2,96,14.18,3.1,492.3,0.0
BGW-07,2,97,14.33,3.1,500.6,0.0
BGW-07,2,98,14.74,3.1,508.7,0.0
BGW-07,2,99,16.94,3.1,516.5,0.0
BGW-07,2,100,13.82,3.1,524.2,0.0
BGW-07,2,101,14.07,3.1,531.7,0.0
BGW-07,2,102,14.31,3.1,538.9,0.0
BGW-07,2,103,11.82,3.1,546.0,0.0
BGW-07,2,104,15.25,3.1,552.8,0.0
BGW-07,2,105,12.92,3.1,559.4,0.0
BGW-07,2,106,13.89,3.1,565.8,0.0
BGW-07,2,107,13.37,3.1,572.1,0.0
BGW-07,2,108,13.13,3.1,578.1,0.0
BGW-07,2,109,13.42,3.1,583.9,0.0
BGW-07,2,110,12.46,3.1,589.5,0.0
BGW-07,2,111,13.19,3.1,594.9,0.0
BGW-07,2,112,13.6,3.1,600.2,0.0
BGW-07,2,113,14.04,3.1,605.3,0.0
BGW-07,2,114,11.85,3.1,610.1,0.0
BGW-07,2,115,12.64,3.1,614.9,0.0
BGW-07,2,116,12.9,3.1,619.4,0.0
BGW-07,2,117,12.35,3.1,623.8,0.0
BGW-07,2,118,11.17,3.1,628.0,0.0
BGW-07,2,119,13.5,3.1,632.0,0.0
BGW-07,2,120,11.83,3.1,635.9,0.0
BGW-07,2,121,12.29,3.1,639.7,0.0
BGW-07,2,122,12.65,3.1,643.3,0.0
BGW-07,2,123,11.76,3.1,646.8,0.0
BGW-07,2,124,12.73,3.1,650.1,0.0
BGW-07,2,125,11.5,3.1,653.3,0.0
BGW-07,2,126,12.95,3.1,656.4,0.0
BGW-07,2,127,11.06,3.1,659.3,0.0
BGW-07,2,128,11.82,3.1,662.2,0.0
BGW-07,2,129,11.6,3.1,664.9,0.0
BGW-07,2,130,13.26,3.1,667.5,0.0
BGW-07,2,131,12.36,3.1,670.0,0.0
BGW-07,2,132,10.3,3.1,672.4,0.0
BGW-07,2,133,10.87,3.1,674.7,0.0
BGW-07,2,134,11.12,3.1,676.9,0.0
BGW-07,2,135,11.86,3.1,679.0,0.0
BGW-07,2,136,11.27,3.1,681.1,0.0
BGW-07,2,137,10.92,3.1,683.0,0.0
BGW-07,2,138,11.84,3.1,684.9,0.0
BGW-07,2,139,11.25,3.1,686.6,0.0
BGW-07,2,140,10.85,3.1,688.3,0.0
BGW-07,2,141,11.85,3.1,690.0,0.0
BGW-07,2,142,11.97,3.1,691.5,0.0
BGW-07,2,143,10.64,3.1,693.0,0.0
BGW-07,2,144,11.82,3.1,694.5,0.0
BGW-07,2,145,11.92,3.1,695.9,0.0
BGW-07,2,146,11.34,3.1,697.2,0.0
BGW-07,2,147,11.37,3.1,698.4,0.0
BGW-07,2,148,11.62,3.1,699.6,0.0
BGW-07,2,149,11.5,3.1,700.8,0.0
BGW-07,3,12,10.71,3.2,62.9,24.65
BGW-07,3,13,12.89,3.2,62.9,24.34
BGW-07,3,14,14.99,3.2,62.9,24.57
BGW-07,3,15,14.83,3.2,62.9,24.4
BGW-07,3,16,16.77,3.2,63.0,26.72
BGW-07,3,17,17.36,3.2,63.0,26.0
BGW-07,3,18,18.95,3.2,62.8,23.05
BGW-07,3,19,21.15,3.2,62.7,25.91
BGW-07,3,20,20.91,3.2,62.5,24.2
BGW-07,3,21,23.49,3.2,62.4,25.11
BGW-07,3,22,22.67,3.2,62.2,24.53
BGW-07,3,23,19.78,3.2,62.1,25.17
BGW-07,3,24,22.37,3.2,62.0,24.56
BGW-07,3,25,23.29,3.2,61.9,23.72
BGW-07,3,26,23.21,3.2,61.7,25.69
BGW-07,3,27,22.97,3.2,61.6,23.99
BGW-07,3,28,23.46,3.2,61.5,26.27
BGW-07,3,29,21.57,3.2,61.5,25.4
BGW-07,3,30,23.36,3.2,61.4,25.6
BGW-07,3,31,24.43,3.2,61.4,24.8
BGW-07,3,32,24.11,3.2,61.4,24.38
BGW-07,3,33,24.48,3.2,61.4,24.35
BGW-07,3,34,25.39,3.2,61.5,25.13
BGW-07,3,35,23.8,3.2,61.5,24.82
BGW-07,3,36,22.09,3.2,61.7,24.59
BGW-07,3,37,22.6,3.2,61.8,25.23
BGW-07,3,38,23.55,3.2,62.1,24.73
BGW-07,3,39,21.21,3.2,62.4,25.6
BGW-07,3,40,28.4,3.2,62.7,25.11
BGW-07,3,41,26.52,3.2,63.1,26.56
BGW-07,3,42,25.36,3.2,63.6,25.13
BGW-07,3,43,24.87,3.2,64.2,23.93
BGW-07,3,44,22.19,3.2,64.8,23.29
BGW-07,3,45,23.04,3.2,65.6,24.11
BGW-07,3,46,24.99,3.2,66.5,23.72
BGW-07,3,47,24.13,3.2,67.5,24.41
BGW-07,3,48,25.68,3.2,68.6,23.99
BGW-07,3,49,24.13,3.2,69.8,24.2
BGW-07,3,50,23.54,3.2,71.2,23.65
BGW-07,3,51,24.3,3.2,72.7,24.03
BGW-07,3,52,25.07,3.2,74.4,23.26
BGW-07,3,53,22.77,3.2,76.2,22.77
BGW-07,3,54,23.61,3.2,78.2,22.96
BGW-07,3,55,23.84,3.2,80.4,23.01
BGW-07,3,56,24.65,3.2,82.8,22.06
BGW-07,3,57,23.17,3.2,85.3,23.49
BGW-07,3,58,24.15,3.2,88.1,22.47
BGW-07,3,59,22.51,3.2,91.0,21.67
BGW-07,3,60,21.81,3.2,94.1,21.84
BGW-07,3,61,25.45,3.2,97.4,20.71
BGW-07,3,62,22.02,3.2,101.0,21.02
BGW-07,3,63,21.23,3.2,104.7,20.01
BGW-07,3,64,22.43,3.2,108.6,19.9
BGW-07,3,65,24.02,3.2,112.7,19.86
BGW-07,3,66,22.76,3.2,117.0,20.43
BGW-07,3,67,20.38,3.2,121.4,18.33
BGW-07,3,68,20.36,3.2,126.1,18.03
BGW-07,3,69,22.55,3.2,130.9,17.76
BGW-07,3,70,22.02,3.2,135.6,17.58
BGW-07,3,71,20.69,3.2,140.4,17.35
BGW-07,3,72,20.43,3.2,145.4,17.23
BGW-07,3,73,20.14,3.2,150.5,15.94
BGW-07,3,74,18.83,3.2,155.7,15.82
BGW-07,3,75,20.06,3.2,161.0,15.44
BGW-07,3,76,18.45,3.2,166.5,15.32
BGW-07,3,77,21.47,3.2,172.0,13.69
BGW-07,3,78,19.88,3.2,177.6,13.35
BGW-07,3,79,19.64,3.2,183.3,12.51
BGW-07,3,80,20.63,3.2,189.1,12.78
BGW-07,3,81,18.67,3.2,194.9,12.12
BGW-07,3,82,17.85,3.2,200.8,11.55
BGW-07,3,83,17.56,3.2,206.7,11.06
BGW-07,3,84,17.29,3.2,212.6,10.16
BGW-07,3,85,16.75,3.2,218.5,10.08
BGW-07,3,86,16.34,3.2,224.4,8.73
BGW-07,3,87,16.23,3.2,230.3,8.93
BGW-07,3,88,18.15,3.2,236.2,8.15
BGW-07,3,89,14.93,3.2,242.1,7.36
BGW-07,3,90,15.49,3.2,248.0,6.68
BGW-07,3,91,15.95,3.2,253.8,6.57
BGW-07,3,92,15.01,3.2,259.5,5.9
BGW-07,3,93,14.05,3.2,265.2,5.13
BGW-07,3,94,13.6,3.2,270.8,4.81
BGW-07,3,95,15.51,3.2,276.4,4.25
BGW-07,3,96,14.66,3.2,281.8,3.86
BGW-07,3,97,14.34,3.2,287.2,3.22
BGW-07,3,98,11.98,3.2,292.5,2.76
BGW-07,3,99,13.74,3.2,297.8,2.28
BGW-07,3,100,14.64,3.2,302.9,1.81
BGW-07,3,101,14.37,3.2,307.9,1.32
BGW-07,3,102,13.68,3.2,312.8,0.86
BGW-07,3,103,12.82,3.2,317.6,0.44
BGW-07,3,104,13.44,3.2,322.4,0.0
BGW-07,3,105,12.6,3.2,327.0,0.0
BGW-07,3,106,13.27,3.2,331.5,0.0
BGW-07,3,107,12.17,3.2,335.9,0.0
BGW-07,3,108,14.31,3.2,340.2,0.0
BGW-07,3,109,12.37,3.2,344.3,0.0
BGW-07,3,110,12.49,3.2,348.4,0.0
BGW-07,3,111,11.07,3.2,352.4,0.0
BGW-07,3,112,11.89,3.2,356.2,0.0
BGW-07,3,113,11.91,3.2,359.9,0.0
BGW-07,3,114,11.24,3.2,363.6,0.0
BGW-07,3,115,11.8,3.2,367.1,0.0
BGW-07,3,116,11.4,3.2,370.5,0.0
BGW-07,3,117,11.27,3.2,373.8,0.0
BGW-07,3,118,11.84,3.2,377.0,0.0
BGW-07,3,119,13.58,3.2,380.2,0.0
BGW-07,3,120,11.01,3.2,383.2,0.0
BGW-07,3,121,11.06,3.2,386.1,0.0
BGW-07,3,122,11.53,3.2,388.9,0.0
BGW-07,3,123,11.13,3.2,391.6,0.0
BGW-07,3,124,10.21,3.2,394.3,0.0
BGW-07,3,125,11.8,3.2,396.8,0.0
BGW-07,3,126,10.64,3.2,399.3,0.0
BGW-07,3,127,10.04,3.2,401.6,0.0
BGW-07,3,128,11.54,3.2,403.9,0.0
BGW-07,3,129,10.38,3.2,406.2,0.0
BGW-07,3,130,10.51,3.2,408.3,0.0
BGW-07,3,131,10.54,3.2,410.3,0.0
BGW-07,3,132,9.76,3.2,412.3,0.0
BGW-07,3,133,9.78,3.2,414.2,0.0
BGW-07,3,134,10.82,3.2,416.1,0.0
BGW-07,3,135,10.18,3.2,417.9,0.0
BGW-07,3,136,11.2,3.2,419.6,0.0
BGW-07,3,137,10.18,3.2,421.2,0.0
BGW-07,3,138,9.52,3.2,422.8,0.0
BGW-07,3,139,10.62,3.2,424.3,0.0
BGW-07,3,140,11.18,3.2,425.8,0.0
BGW-07,3,141,10.71,3.2,427.2,0.0
BGW-07,3,142,10.38,3.2,428.6,0.0
BGW-07,3,143,9.87,3.2,429.9,0.0
BGW-07,3,144,9.48,3.2,431.1,0.0
BGW-07,3,145,10.83,3.2,432.3,0.0
BGW-07,3,146,11.11,3.2,433.5,0.0
BGW-07,3,147,10.16,3.2,434.6,0.0
BGW-07,3,148,10.03,3.2,435.7,0.0
BGW-07,3,149,9.36,3.2,436.7,0.0
BGW-07,4,12,20.79,4.2,86.2,24.23
BGW-07,4,13,21.77,4.2,80.9,25.33
BGW-07,4,14,21.81,4.2,76.8,26.02
BGW-07,4,15,24.44,4.2,73.6,26.43
BGW-07,4,16,22.12,4.2,71.1,24.89
BGW-07,4,17,20.59,4.2,69.0,25.38
BGW-07,4,18,21.3,4.2,67.4,24.35
BGW-07,4,19,20.62,4.2,66.0,24.12
BGW-07,4,20,23.53,4.2,64.9,25.34
BGW-07,4,21,22.23,4.2,63.9,23.96
BGW-07,4,22,22.99,4.2,63.2,24.15
BGW-07,4,23,21.6,4.2,62.7,25.25
BGW-07,4,24,21.09,4.2,62.3,24.58
BGW-07,4,25,23.1,4.2,62.0,24.26
BGW-07,4,26,20.63,4.2,61.9,26.09
BGW-07,4,27,19.31,4.2,61.9,24.69
BGW-07,4,28,22.48,4.2,62.1,24.4
BGW-07,4,29,22.65,4.2,62.5,24.39
BGW-07,4,30,19.2,4.2,63.1,25.74
BGW-07,4,31,19.79,4.2,63.8,24.05
BGW-07,4,32,20.93,4.2,64.8,25.23
BGW-07,4,33,21.5,4.2,65.9,23.51
BGW-07,4,34,20.96,4.2,67.4,25.73
BGW-07,4,35,20.12,4.2,69.1,23.11
BGW-07,4,36,21.64,4.2,71.2,23.98
BGW-07,4,37,21.68,4.2,73.6,24.19
BGW-07,4,38,21.05,4.2,76.4,23.0
BGW-07,4,39,18.65,4.2,79.7,23.33
BGW-07,4,40,21.16,4.2,83.4,21.94
BGW-07,4,41,20.92,4.2,87.6,24.21
BGW-07,4,42,22.43,4.2,92.3,21.98
BGW-07,4,43,21.51,4.2,97.7,21.24
BGW-07,4,44,20.05,4.2,103.6,22.19
BGW-07,4,45,18.75,4.2,110.2,20.89
BGW-07,4,46,21.61,4.2,117.5,21.36
BGW-07,4,47,19.45,4.2,125.6,21.06
BGW-07,4,48,18.2,4.2,134.4,21.76
BGW-07,4,49,20.61,4.2,144.0,19.7
BGW-07,4,50,19.3,4.2,154.3,20.3
BGW-07,4,51,21.74,4.2,165.5,19.46
BGW-07,4,52,21.11,4.2,177.5,18.31
BGW-07,4,53,19.24,4.2,190.4,18.11
BGW-07,4,54,20.86,4.2,204.0,18.34
BGW-07,4,55,17.31,4.2,218.5,16.71
BGW-07,4,56,19.14,4.2,233.7,15.36
BGW-07,4,57,18.29,4.2,249.8,14.21
BGW-07,4,58,17.91,4.2,266.5,13.6
BGW-07,4,59,19.14,4.2,284.0,13.01
BGW-07,4,60,15.14,4.2,302.2,11.79
BGW-07,4,61,19.07,4.2,321.0,11.19
BGW-07,4,62,15.76,4.2,340.4,9.25
BGW-07,4,63,18.62,4.2,360.3,8.83
BGW-07,4,64,15.84,4.2,380.7,7.27
BGW-07,4,65,16.19,4.2,401.5,6.62
BGW-07,4,66,17.12,4.2,422.7,5.16
BGW-07,4,67,15.08,4.2,444.2,4.11
BGW-07,4,68,16.16,4.2,466.0,2.86
BGW-07,4,69,15.86,4.2,488.0,1.77
BGW-07,4,70,14.83,4.2,510.0,0.54
BGW-07,4,71,14.72,4.2,532.2,0.0
BGW-07,4,72,13.78,4.2,554.4,0.0
BGW-07,4,73,14.89,4.2,576.6,0.0
BGW-07,4,74,13.76,4.2,598.7,0.0
BGW-07,4,75,12.62,4.2,620.7,0.0
BGW-07,4,76,13.01,4.2,642.5,0.0
BGW-07,4,77,12.79,4.2,664.0,0.0
BGW-07,4,78,12.21,4.2,685.4,0.0
BGW-07,4,79,13.06,4.2,706.4,0.0
BGW-07,4,80,12.73,4.2,727.1,0.0
BGW-07,4,81,12.39,4.2,747.5,0.0
BGW-07,4,82,10.76,4.2,767.4,0.0
BGW-07,4,83,11.12,4.2,787.0,0.0
BGW-07,4,84,12.02,4.2,806.2,0.0
BGW-07,4,85,11.2,4.2,824.9,0.0
BGW-07,4,86,11.63,4.2,843.1,0.0
BGW-07,4,87,10.7,4.2,860.9,0.0
BGW-07,4,88,10.26,4.2,878.2,0.0
BGW-07,4,89,9.94,4.2,895.0,0.0
BGW-07,4,90,10.73,4.2,911.3,0.0
BGW-07,4,91,10.38,4.2,927.1,0.0
BGW-07,4,92,10.65,4.2,942.5,0.0
BGW-07,4,93,10.88,4.2,957.3,0.0
BGW-07,4,94,10.47,4.2,971.6,0.0
BGW-07,4,95,10.01,4.2,985.5,0.0
BGW-07,4,96,10.86,4.2,998.9,0.0
BGW-07,4,97,10.29,4.2,1011.8,0.0
BGW-07,5,11,14.82,3.4,76.5,26.25
BGW-07,5,12,18.17,3.4,76.6,24.25
BGW-07,5,13,22.1,3.4,76.6,25.5
BGW-07,5,14,23.54,3.4,76.6,24.16
BGW-07,5,15,23.2,3.4,76.6,24.89
BGW-07,5,16,25.22,3.4,76.7,23.16
BGW-07,5,17,24.53,3.4,76.4,25.37
BGW-07,5,18,25.61,3.4,74.4,24.75
BGW-07,5,19,27.33,3.4,72.7,24.86
BGW-07,5,20,25.17,3.4,71.2,24.34
BGW-07,5,21,24.43,3.4,70.0,25.94
BGW-07,5,22,27.68,3.4,69.0,24.99
BGW-07,5,23,25.48,3.4,68.2,25.06
BGW-07,5,24,26.07,3.4,67.4,24.37
BGW-07,5,25,24.88,3.4,66.8,26.29
BGW-07,5,26,25.17,3.4,66.3,24.67
BGW-07,5,27,26.11,3.4,65.9,23.89
BGW-07,5,28,26.19,3.4,65.6,24.06
BGW-07,5,29,23.99,3.4,65.4,25.14
BGW-07,5,30,24.66,3.4,65.3,24.99
BGW-07,5,31,26.62,3.4,65.2,24.3
BGW-07,5,32,25.0,3.4,65.3,23.9
BGW-07,5,33,27.09,3.4,65.4,25.45
BGW-07,5,34,23.88,3.4,65.7,24.35
BGW-07,5,35,27.37,3.4,66.0,24.82
BGW-07,5,36,23.95,3.4,66.4,24.61
BGW-07,5,37,26.27,3.4,67.0,23.61
BGW-07,5,38,22.33,3.4,67.7,25.18
BGW-07,5,39,22.82,3.4,68.5,23.84
BGW-07,5,40,25.39,3.4,69.4,23.96
BGW-07,5,41,25.86,3.4,70.5,23.73
BGW-07,5,42,24.87,3.4,71.7,24.42
BGW-07,5,43,25.71,3.4,73.2,23.87
BGW-07,5,44,23.75,3.4,74.8,23.67
BGW-07,5,45,26.68,3.4,76.6,23.67
BGW-07,5,46,26.59,3.4,78.6,23.61
BGW-07,5,47,25.87,3.4,80.9,23.38
BGW-07,5,48,25.79,3.4,83.4,22.72
BGW-07,5,49,21.8,3.4,86.1,22.55
BGW-07,5,50,26.06,3.4,89.2,23.45
BGW-07,5,51,26.55,3.4,92.5,24.4
BGW-07,5,52,24.78,3.4,96.1,22.9
BGW-07,5,53,26.25,3.4,100.0,23.06
BGW-07,5,54,23.48,3.4,104.3,23.55
BGW-07,5,55,27.22,3.4,108.9,22.01
BGW-07,5,56,20.89,3.4,113.8,20.98
BGW-07,5,57,23.83,3.4,119.0,20.78
BGW-07,5,58,22.51,3.4,124.7,20.84
BGW-07,5,59,24.69,3.4,130.6,20.01
BGW-07,5,60,23.04,3.4,137.0,18.96
BGW-07,5,61,23.49,3.4,143.7,19.36
BGW-07,5,62,21.93,3.4,150.8,18.93
BGW-07,5,63,22.01,3.4,158.2,18.22
BGW-07,5,64,23.63,3.4,166.0,16.97
BGW-07,5,65,21.91,3.4,174.1,16.51
BGW-07,5,66,22.44,3.4,182.6,17.22
BGW-07,5,67,21.79,3.4,191.5,15.86
BGW-07,5,68,20.77,3.4,200.6,15.08
BGW-07,5,69,18.83,3.4,210.1,14.42
BGW-07,5,70,20.53,3.4,219.8,14.39
BGW-07,5,71,20.23,3.4,229.9,13.5
BGW-07,5,72,20.27,3.4,240.1,12.66
BGW-07,5,73,18.5,3.4,250.7,11.51
BGW-07,5,74,19.09,3.4,261.5,11.74
BGW-07,5,75,18.18,3.4,272.4,10.84
BGW-07,5,76,18.37,3.4,283.6,10.61
BGW-07,5,77,18.38,3.4,294.9,9.22
BGW-07,5,78,17.62,3.4,306.4,8.87
BGW-07,5,79,19.06,3.4,318.0,7.49
BGW-07,5,80,15.17,3.4,329.7,6.58
BGW-07,5,81,18.72,3.4,341.5,6.25
BGW-07,5,82,17.81,3.4,353.3,5.43
BGW-07,5,83,16.19,3.4,365.2,4.43
BGW-07,5,84,15.79,3.4,377.1,3.92
BGW-07,5,85,15.77,3.4,389.0,2.94
BGW-07,5,86,14.5,3.4,400.9,2.15
BGW-07,5,87,15.6,3.4,412.7,1.41
BGW-07,5,88,15.02,3.4,424.5,0.58
BGW-07,5,89,14.42,3.4,436.2,0.0
BGW-07,5,90,15.13,3.4,447.9,0.0
BGW-07,5,91,14.96,3.4,459.4,0.0
BGW-07,5,92,15.68,3.4,470.8,0.0
BGW-07,5,93,13.67,3.4,482.0,0.0
BGW-07,5,94,13.67,3.4,493.1,0.0
BGW-07,5,95,13.72,3.4,504.1,0.0
BGW-07,5,96,13.46,3.4,514.9,0.0
BGW-07,5,97,11.65,3.4,525.5,0.0
BGW-07,5,98,13.27,3.4,536.0,0.0
BGW-07,5,99,12.02,3.4,546.2,0.0
BGW-07,5,100,12.89,3.4,556.3,0.0
BGW-07,5,101,12.24,3.4,566.1,0.0
BGW-07,5,102,13.25,3.4,575.8,0.0
BGW-07,5,103,12.56,3.4,585.2,0.0
BGW-07,5,104,12.83,3.4,594.4,0.0
BGW-07,5,105,12.9,3.4,603.4,0.0
BGW-07,5,106,11.2,3.4,612.2,0.0
BGW-07,5,107,12.98,3.4,620.8,0.0
BGW-07,5,108,12.08,3.4,629.1,0.0
BGW-07,5,109,11.67,3.4,637.3,0.0
BGW-07,5,110,12.5,3.4,645.2,0.0
BGW-07,5,111,10.36,3.4,652.9,0.0
BGW-07,5,112,11.66,3.4,660.3,0.0
BGW-07,5,113,10.98,3.4,667.6,0.0
BGW-07,5,114,11.13,3.4,674.6,0.0
BGW-07,5,115,13.04,3.4,681.5,0.0
BGW-07,5,116,11.95,3.4,688.1,0.0
BGW-07,5,117,10.32,3.4,694.5,0.0
BGW-07,5,118,10.17,3.4,700.7,0.0
BGW-07,5,119,10.39,3.4,706.7,0.0
BGW-07,5,120,11.03,3.4,712.6,0.0
BGW-07,5,121,10.9,3.4,718.2,0.0
BGW-07,5,122,10.5,3.4,723.7,0.0
BGW-07,5,123,9.92,3.4,728.9,0.0
BGW-07,5,124,8.92,3.4,734.0,0.0
BGW-07,5,125,11.07,3.4,738.9,0.0
BGW-07,5,126,9.76,3.4,743.7,0.0
BGW-07,5,127,10.28,3.4,748.3,0.0
BGW-07,5,128,9.99,3.4,752.7,0.0
BGW-07,5,129,9.55,3.4,757.0,0.0
BGW-07,5,130,10.11,3.4,761.1,0.0
BGW-07,5,131,8.94,3.4,765.0,0.0
BGW-07,5,132,9.92,3.4,768.9,0.0
BGW-07,6,10,13.66,3.6,67.2,24.02
BGW-07,6,11,15.68,3.6,67.2,24.87
BGW-07,6,12,17.35,3.6,67.3,26.44
BGW-07,6,13,19.06,3.6,67.3,25.55
BGW-07,6,14,19.89,3.6,67.2,24.31
BGW-07,6,15,22.44,3.6,67.0,25.01
BGW-07,6,16,21.12,3.6,66.8,25.64
BGW-07,6,17,22.37,3.6,66.6,25.82
BGW-07,6,18,20.39,3.6,66.5,25.0
BGW-07,6,19,24.65,3.6,66.3,25.42
BGW-07,6,20,25.77,3.6,66.1,24.11
BGW-07,6,21,24.9,3.6,66.0,25.06
BGW-07,6,22,23.79,3.6,65.9,24.68
BGW-07,6,23,26.09,3.6,65.8,24.18
BGW-07,6,24,26.08,3.6,65.4,24.0
BGW-07,6,25,25.88,3.6,65.0,25.53
BGW-07,6,26,24.0,3.6,64.7,25.84
BGW-07,6,27,23.77,3.6,64.4,24.55
BGW-07,6,28,23.75,3.6,64.3,25.17
BGW-07,6,29,23.02,3.6,64.2,25.36
BGW-07,6,30,23.91,3.6,64.3,24.86
BGW-07,6,31,27.23,3.6,64.4,25.45
BGW-07,6,32,25.78,3.6,64.6,24.14
BGW-07,6,33,27.14,3.6,64.9,23.89
BGW-07,6,34,28.57,3.6,65.3,23.95
BGW-07,6,35,23.72,3.6,65.9,23.68
BGW-07,6,36,22.43,3.6,66.5,23.81
BGW-07,6,37,26.26,3.6,67.3,24.95
BGW-07,6,38,24.13,3.6,68.2,23.67
BGW-07,6,39,22.5,3.6,69.3,24.39
BGW-07,6,40,27.14,3.6,70.5,23.75
BGW-07,6,41,24.55,3.6,71.9,24.36
BGW-07,6,42,24.9,3.6,73.5,24.18
BGW-07,6,43,24.34,3.6,75.2,23.01
BGW-07,6,44,25.79,3.6,77.2,22.91
BGW-07,6,45,24.31,3.6,79.4,23.69
BGW-07,6,46,24.14,3.6,81.8,22.34
BGW-07,6,47,23.61,3.6,84.4,22.0
BGW-07,6,48,23.53,3.6,87.3,22.71
BGW-07,6,49,23.97,3.6,90.4,21.66
BGW-07,6,50,22.11,3.6,93.8,21.6
BGW-07,6,51,20.73,3.6,97.5,22.8
BGW-07,6,52,23.39,3.6,101.4,21.59
BGW-07,6,53,23.82,3.6,105.6,20.85
BGW-07,6,54,23.29,3.6,110.1,21.61
BGW-07,6,55,22.34,3.6,114.9,19.23
BGW-07,6,56,21.74,3.6,119.9,20.6
BGW-07,6,57,18.96,3.6,125.2,19.12
BGW-07,6,58,22.88,3.6,130.8,18.52
BGW-07,6,59,21.29,3.6,136.6,18.79
BGW-07,6,60,20.93,3.6,142.7,18.08
BGW-07,6,61,21.57,3.6,149.0,17.23
BGW-07,6,62,20.37,3.6,155.6,16.83
BGW-07,6,63,21.63,3.6,162.4,14.62
BGW-07,6,64,19.5,3.6,169.4,15.89
BGW-07,6,65,17.83,3.6,176.6,15.19
BGW-07,6,66,18.38,3.6,184.0,14.25
BGW-07,6,67,18.5,3.6,191.6,13.81
BGW-07,6,68,20.77,3.6,199.3,13.33
BGW-07,6,69,18.05,3.6,207.1,13.09
BGW-07,6,70,18.72,3.6,215.0,11.1
BGW-07,6,71,16.71,3.6,223.1,11.42
BGW-07,6,72,16.57,3.6,231.2,10.88
BGW-07,6,73,17.2,3.6,239.4,10.37
BGW-07,6,74,16.14,3.6,247.6,8.71
BGW-07,6,75,16.11,3.6,255.9,8.11
BGW-07,6,76,15.17,3.6,264.2,7.51
BGW-07,6,77,15.78,3.6,272.5,7.15
BGW-07,6,78,15.96,3.6,280.7,6.1
BGW-07,6,79,15.84,3.6,288.9,5.55
BGW-07,6,80,15.56,3.6,297.1,4.7
BGW-07,6,81,16.21,3.6,305.2,4.33
BGW-07,6,82,14.22,3.6,313.2,3.74
BGW-07,6,83,14.51,3.6,321.2,2.86
BGW-07,6,84,13.64,3.6,329.0,2.28
BGW-07,6,85,13.52,3.6,336.8,1.78
BGW-07,6,86,14.14,3.6,344.4,1.04
BGW-07,6,87,13.2,3.6,351.9,0.41
BGW-07,6,88,12.98,3.6,359.2,0.0
BGW-07,6,89,12.85,3.6,366.5,0.0
BGW-07,6,90,13.0,3.6,373.5,0.0
BGW-07,6,91,12.72,3.6,380.4,0.0
BGW-07,6,92,12.13,3.6,387.2,0.0
BGW-07,6,93,11.92,3.6,393.8,0.0
BGW-07,6,94,11.07,3.6,400.3,0.0
BGW-07,6,95,12.6,3.6,406.6,0.0
BGW-07,6,96,12.82,3.6,412.7,0.0
BGW-07,6,97,11.67,3.6,418.6,0.0
BGW-07,6,98,11.42,3.6,424.4,0.0
BGW-07,6,99,12.62,3.6,430.0,0.0
BGW-07,6,100,12.89,3.6,435.5,0.0
BGW-07,6,101,10.59,3.6,440.8,0.0
BGW-07,6,102,11.34,3.6,445.9,0.0
BGW-07,6,103,11.04,3.6,450.9,0.0
BGW-07,6,104,13.24,3.6,455.7,0.0
BGW-07,6,105,11.37,3.6,460.3,0.0
BGW-07,6,106,11.23,3.6,464.8,0.0
BGW-07,6,107,10.27,3.6,469.1,0.0
BGW-07,6,108,11.92,3.6,473.3,0.0
BGW-07,6,109,10.88,3.6,477.4,0.0
BGW-07,6,110,10.28,3.6,481.3,0.0
BGW-07,6,111,10.82,3.6,485.0,0.0
BGW-07,6,112,11.58,3.6,488.6,0.0
BGW-07,6,113,9.86,3.6,492.1,0.0
BGW-07,6,114,10.8,3.6,495.5,0.0
BGW-07,6,115,9.73,3.6,498.7,0.0
BGW-07,6,116,9.19,3.6,501.8,0.0
BGW-07,6,117,10.54,3.6,504.8,0.0
BGW-07,6,118,9.72,3.6,507.7,0.0
BGW-07,6,119,10.28,3.6,510.4,0.0
BGW-07,6,120,10.42,3.6,513.1,0.0
BGW-07,6,121,11.18,3.6,515.6,0.0
BGW-07,6,122,9.94,3.6,518.1,0.0
BGW-07,6,123,10.89,3.6,520.4,0.0
BGW-07,6,124,10.52,3.6,522.7,0.0
BGW-07,6,125,11.42,3.6,524.8,0.0
BGW-07,6,126,9.83,3.6,526.9,0.0
BGW-07,7,12,14.75,3.1,72.3,24.41
BGW-07,7,13,17.41,3.1,72.3,25.86
BGW-07,7,14,18.53,3.1,72.3,24.04
BGW-07,7,15,20.67,3.1,72.4,24.67
BGW-07,7,16,22.16,3.1,72.4,24.71
BGW-07,7,17,23.05,3.1,72.4,25.86
BGW-07,7,18,24.52,3.1,72.3,24.67
BGW-07,7,19,26.89,3.1,72.1,25.84
BGW-07,7,20,26.57,3.1,71.9,24.1
BGW-07,7,21,29.38,3.1,71.7,25.35
BGW-07,7,22,25.06,3.1,70.5,25.38
BGW-07,7,23,28.37,3.1,69.5,24.97
BGW-07,7,24,24.74,3.1,68.6,25.34
BGW-07,7,25,24.24,3.1,67.8,25.29
BGW-07,7,26,26.41,3.1,67.2,24.68
BGW-07,7,27,26.07,3.1,66.7,24.71
BGW-07,7,28,24.06,3.1,66.3,25.79
BGW-07,7,29,29.06,3.1,65.9,25.9
BGW-07,7,30,25.91,3.1,65.7,24.05
BGW-07,7,31,27.71,3.1,65.5,24.66
BGW-07,7,32,26.29,3.1,65.4,23.78
BGW-07,7,33,25.3,3.1,65.4,23.29
BGW-07,7,34,23.57,3.1,65.5,25.01
BGW-07,7,35,24.84,3.1,65.6,25.21
BGW-07,7,36,23.15,3.1,65.9,26.25
BGW-07,7,37,28.65,3.1,66.2,23.87
BGW-07,7,38,26.89,3.1,66.6,24.07
BGW-07,7,39,26.9,3.1,67.2,24.27
BGW-07,7,40,27.24,3.1,67.8,25.51
BGW-07,7,41,23.2,3.1,68.6,23.26
BGW-07,7,42,25.23,3.1,69.5,24.88
BGW-07,7,43,25.74,3.1,70.6,23.94
BGW-07,7,44,23.51,3.1,71.8,23.18
BGW-07,7,45,25.43,3.1,73.2,25.1
BGW-07,7,46,27.08,3.1,74.7,22.27
BGW-07,7,47,24.86,3.1,76.5,24.33
BGW-07,7,48,27.14,3.1,78.4,24.36
BGW-07,7,49,25.57,3.1,80.6,23.34
BGW-07,7,50,23.99,3.1,83.0,22.54
BGW-07,7,51,23.79,3.1,85.6,22.87
BGW-07,7,52,26.62,3.1,88.4,24.42
BGW-07,7,53,27.01,3.1,91.6,23.12
BGW-07,7,54,25.59,3.1,95.0,22.95
BGW-07,7,55,24.16,3.1,98.6,21.52
BGW-07,7,56,25.8,3.1,102.6,22.5
BGW-07,7,57,23.99,3.1,106.8,22.49
BGW-07,7,58,22.77,3.1,111.4,21.25
BGW-07,7,59,23.46,3.1,116.3,21.01
BGW-07,7,60,24.32,3.1,121.4,20.18
BGW-07,7,61,22.42,3.1,126.9,19.96
BGW-07,7,62,23.22,3.1,132.7,19.86
BGW-07,7,63,24.3,3.1,138.8,18.77
BGW-07,7,64,26.07,3.1,145.2,18.71
BGW-07,7,65,21.68,3.1,151.9,18.06
BGW-07,7,66,21.26,3.1,158.9,17.89
BGW-07,7,67,23.24,3.1,166.2,16.37
BGW-07,7,68,21.8,3.1,173.8,16.39
BGW-07,7,69,21.71,3.1,181.6,16.66
BGW-07,7,70,20.92,3.1,189.7,15.68
BGW-07,7,71,20.34,3.1,198.1,14.37
BGW-07,7,72,19.0,3.1,206.6,13.93
BGW-07,7,73,19.24,3.1,215.4,13.4
BGW-07,7,74,20.01,3.1,224.4,13.19
BGW-07,7,75,18.25,3.1,233.6,12.07
BGW-07,7,76,22.18,3.1,242.9,11.6
BGW-07,7,77,19.48,3.1,252.4,10.57
BGW-07,7,78,16.65,3.1,262.0,9.54
BGW-07,7,79,18.22,3.1,271.7,9.47
BGW-07,7,80,18.66,3.1,281.5,8.45
BGW-07,7,81,18.66,3.1,291.4,7.96
BGW-07,7,82,15.58,3.1,301.4,7.39
BGW-07,7,83,18.5,3.1,311.4,6.33
BGW-07,7,84,15.21,3.1,321.4,5.64
BGW-07,7,85,14.92,3.1,331.3,5.0
BGW-07,7,86,15.08,3.1,341.3,4.27
BGW-07,7,87,15.65,3.1,351.3,3.8
BGW-07,7,88,16.99,3.1,361.2,2.87
BGW-07,7,89,14.61,3.1,371.0,2.0
BGW-07,7,90,15.47,3.1,380.8,1.39
BGW-07,7,91,13.88,3.1,390.5,0.65
BGW-07,7,92,14.67,3.1,400.0,0.0
BGW-07,7,93,15.03,3.1,409.5,0.0
BGW-07,7,94,14.04,3.1,418.9,0.0
BGW-07,7,95,13.98,3.1,428.1,0.0
BGW-07,7,96,13.49,3.1,437.1,0.0
BGW-07,7,97,15.18,3.1,446.0,0.0
BGW-07,7,98,13.75,3.1,454.8,0.0
BGW-07,7,99,15.61,3.1,463.4,0.0
BGW-07,7,100,13.01,3.1,471.8,0.0
BGW-07,7,101,13.15,3.1,480.1,0.0
BGW-07,7,102,12.73,3.1,488.2,0.0
BGW-07,7,103,13.12,3.1,496.1,0.0
BGW-07,7,104,12.56,3.1,503.8,0.0
BGW-07,7,105,14.4,3.1,511.3,0.0
BGW-07,7,106,12.11,3.1,518.7,0.0
BGW-07,7,107,12.82,3.1,525.8,0.0
BGW-07,7,108,11.39,3.1,532.8,0.0
BGW-07,7,109,12.18,3.1,539.6,0.0
BGW-07,7,110,11.57,3.1,546.2,0.0
BGW-07,7,111,11.8,3.1,552.6,0.0
BGW-07,7,112,12.45,3.1,558.8,0.0
BGW-07,7,113,10.7,3.1,564.8,0.0
BGW-07,7,114,10.69,3.1,570.7,0.0
BGW-07,7,115,11.29,3.1,576.4,0.0
BGW-07,7,116,10.05,3.1,581.9,0.0
BGW-07,7,117,10.83,3.1,587.2,0.0
BGW-07,7,118,10.87,3.1,592.3,0.0
BGW-07,7,119,10.9,3.1,597.3,0.0
BGW-07,7,120,10.12,3.1,602.2,0.0
BGW-07,7,121,10.67,3.1,606.8,0.0
BGW-07,7,122,10.2,3.1,611.3,0.0
BGW-07,7,123,11.07,3.1,615.7,0.0
BGW-07,7,124,10.2,3.1,619.9,0.0
BGW-07,7,125,10.52,3.1,623.9,0.0
BGW-07,7,126,12.16,3.1,627.9,0.0
BGW-07,7,127,10.47,3.1,631.6,0.0
BGW-07,7,128,10.23,3.1,635.3,0.0
BGW-07,7,129,9.76,3.1,638.8,0.0
BGW-07,7,130,10.11,3.1,642.2,0.0
BGW-07,7,131,10.92,3.1,645.4,0.0
BGW-07,7,132,10.95,3.1,648.5,0.0
BGW-07,7,133,10.84,3.1,651.6,0.0
BGW-07,7,134,10.91,3.1,654.5,0.0
BGW-07,7,135,9.54,3.1,657.3,0.0
BGW-07,7,136,9.72,3.1,660.0,0.0
BGW-07,7,137,10.2,3.1,662.5,0.0
BGW-07,7,138,9.17,3.1,665.0,0.0
BGW-07,7,139,10.05,3.1,667.4,0.0
BGW-08,1,13,13.24,2.6,65.2,25.57
BGW-08,1,14,14.68,2.6,65.3,24.51
BGW-08,1,15,15.9,2.6,65.3,25.02
BGW-08,1,16,16.0,2.6,65.3,25.03
BGW-08,1,17,17.15,2.6,65.3,25.5
BGW-08,1,18,18.4,2.6,65.3,24.91
BGW-08,1,19,18.58,2.6,65.3,24.49
BGW-08,1,20,21.97,2.6,65.3,25.2
BGW-08,1,21,20.88,2.6,65.2,25.8
BGW-08,1,22,22.61,2.6,65.0,25.16
BGW-08,1,23,23.86,2.6,64.9,23.92
BGW-08,1,24,22.92,2.6,64.8,25.06
BGW-08,1,25,23.47,2.6,64.6,25.29
BGW-08,1,26,25.08,2.6,64.5,26.15
BGW-08,1,27,23.64,2.6,64.4,25.55
BGW-08,1,28,26.73,2.6,64.3,24.99
BGW-08,1,29,26.22,2.6,64.2,24.53
BGW-08,1,30,24.56,2.6,64.1,25.38
BGW-08,1,31,26.62,2.6,64.0,25.07
BGW-08,1,32,26.06,2.6,63.9,25.57
BGW-08,1,33,25.21,2.6,63.8,24.68
BGW-08,1,34,26.03,2.6,63.7,24.52
BGW-08,1,35,23.65,2.6,63.6,24.42
BGW-08,1,36,25.06,2.6,63.6,24.06
BGW-08,1,37,27.04,2.6,63.5,24.91
BGW-08,1,38,29.8,2.6,63.5,24.16
BGW-08,1,39,28.43,2.6,63.4,24.48
BGW-08,1,40,30.89,2.6,63.4,25.36
BGW-08,1,41,27.71,2.6,63.4,24.59
BGW-08,1,42,24.61,2.6,63.4,23.21
BGW-08,1,43,24.98,2.6,63.5,25.78
BGW-08,1,44,27.23,2.6,63.5,24.54
BGW-08,1,45,28.04,2.6,63.6,24.01
BGW-08,1,46,26.8,2.6,63.7,25.42
BGW-08,1,47,26.52,2.6,63.9,24.13
BGW-08,1,48,24.38,2.6,64.1,25.66
BGW-08,1,49,28.15,2.6,64.3,25.25
BGW-08,1,50,28.23,2.6,64.5,24.06
BGW-08,1,51,25.04,2.6,64.8,25.88
BGW-08,1,52,24.37,2.6,65.1,26.14
BGW-08,1,53,27.13,2.6,65.5,25.04
BGW-08,1,54,23.89,2.6,65.9,24.3
BGW-08,1,55,27.45,2.6,66.4,24.28
BGW-08,1,56,24.95,2.6,66.9,25.25
BGW-08,1,57,24.62,2.6,67.5,24.82
BGW-08,1,58,28.94,2.6,68.1,23.81
BGW-08,1,59,26.81,2.6,68.8,22.92
BGW-08,1,60,21.97,2.6,69.6,24.84
BGW-08,1,61,23.3,2.6,70.4,23.65
BGW-08,1,62,23.52,2.6,71.4,25.21
BGW-08,1,63,25.48,2.6,72.4,23.34
BGW-08,1,64,26.43,2.6,73.4,22.88
BGW-08,1,65,23.76,2.6,74.6,23.82
BGW-08,1,66,25.86,2.6,75.9,23.64
BGW-08,1,67,27.01,2.6,77.2,23.71
BGW-08,1,68,23.15,2.6,78.6,23.34
BGW-08,1,69,26.54,2.6,80.2,24.3
BGW-08,1,70,27.0,2.6,81.8,22.65
BGW-08,1,71,25.11,2.6,83.5,22.76
BGW-08,1,72,23.9,2.6,85.4,22.04
BGW-08,1,73,22.94,2.6,87.3,22.99
BGW-08,1,74,23.89,2.6,89.3,23.01
BGW-08,1,75,24.23,2.6,91.5,22.23
BGW-08,1,76,24.99,2.6,93.7,22.0
BGW-08,1,77,23.72,2.6,96.1,22.28
BGW-08,1,78,25.22,2.6,98.5,20.63
BGW-08,1,79,22.53,2.6,101.1,20.87
BGW-08,1,80,25.49,2.6,103.8,22.46
BGW-08,1,81,25.6,2.6,106.6,20.18
BGW-08,1,82,24.49,2.6,109.5,20.6
BGW-08,1,83,27.11,2.6,112.5,20.13
BGW-08,1,84,25.46,2.6,115.5,19.49
BGW-08,1,85,23.76,2.6,118.7,19.93
BGW-08,1,86,23.96,2.6,122.0,20.27
BGW-08,1,87,22.46,2.6,125.4,19.77
BGW-08,1,88,21.8,2.6,128.9,18.36
BGW-08,1,89,23.51,2.6,132.4,18.65
BGW-08,1,90,22.43,2.6,136.1,17.72
BGW-08,1,91,21.87,2.6,139.8,17.88
BGW-08,1,92,23.84,2.6,143.6,17.59
BGW-08,1,93,23.45,2.6,147.4,17.37
BGW-08,1,94,25.61,2.6,151.3,17.63
BGW-08,1,95,24.06,2.6,155.0,16.32
BGW-08,1,96,21.86,2.6,158.8,16.21
BGW-08,1,97,21.41,2.6,162.6,16.63
BGW-08,1,98,21.71,2.6,166.5,15.36
BGW-08,1,99,22.22,2.6,170.4,16.11
BGW-08,1,100,20.83,2.6,174.4,15.16
BGW-08,1,101,22.34,2.6,178.4,14.71
BGW-08,1,102,21.21,2.6,182.4,13.87
BGW-08,1,103,23.04,2.6,186.5,13.56
BGW-08,1,104,20.71,2.6,190.5,12.95
BGW-08,1,105,20.41,2.6,194.6,13.53
BGW-08,1,106,20.35,2.6,198.7,12.34
BGW-08,1,107,18.87,2.6,202.9,12.95
BGW-08,1,108,18.14,2.6,207.0,11.43
BGW-08,1,109,18.55,2.6,211.1,11.48
BGW-08,1,110,18.52,2.6,215.3,11.24
BGW-08,1,111,20.87,2.6,219.4,10.52
BGW-08,1,112,19.12,2.6,223.5,10.26
BGW-08,1,113,16.46,2.6,227.6,9.92
BGW-08,1,114,17.43,2.6,231.7,9.88
BGW-08,1,115,18.97,2.6,235.8,9.38
BGW-08,1,116,17.36,2.6,239.8,9.12
BGW-08,1,117,15.74,2.6,243.9,8.55
BGW-08,1,118,16.01,2.6,247.8,8.02
BGW-08,1,119,17.62,2.6,251.8,8.12
BGW-08,1,120,17.18,2.6,255.7,7.34
BGW-08,1,121,15.97,2.6,259.6,7.34
BGW-08,1,122,16.91,2.6,263.5,6.79
BGW-08,1,123,15.93,2.6,267.3,6.7
BGW-08,1,124,18.59,2.6,271.0,6.22
BGW-08,1,125,15.05,2.6,274.7,5.92
BGW-08,1,126,15.57,2.6,278.4,5.47
BGW-08,1,127,16.0,2.6,282.0,5.25
BGW-08,1,128,16.61,2.6,285.6,4.98
BGW-08,1,129,14.81,2.6,289.1,4.41
BGW-08,1,130,14.46,2.6,292.5,4.62
BGW-08,1,131,15.9,2.6,295.9,3.93
BGW-08,1,132,16.67,2.6,299.3,3.79
BGW-08,1,133,15.67,2.6,302.6,3.39
BGW-08,1,134,14.69,2.6,305.8,3.09
BGW-08,1,135,15.67,2.6,309.0,3.15
BGW-08,1,136,14.65,2.6,312.1,2.68
BGW-08,1,137,14.54,2.6,315.2,2.32
BGW-08,1,138,13.57,2.6,318.2,2.09
BGW-08,1,139,16.0,2.6,321.1,1.88
BGW-08,1,140,15.14,2.6,324.0,1.56
BGW-08,1,141,12.79,2.6,326.8,1.37
BGW-08,1,142,13.08,2.6,329.6,1.02
BGW-08,1,143,12.91,2.6,332.3,0.85
BGW-08,1,144,12.03,2.6,334.9,0.64
BGW-08,1,145,12.27,2.6,337.5,0.42
BGW-08,1,146,12.63,2.6,340.1,0.17
BGW-08,1,147,13.13,2.6,342.5,0.0
BGW-08,1,148,12.4,2.6,345.0,0.0
BGW-08,1,149,13.14,2.6,347.3,0.0
BGW-08,2,10,21.56,4.0,85.0,25.7
BGW-08,2,11,23.52,4.0,85.0,24.05
BGW-08,2,12,24.6,4.0,85.0,25.2
BGW-08,2,13,26.42,4.0,85.0,26.66
BGW-08,2,14,29.43,4.0,85.1,24.29
BGW-08,2,15,30.0,4.0,85.1,25.28
BGW-08,2,16,33.59,4.0,85.0,25.07
BGW-08,2,17,28.32,4.0,84.2,24.95
BGW-08,2,18,33.21,4.0,82.2,24.59
BGW-08,2,19,29.74,4.0,80.5,24.11
BGW-08,2,20,32.69,4.0,79.1,24.78
BGW-08,2,21,29.02,4.0,77.8,25.42
BGW-08,2,22,31.12,4.0,76.8,24.76
BGW-08,2,23,33.68,4.0,75.9,25.72
BGW-08,2,24,30.15,4.0,75.1,24.78
BGW-08,2,25,37.05,4.0,74.4,25.36
BGW-08,2,26,31.77,4.0,73.8,24.84
BGW-08,2,27,31.15,4.0,73.3,25.65
BGW-08,2,28,29.4,4.0,72.9,25.23
BGW-08,2,29,34.71,4.0,72.6,25.42
BGW-08,2,30,32.88,4.0,72.4,24.21
BGW-08,2,31,30.42,4.0,72.2,24.58
BGW-08,2,32,31.23,4.0,72.1,24.68
BGW-08,2,33,33.65,4.0,72.1,25.54
BGW-08,2,34,31.9,4.0,72.1,25.67
BGW-08,2,35,29.79,4.0,72.2,24.79
BGW-08,2,36,33.07,4.0,72.4,23.01
BGW-08,2,37,31.15,4.0,72.6,24.02
BGW-08,2,38,34.75,4.0,72.9,26.52
BGW-08,2,39,33.17,4.0,73.3,25.02
BGW-08,2,40,33.11,4.0,73.8,24.94
BGW-08,2,41,32.61,4.0,74.4,25.7
BGW-08,2,42,33.0,4.0,75.0,24.4
BGW-08,2,43,30.11,4.0,75.8,25.46
BGW-08,2,44,35.61,4.0,76.6,23.95
BGW-08,2,45,35.69,4.0,77.6,24.29
BGW-08,2,46,31.91,4.0,78.6,22.56
BGW-08,2,47,34.6,4.0,79.8,23.48
BGW-08,2,48,30.5,4.0,81.2,23.37
BGW-08,2,49,29.16,4.0,82.6,24.4
BGW-08,2,50,34.13,4.0,84.2,23.82
BGW-08,2,51,29.91,4.0,86.0,22.76
BGW-08,2,52,31.5,4.0,87.9,22.8
BGW-08,2,53,30.42,4.0,90.0,24.3
BGW-08,2,54,34.48,4.0,92.3,23.5
BGW-08,2,55,31.93,4.0,94.8,24.37
BGW-08,2,56,33.16,4.0,97.5,22.96
BGW-08,2,57,29.67,4.0,100.4,23.02
BGW-08,2,58,30.0,4.0,103.5,23.47
BGW-08,2,59,31.68,4.0,106.8,22.88
BGW-08,2,60,29.78,4.0,110.3,22.01
BGW-08,2,61,31.28,4.0,114.1,22.49
BGW-08,2,62,31.03,4.0,118.2,22.17
BGW-08,2,63,29.19,4.0,122.4,21.59
BGW-08,2,64,29.92,4.0,127.0,21.45
BGW-08,2,65,28.35,4.0,131.8,20.74
BGW-08,2,66,29.56,4.0,136.9,20.63
BGW-08,2,67,28.87,4.0,142.2,21.43
BGW-08,2,68,28.04,4.0,147.8,19.61
BGW-08,2,69,26.8,4.0,153.7,20.73
BGW-08,2,70,32.08,4.0,159.8,19.42
BGW-08,2,71,28.55,4.0,166.2,18.16
BGW-08,2,72,25.94,4.0,172.9,19.14
BGW-08,2,73,27.42,4.0,179.9,18.01
BGW-08,2,74,26.54,4.0,187.1,18.23
BGW-08,2,75,29.03,4.0,194.6,17.38
BGW-08,2,76,28.63,4.0,202.4,17.17
BGW-08,2,77,26.69,4.0,210.3,17.3
BGW-08,2,78,27.62,4.0,218.6,16.03
BGW-08,2,79,23.28,4.0,227.1,15.62
BGW-08,2,80,25.0,4.0,235.8,14.77
BGW-08,2,81,23.63,4.0,244.7,14.85
BGW-08,2,82,25.58,4.0,253.8,14.64
BGW-08,2,83,24.08,4.0,263.2,12.92
BGW-08,2,84,24.37,4.0,272.7,12.56
BGW-08,2,85,25.91,4.0,282.4,12.81
BGW-08,2,86,23.78,4.0,292.3,11.78
BGW-08,2,87,20.78,4.0,302.3,11.54
BGW-08,2,88,24.51,4.0,312.4,10.85
BGW-08,2,89,24.66,4.0,322.7,10.12
BGW-08,2,90,23.06,4.0,333.1,9.68
BGW-08,2,91,25.06,4.0,343.6,8.93
BGW-08,2,92,22.64,4.0,354.2,8.41
BGW-08,2,93,20.02,4.0,364.9,7.94
BGW-08,2,94,20.77,4.0,375.7,7.21
BGW-08,2,95,21.74,4.0,386.4,6.39
BGW-08,2,96,20.26,4.0,397.3,6.05
BGW-08,2,97,20.14,4.0,408.1,5.55
BGW-08,2,98,23.8,4.0,419.0,4.72
BGW-08,2,99,19.11,4.0,429.8,4.11
BGW-08,2,100,19.38,4.0,440.7,3.61
BGW-08,2,101,18.34,4.0,451.5,3.12
BGW-08,2,102,20.57,4.0,462.3,2.36
BGW-08,2,103,17.68,4.0,473.0,1.63
BGW-08,2,104,17.14,4.0,483.7,1.06
BGW-08,2,105,18.51,4.0,494.4,0.47
BGW-08,2,106,17.9,4.0,504.9,0.0
BGW-08,2,107,17.45,4.0,515.4,0.0
BGW-08,2,108,16.75,4.0,525.7,0.0
BGW-08,2,109,19.12,4.0,536.0,0.0
BGW-08,2,110,16.92,4.0,546.2,0.0
BGW-08,2,111,17.79,4.0,556.2,0.0
BGW-08,2,112,16.85,4.0,566.2,0.0
BGW-08,2,113,16.6,4.0,576.0,0.0
BGW-08,2,114,15.84,4.0,585.6,0.0
BGW-08,2,115,15.34,4.0,595.2,0.0
BGW-08,2,116,15.18,4.0,604.6,0.0
BGW-08,2,117,15.37,4.0,613.8,0.0
BGW-08,2,118,15.99,4.0,622.9,0.0
BGW-08,2,119,16.43,4.0,631.8,0.0
BGW-08,2,120,15.61,4.0,640.6,0.0
BGW-08,2,121,16.72,4.0,649.2,0.0
BGW-08,2,122,14.86,4.0,657.7,0.0
BGW-08,2,123,15.33,4.0,666.0,0.0
BGW-08,2,124,14.58,4.0,674.2,0.0
BGW-08,2,125,16.27,4.0,682.1,0.0
BGW-08,2,126,13.94,4.0,690.0,0.0
BGW-08,2,127,15.68,4.0,697.6,0.0
BGW-08,2,128,15.07,4.0,705.1,0.0
BGW-08,2,129,13.69,4.0,712.4,0.0
BGW-08,2,130,15.68,4.0,719.6,0.0
BGW-08,2,131,14.47,4.0,726.6,0.0
BGW-08,2,132,14.2,4.0,733.4,0.0
BGW-08,2,133,13.53,4.0,740.1,0.0
BGW-08,2,134,15.44,4.0,746.6,0.0
BGW-08,2,135,13.18,4.0,752.9,0.0
BGW-08,2,136,12.58,4.0,759.1,0.0
BGW-08,2,137,13.56,4.0,765.2,0.0
BGW-08,2,138,14.31,4.0,771.0,0.0
BGW-08,2,139,12.55,4.0,776.8,0.0
BGW-08,2,140,13.94,4.0,782.4,0.0
BGW-08,2,141,14.3,4.0,787.8,0.0
BGW-08,2,142,11.02,4.0,793.1,0.0
BGW-08,2,143,13.97,4.0,798.2,0.0
BGW-08,2,144,12.79,4.0,803.3,0.0
BGW-08,2,145,11.95,4.0,808.1,0.0
BGW-08,2,146,12.95,4.0,812.9,0.0
BGW-08,2,147,14.3,4.0,817.5,0.0
BGW-08,2,148,12.27,4.0,821.9,0.0
BGW-08,2,149,13.85,4.0,826.3,0.0
BGW-08,3,12,14.75,2.8,68.1,23.88
BGW-08,3,13,15.26,2.8,68.1,25.78
BGW-08,3,14,16.87,2.8,68.1,24.48
BGW-08,3,15,18.41,2.8,68.1,24.74
BGW-08,3,16,19.43,2.8,68.1,25.14
BGW-08,3,17,21.99,2.8,68.0,26.07
BGW-08,3,18,22.28,2.8,67.8,25.16
BGW-08,3,19,22.83,2.8,67.7,24.82
BGW-08,3,20,21.9,2.8,67.5,24.86
BGW-08,3,21,22.38,2.8,67.4,24.95
BGW-08,3,22,24.56,2.8,67.3,24.01
BGW-08,3,23,25.5,2.8,67.1,23.63
BGW-08,3,24,22.33,2.8,67.0,24.38
BGW-08,3,25,24.9,2.8,66.9,23.59
BGW-08,3,26,28.46,2.8,66.7,24.78
BGW-08,3,27,27.25,2.8,66.6,24.34
BGW-08,3,28,26.44,2.8,66.5,23.25
BGW-08,3,29,26.18,2.8,66.4,23.37
BGW-08,3,30,28.65,2.8,66.4,25.74
BGW-08,3,31,27.22,2.8,66.3,25.26
BGW-08,3,32,26.17,2.8,66.2,25.19
BGW-08,3,33,28.6,2.8,66.2,26.0
BGW-08,3,34,27.77,2.8,66.2,25.87
BGW-08,3,35,26.89,2.8,66.2,23.74
BGW-08,3,36,25.44,2.8,66.2,25.08
BGW-08,3,37,26.93,2.8,66.3,24.42
BGW-08,3,38,26.54,2.8,66.4,25.09
BGW-08,3,39,27.02,2.8,66.5,24.9
BGW-08,3,40,27.93,2.8,66.7,24.69
BGW-08,3,41,26.86,2.8,66.9,23.6
BGW-08,3,42,30.18,2.8,67.2,24.18
BGW-08,3,43,31.6,2.8,67.5,24.17
BGW-08,3,44,26.94,2.8,67.8,24.92
BGW-08,3,45,30.02,2.8,68.2,24.6
BGW-08,3,46,27.15,2.8,68.7,25.29
BGW-08,3,47,25.4,2.8,69.2,25.56
BGW-08,3,48,31.26,2.8,69.9,23.59
BGW-08,3,49,28.24,2.8,70.6,23.9
BGW-08,3,50,29.43,2.8,71.3,24.23
BGW-08,3,51,26.5,2.8,72.2,23.2
BGW-08,3,52,26.09,2.8,73.2,23.14
BGW-08,3,53,31.88,2.8,74.2,24.76
BGW-08,3,54,29.38,2.8,75.4,23.49
BGW-08,3,55,30.63,2.8,76.6,23.33
BGW-08,3,56,27.11,2.8,78.0,23.13
BGW-08,3,57,24.88,2.8,79.5,23.2
BGW-08,3,58,26.36,2.8,81.2,22.56
BGW-08,3,59,24.09,2.8,82.9,23.31
BGW-08,3,60,26.79,2.8,84.8,22.37
BGW-08,3,61,25.34,2.8,86.8,23.24
BGW-08,3,62,27.43,2.8,89.0,22.89
BGW-08,3,63,24.75,2.8,91.3,22.18
BGW-08,3,64,25.69,2.8,93.8,21.69
BGW-08,3,65,24.37,2.8,96.4,21.8
BGW-08,3,66,26.98,2.8,99.2,22.15
BGW-08,3,67,25.73,2.8,102.1,21.35
BGW-08,3,68,25.83,2.8,105.1,21.64
BGW-08,3,69,24.14,2.8,108.2,21.93
BGW-08,3,70,27.67,2.8,111.4,21.77
BGW-08,3,71,26.15,2.8,114.7,20.17
BGW-08,3,72,26.99,2.8,118.2,20.91
BGW-08,3,73,24.24,2.8,121.8,20.26
BGW-08,3,74,24.54,2.8,125.5,18.91
BGW-08,3,75,27.17,2.8,129.4,18.7
BGW-08,3,76,23.94,2.8,133.4,18.29
BGW-08,3,77,23.89,2.8,137.5,19.43
BGW-08,3,78,23.89,2.8,141.7,17.86
BGW-08,3,79,23.76,2.8,146.1,17.77
BGW-08,3,80,23.08,2.8,150.6,16.11
BGW-08,3,81,22.72,2.8,155.1,17.49
BGW-08,3,82,20.03,2.8,159.8,17.41
BGW-08,3,83,20.8,2.8,164.6,16.34
BGW-08,3,84,21.33,2.8,169.4,16.04
BGW-08,3,85,20.33,2.8,174.4,14.83
BGW-08,3,86,24.58,2.8,179.4,14.14
BGW-08,3,87,21.03,2.8,184.5,14.91
BGW-08,3,88,19.96,2.8,189.6,13.92
BGW-08,3,89,20.24,2.8,194.8,14.56
BGW-08,3,90,19.4,2.8,200.0,13.47
BGW-08,3,91,20.25,2.8,205.3,12.83
BGW-08,3,92,18.78,2.8,210.6,13.2
BGW-08,3,93,18.72,2.8,216.0,12.81
BGW-08,3,94,16.81,2.8,221.4,12.27
BGW-08,3,95,18.2,2.8,226.7,11.66
BGW-08,3,96,18.85,2.8,232.1,10.73
BGW-08,3,97,19.43,2.8,237.5,10.99
BGW-08,3,98,17.67,2.8,242.9,10.24
BGW-08,3,99,16.37,2.8,248.3,9.39
BGW-08,3,100,18.74,2.8,253.6,9.58
BGW-08,3,101,16.9,2.8,258.9,8.26
BGW-08,3,102,17.45,2.8,264.2,7.96
BGW-08,3,103,16.21,2.8,269.5,7.88
BGW-08,3,104,17.26,2.8,274.7,6.93
BGW-08,3,105,14.89,2.8,279.9,6.8
BGW-08,3,106,17.5,2.8,285.0,6.37
BGW-08,3,107,16.2,2.8,290.1,5.98
BGW-08,3,108,16.2,2.8,295.1,5.55
BGW-08,3,109,14.24,2.8,300.1,5.34
BGW-08,3,110,14.61,2.8,305.0,5.05
BGW-08,3,111,15.79,2.8,309.8,4.38
BGW-08,3,112,15.51,2.8,314.6,4.31
BGW-08,3,113,16.17,2.8,319.3,3.46
BGW-08,3,114,13.69,2.8,323.9,3.4
BGW-08,3,115,15.72,2.8,328.4,2.99
BGW-08,3,116,14.43,2.8,332.9,2.65
BGW-08,3,117,14.28,2.8,337.2,2.19
BGW-08,3,118,14.31,2.8,341.5,1.92
BGW-08,3,119,13.74,2.8,345.8,1.54
BGW-08,3,120,12.64,2.8,349.9,1.27
BGW-08,3,121,14.25,2.8,353.9,0.87
BGW-08,3,122,12.98,2.8,357.9,0.59
BGW-08,3,123,13.85,2.8,361.8,0.28
BGW-08,3,124,13.73,2.8,365.6,0.0
BGW-08,3,125,14.1,2.8,369.3,0.0
BGW-08,3,126,15.05,2.8,372.9,0.0
BGW-08,3,127,13.69,2.8,376.5,0.0
BGW-08,3,128,13.16,2.8,379.9,0.0
BGW-08,3,129,12.72,2.8,383.3,0.0
BGW-08,3,130,13.63,2.8,386.6,0.0
BGW-08,3,131,12.48,2.8,389.8,0.0
BGW-08,3,132,13.81,2.8,392.9,0.0
BGW-08,3,133,13.49,2.8,396.0,0.0
BGW-08,3,134,13.23,2.8,398.9,0.0
BGW-08,3,135,12.82,2.8,401.8,0.0
BGW-08,3,136,12.3,2.8,404.6,0.0
BGW-08,3,137,12.03,2.8,407.4,0.0
BGW-08,3,138,12.65,2.8,410.0,0.0
BGW-08,3,139,11.93,2.8,412.6,0.0
BGW-08,3,140,12.72,2.8,415.1,0.0
BGW-08,3,141,12.7,2.8,417.5,0.0
BGW-08,3,142,11.6,2.8,419.9,0.0
BGW-08,3,143,11.78,2.8,422.2,0.0
BGW-08,3,144,12.61,2.8,424.5,0.0
BGW-08,3,145,12.02,2.8,426.6,0.0
BGW-08,3,146,11.02,2.8,428.7,0.0
BGW-08,3,147,11.53,2.8,430.8,0.0
BGW-08,3,148,12.67,2.8,432.8,0.0
BGW-08,3,149,10.63,2.8,434.7,0.0
BGW-08,4,15,21.43,3.7,80.7,25.64
BGW-08,4,16,24.27,3.7,80.8,24.51
BGW-08,4,17,23.69,3.7,80.8,24.37
BGW-08,4,18,27.11,3.7,80.8,24.89
BGW-08,4,19,27.9,3.7,80.8,24.51
BGW-08,4,20,29.43,3.7,80.9,24.26
BGW-08,4,21,31.68,3.7,80.8,24.05
BGW-08,4,22,28.55,3.7,80.7,24.3
BGW-08,4,23,30.23,3.7,80.5,24.98
BGW-08,4,24,31.55,3.7,79.5,25.93
BGW-08,4,25,33.11,3.7,78.1,25.87
BGW-08,4,26,31.96,3.7,77.0,26.82
BGW-08,4,27,33.25,3.7,76.0,23.58
BGW-08,4,28,31.54,3.7,75.1,23.68
BGW-08,4,29,33.28,3.7,74.3,24.86
BGW-08,4,30,32.57,3.7,73.6,25.1
BGW-08,4,31,31.24,3.7,73.1,23.4
BGW-08,4,32,34.01,3.7,72.6,25.02
BGW-08,4,33,31.91,3.7,72.1,25.28
BGW-08,4,34,31.71,3.7,71.8,26.33
BGW-08,4,35,35.95,3.7,71.5,25.35
BGW-08,4,36,31.72,3.7,71.3,25.51
BGW-08,4,37,34.65,3.7,71.1,24.79
BGW-08,4,38,29.6,3.7,70.9,24.52
BGW-08,4,39,34.24,3.7,70.9,24.34
BGW-08,4,40,30.26,3.7,70.8,24.3
BGW-08,4,41,31.47,3.7,70.8,24.3
BGW-08,4,42,33.28,3.7,70.9,24.3
BGW-08,4,43,35.85,3.7,71.0,25.98
BGW-08,4,44,30.42,3.7,71.2,24.74
BGW-08,4,45,30.98,3.7,71.4,24.53
BGW-08,4,46,30.41,3.7,71.7,24.46
BGW-08,4,47,33.0,3.7,72.0,25.67
BGW-08,4,48,29.96,3.7,72.4,24.44
BGW-08,4,49,29.79,3.7,72.8,23.33
BGW-08,4,50,32.71,3.7,73.3,22.93
BGW-08,4,51,35.65,3.7,73.9,24.0
BGW-08,4,52,36.06,3.7,74.5,24.62
BGW-08,4,53,29.66,3.7,75.2,25.16
BGW-08,4,54,31.56,3.7,76.0,23.71
BGW-08,4,55,32.66,3.7,76.9,23.07
BGW-08,4,56,29.19,3.7,77.8,24.39
BGW-08,4,57,32.68,3.7,78.9,23.14
BGW-08,4,58,28.58,3.7,80.1,23.77
BGW-08,4,59,31.13,3.7,81.3,23.07
BGW-08,4,60,31.25,3.7,82.7,23.07
BGW-08,4,61,32.28,3.7,84.2,24.23
BGW-08,4,62,31.06,3.7,85.8,23.35
BGW-08,4,63,32.3,3.7,87.5,23.72
BGW-08,4,64,32.84,3.7,89.3,23.2
BGW-08,4,65,31.31,3.7,91.3,23.72
BGW-08,4,66,30.51,3.7,93.5,22.65
BGW-08,4,67,25.81,3.7,95.7,23.49
BGW-08,4,68,32.74,3.7,98.2,23.25
BGW-08,4,69,32.2,3.7,100.8,23.33
BGW-08,4,70,29.68,3.7,103.5,22.73
BGW-08,4,71,29.41,3.7,106.4,23.08
BGW-08,4,72,26.44,3.7,109.5,22.15
BGW-08,4,73,29.55,3.7,112.8,23.32
BGW-08,4,74,30.91,3.7,116.2,20.87
BGW-08,4,75,29.09,3.7,119.8,21.68
BGW-08,4,76,30.38,3.7,123.6,21.39
BGW-08,4,77,30.72,3.7,127.6,21.03
BGW-08,4,78,30.06,3.7,131.8,20.16
BGW-08,4,79,28.06,3.7,136.2,21.06
BGW-08,4,80,29.84,3.7,140.7,19.48
BGW-08,4,81,30.23,3.7,145.5,19.94
BGW-08,4,82,27.25,3.7,150.4,20.17
BGW-08,4,83,30.42,3.7,155.5,19.06
BGW-08,4,84,26.4,3.7,160.8,18.72
BGW-08,4,85,28.27,3.7,166.3,19.6
BGW-08,4,86,25.33,3.7,172.0,18.24
BGW-08,4,87,27.34,3.7,177.9,18.93
BGW-08,4,88,23.05,3.7,183.9,17.15
BGW-08,4,89,24.64,3.7,190.1,17.22
BGW-08,4,90,28.32,3.7,196.5,16.36
BGW-08,4,91,25.53,3.7,203.1,15.75
BGW-08,4,92,28.33,3.7,209.8,16.33
BGW-08,4,93,24.26,3.7,216.6,15.66
BGW-08,4,94,23.17,3.7,223.7,15.22
BGW-08,4,95,23.23,3.7,230.8,14.02
BGW-08,4,96,27.17,3.7,238.1,14.11
BGW-08,4,97,25.17,3.7,245.5,13.94
BGW-08,4,98,24.87,3.7,253.1,13.05
BGW-08,4,99,24.56,3.7,260.7,13.51
BGW-08,4,100,24.04,3.7,268.5,12.86
BGW-08,4,101,21.86,3.7,276.3,11.52
BGW-08,4,102,23.18,3.7,284.3,10.9
BGW-08,4,103,21.78,3.7,292.3,10.42
BGW-08,4,104,20.76,3.7,300.4,10.27
BGW-08,4,105,22.27,3.7,308.6,10.27
BGW-08,4,106,21.83,3.7,316.8,9.25
BGW-08,4,107,23.21,3.7,325.1,8.93
BGW-08,4,108,17.89,3.7,333.4,8.3
BGW-08,4,109,20.41,3.7,341.7,7.48
BGW-08,4,110,21.29,3.7,350.1,6.99
BGW-08,4,111,16.64,3.7,358.5,6.74
BGW-08,4,112,21.17,3.7,366.9,6.29
BGW-08,4,113,20.43,3.7,375.2,5.84
BGW-08,4,114,19.75,3.7,383.6,5.32
BGW-08,4,115,20.15,3.7,392.0,4.57
BGW-08,4,116,17.89,3.7,400.3,4.31
BGW-08,4,117,19.66,3.7,408.6,3.6
BGW-08,4,118,17.88,3.7,416.9,3.14
BGW-08,4,119,20.17,3.7,425.2,2.65
BGW-08,4,120,17.3,3.7,433.3,2.28
BGW-08,4,121,18.77,3.7,441.5,1.7
BGW-08,4,122,17.18,3.7,449.5,1.19
BGW-08,4,123,18.03,3.7,457.5,0.68
BGW-08,4,124,17.91,3.7,465.5,0.18
BGW-08,4,125,16.34,3.7,473.3,0.0
BGW-08,4,126,18.6,3.7,481.1,0.0
BGW-08,4,127,17.21,3.7,488.8,0.0
BGW-08,4,128,16.49,3.7,496.4,0.0
BGW-08,4,129,15.1,3.7,503.9,0.0
BGW-08,4,130,15.89,3.7,511.4,0.0
BGW-08,4,131,16.86,3.7,518.7,0.0
BGW-08,4,132,16.52,3.7,525.9,0.0
BGW-08,4,133,16.79,3.7,533.0,0.0
BGW-08,4,134,15.05,3.7,540.1,0.0
BGW-08,4,135,17.02,3.7,547.0,0.0
BGW-08,4,136,14.57,3.7,553.8,0.0
BGW-08,4,137,16.73,3.7,560.5,0.0
BGW-08,4,138,15.47,3.7,567.0,0.0
BGW-08,4,139,14.51,3.7,573.5,0.0
BGW-08,4,140,14.09,3.7,579.9,0.0
BGW-08,4,141,15.04,3.7,586.1,0.0
BGW-08,4,142,15.32,3.7,592.2,0.0
BGW-08,4,143,14.03,3.7,598.2,0.0
BGW-08,4,144,14.25,3.7,604.1,0.0
BGW-08,4,145,12.9,3.7,609.9,0.0
BGW-08,4,146,14.06,3.7,615.5,0.0
BGW-08,4,147,14.3,3.7,621.1,0.0
BGW-08,4,148,13.81,3.7,626.5,0.0
BGW-08,4,149,12.25,3.7,631.8,0.0
BGW-08,5,14,13.61,3.0,65.8,26.15
BGW-08,5,15,13.86,3.0,65.8,25.52
BGW-08,5,16,15.68,3.0,65.8,24.4
BGW-08,5,17,17.75,3.0,65.8,25.71
BGW-08,5,18,18.38,3.0,65.9,23.55
BGW-08,5,19,17.92,3.0,65.9,24.78
BGW-08,5,20,19.0,3.0,65.9,24.02
BGW-08,5,21,19.27,3.0,65.7,26.12
BGW-08,5,22,21.98,3.0,65.6,25.34
BGW-08,5,23,22.49,3.0,65.5,24.53
BGW-08,5,24,22.67,3.0,65.3,23.7
BGW-08,5,25,23.74,3.0,65.2,23.96
BGW-08,5,26,22.94,3.0,65.1,24.63
BGW-08,5,27,23.91,3.0,65.0,26.03
BGW-08,5,28,24.51,3.0,64.9,24.7
BGW-08,5,29,26.68,3.0,64.7,23.92
BGW-08,5,30,26.23,3.0,64.6,25.04
BGW-08,5,31,23.79,3.0,64.5,25.54
BGW-08,5,32,23.55,3.0,64.4,24.67
BGW-08,5,33,25.03,3.0,64.3,25.14
BGW-08,5,34,23.71,3.0,64.3,24.45
BGW-08,5,35,25.78,3.0,64.2,25.73
BGW-08,5,36,26.08,3.0,64.1,23.81
BGW-08,5,37,28.81,3.0,64.1,26.06
BGW-08,5,38,29.44,3.0,64.0,23.55
BGW-08,5,39,28.23,3.0,64.0,24.75
BGW-08,5,40,24.77,3.0,64.0,24.98
BGW-08,5,41,25.48,3.0,64.0,24.3
BGW-08,5,42,26.19,3.0,64.0,26.99
BGW-08,5,43,28.25,3.0,64.0,26.33
BGW-08,5,44,27.13,3.0,64.1,25.99
BGW-08,5,45,24.73,3.0,64.2,24.91
BGW-08,5,46,25.69,3.0,64.3,23.77
BGW-08,5,47,24.69,3.0,64.5,26.2
BGW-08,5,48,25.73,3.0,64.6,23.82
BGW-08,5,49,27.6,3.0,64.9,25.0
BGW-08,5,50,23.98,3.0,65.1,24.91
BGW-08,5,51,26.69,3.0,65.4,23.69
BGW-08,5,52,26.18,3.0,65.7,23.08
BGW-08,5,53,25.67,3.0,66.1,24.54
BGW-08,5,54,28.32,3.0,66.5,23.86
BGW-08,5,55,26.05,3.0,67.0,23.06
BGW-08,5,56,25.3,3.0,67.6,25.12
BGW-08,5,57,27.12,3.0,68.2,23.75
BGW-08,5,58,30.57,3.0,68.8,25.8
BGW-08,5,59,27.55,3.0,69.6,24.58
BGW-08,5,60,26.53,3.0,70.4,23.79
BGW-08,5,61,27.41,3.0,71.2,24.88
BGW-08,5,62,24.49,3.0,72.2,22.94
BGW-08,5,63,27.89,3.0,73.2,24.75
BGW-08,5,64,23.78,3.0,74.4,22.27
BGW-08,5,65,25.47,3.0,75.6,23.29
BGW-08,5,66,27.74,3.0,76.9,22.79
BGW-08,5,67,26.0,3.0,78.3,23.65
BGW-08,5,68,26.43,3.0,79.7,22.69
BGW-08,5,69,24.3,3.0,81.3,24.39
BGW-08,5,70,26.13,3.0,83.0,23.12
BGW-08,5,71,28.77,3.0,84.8,23.24
BGW-08,5,72,28.59,3.0,86.7,22.93
BGW-08,5,73,24.02,3.0,88.7,22.35
BGW-08,5,74,25.05,3.0,90.8,22.62
BGW-08,5,75,22.69,3.0,93.0,22.24
BGW-08,5,76,23.05,3.0,95.4,22.12
BGW-08,5,77,26.32,3.0,97.8,20.62
BGW-08,5,78,23.01,3.0,100.4,22.06
BGW-08,5,79,23.77,3.0,103.1,20.58
BGW-08,5,80,21.47,3.0,105.8,20.46
BGW-08,5,81,21.99,3.0,108.7,22.02
BGW-08,5,82,23.91,3.0,111.7,20.08
BGW-08,5,83,24.71,3.0,114.8,20.21
BGW-08,5,84,23.14,3.0,118.0,18.98
BGW-08,5,85,23.37,3.0,121.3,19.23
BGW-08,5,86,25.94,3.0,124.6,19.09
BGW-08,5,87,24.7,3.0,127.9,19.13
BGW-08,5,88,23.47,3.0,131.2,18.98
BGW-08,5,89,23.63,3.0,134.6,17.77
BGW-08,5,90,21.44,3.0,138.2,18.44
BGW-08,5,91,25.36,3.0,141.8,17.7
BGW-08,5,92,23.26,3.0,145.4,18.1
BGW-08,5,93,23.39,3.0,149.2,17.13
BGW-08,5,94,23.09,3.0,153.0,17.33
BGW-08,5,95,24.28,3.0,156.9,16.82
BGW-08,5,96,19.17,3.0,160.8,16.97
BGW-08,5,97,21.99,3.0,164.8,15.51
BGW-08,5,98,19.89,3.0,168.9,15.57
BGW-08,5,99,20.36,3.0,173.0,14.02
BGW-08,5,100,20.81,3.0,177.1,14.67
BGW-08,5,101,20.78,3.0,181.3,13.65
BGW-08,5,102,18.39,3.0,185.5,13.59
BGW-08,5,103,18.71,3.0,189.7,13.76
BGW-08,5,104,18.82,3.0,193.9,13.93
BGW-08,5,105,17.04,3.0,198.2,12.68
BGW-08,5,106,19.86,3.0,202.5,12.15
BGW-08,5,107,20.94,3.0,206.8,12.13
BGW-08,5,108,17.58,3.0,211.1,11.48
BGW-08,5,109,16.09,3.0,215.4,11.85
BGW-08,5,110,17.3,3.0,219.7,10.67
BGW-08,5,111,16.84,3.0,224.0,10.59
BGW-08,5,112,17.65,3.0,228.3,10.08
BGW-08,5,113,15.59,3.0,232.6,9.15
BGW-08,5,114,16.56,3.0,236.8,9.82
BGW-08,5,115,16.37,3.0,241.0,8.61
BGW-08,5,116,17.28,3.0,245.2,8.97
BGW-08,5,117,16.28,3.0,249.4,8.56
BGW-08,5,118,16.71,3.0,253.6,8.15
BGW-08,5,119,14.24,3.0,257.7,7.41
BGW-08,5,120,15.61,3.0,261.8,7.2
BGW-08,5,121,15.31,3.0,265.8,6.92
BGW-08,5,122,16.52,3.0,269.8,6.64
BGW-08,5,123,14.31,3.0,273.7,6.36
BGW-08,5,124,15.11,3.0,277.6,5.6
BGW-08,5,125,13.74,3.0,281.5,5.48
BGW-08,5,126,15.14,3.0,285.3,5.11
BGW-08,5,127,14.64,3.0,289.0,5.12
BGW-08,5,128,15.34,3.0,292.7,4.59
BGW-08,5,129,14.72,3.0,296.3,4.29
BGW-08,5,130,14.14,3.0,299.9,3.81
BGW-08,5,131,14.99,3.0,303.4,3.66
BGW-08,5,132,15.37,3.0,306.9,3.32
BGW-08,5,133,14.85,3.0,310.3,3.05
BGW-08,5,134,14.18,3.0,313.7,2.81
BGW-08,5,135,14.23,3.0,316.9,2.33
BGW-08,5,136,13.71,3.0,320.2,2.12
BGW-08,5,137,13.19,3.0,323.3,1.84
BGW-08,5,138,12.88,3.0,326.4,1.65
BGW-08,5,139,13.68,3.0,329.5,1.27
BGW-08,5,140,13.43,3.0,332.4,1.13
BGW-08,5,141,13.31,3.0,335.4,0.88
BGW-08,5,142,14.52,3.0,338.2,0.62
BGW-08,5,143,12.04,3.0,341.0,0.39
BGW-08,5,144,12.63,3.0,343.7,0.16
BGW-08,5,145,12.76,3.0,346.4,0.0
BGW-08,5,146,11.77,3.0,349.0,0.0
BGW-08,5,147,13.62,3.0,351.6,0.0
BGW-08,5,148,11.67,3.0,354.1,0.0
BGW-08,5,149,13.47,3.0,356.5,0.0
BGW-08,6,14,14.0,3.3,64.0,25.37
BGW-08,6,15,15.0,3.3,64.0,26.05
BGW-08,6,16,17.2,3.3,64.0,24.89
BGW-08,6,17,17.53,3.3,64.0,24.71
BGW-08,6,18,17.17,3.3,64.0,24.79
BGW-08,6,19,21.15,3.3,64.0,24.63
BGW-08,6,20,19.83,3.3,64.0,23.83
BGW-08,6,21,18.66,3.3,63.9,24.38
BGW-08,6,22,22.02,3.3,63.8,23.67
BGW-08,6,23,24.1,3.3,63.6,25.63
BGW-08,6,24,20.86,3.3,63.5,25.76
BGW-08,6,25,24.72,3.3,63.4,24.48
BGW-08,6,26,25.25,3.3,63.2,25.32
BGW-08,6,27,21.95,3.3,63.1,25.25
BGW-08,6,28,24.54,3.3,63.0,25.02
BGW-08,6,29,22.67,3.3,62.9,24.18
BGW-08,6,30,26.15,3.3,62.8,24.3
BGW-08,6,31,26.44,3.3,62.7,24.13
BGW-08,6,32,26.41,3.3,62.6,25.26
BGW-08,6,33,24.41,3.3,62.5,25.36
BGW-08,6,34,26.94,3.3,62.4,23.44
BGW-08,6,35,26.23,3.3,62.3,25.33
BGW-08,6,36,27.32,3.3,62.2,24.16
BGW-08,6,37,24.04,3.3,62.2,24.19
BGW-08,6,38,27.91,3.3,62.2,23.95
BGW-08,6,39,24.72,3.3,62.1,24.3
BGW-08,6,40,25.41,3.3,62.1,23.97
BGW-08,6,41,25.5,3.3,62.2,25.47
BGW-08,6,42,27.16,3.3,62.2,23.26
BGW-08,6,43,24.48,3.3,62.3,25.83
BGW-08,6,44,25.91,3.3,62.4,24.09
BGW-08,6,45,25.43,3.3,62.5,26.06
BGW-08,6,46,28.38,3.3,62.7,25.71
BGW-08,6,47,28.34,3.3,62.9,24.17
BGW-08,6,48,26.98,3.3,63.1,24.15
BGW-08,6,49,24.54,3.3,63.4,23.98
BGW-08,6,50,24.27,3.3,63.7,24.73
BGW-08,6,51,25.27,3.3,64.1,24.12
BGW-08,6,52,26.26,3.3,64.6,24.73
BGW-08,6,53,28.67,3.3,65.1,24.24
BGW-08,6,54,24.7,3.3,65.6,24.74
BGW-08,6,55,24.49,3.3,66.2,23.89
BGW-08,6,56,24.03,3.3,66.9,23.86
BGW-08,6,57,24.21,3.3,67.7,24.14
BGW-08,6,58,22.79,3.3,68.6,23.81
BGW-08,6,59,23.4,3.3,69.5,24.37
BGW-08,6,60,25.96,3.3,70.5,22.66
BGW-08,6,61,24.77,3.3,71.6,24.15
BGW-08,6,62,26.36,3.3,72.8,23.12
BGW-08,6,63,23.02,3.3,74.1,22.86
BGW-08,6,64,23.65,3.3,75.5,24.28
BGW-08,6,65,24.49,3.3,77.0,22.22
BGW-08,6,66,22.61,3.3,78.6,23.82
BGW-08,6,67,24.39,3.3,80.4,22.95
BGW-08,6,68,22.69,3.3,82.2,23.28
BGW-08,6,69,25.27,3.3,84.2,23.15
BGW-08,6,70,27.85,3.3,86.2,21.6
BGW-08,6,71,22.0,3.3,88.4,21.1
BGW-08,6,72,23.18,3.3,90.7,22.06
BGW-08,6,73,22.34,3.3,93.1,21.57
BGW-08,6,74,24.5,3.3,95.7,21.71
BGW-08,6,75,24.36,3.3,98.3,20.19
BGW-08,6,76,24.19,3.3,101.1,20.89
BGW-08,6,77,24.07,3.3,104.0,19.77
BGW-08,6,78,25.23,3.3,107.0,21.29
BGW-08,6,79,23.97,3.3,110.1,20.17
BGW-08,6,80,21.14,3.3,113.4,20.15
BGW-08,6,81,23.44,3.3,116.7,19.3
BGW-08,6,82,23.73,3.3,120.1,19.41
BGW-08,6,83,23.23,3.3,123.6,18.94
BGW-08,6,84,21.55,3.3,127.0,18.74
BGW-08,6,85,23.51,3.3,130.5,17.59
BGW-08,6,86,21.54,3.3,134.0,17.29
BGW-08,6,87,23.37,3.3,137.6,16.64
BGW-08,6,88,22.65,3.3,141.4,17.77
BGW-08,6,89,20.89,3.3,145.1,17.56
BGW-08,6,90,20.28,3.3,149.0,15.92
BGW-08,6,91,19.67,3.3,152.9,16.87
BGW-08,6,92,18.71,3.3,156.8,16.81
BGW-08,6,93,22.68,3.3,160.8,15.21
BGW-08,6,94,20.12,3.3,164.9,15.08
BGW-08,6,95,19.52,3.3,169.0,14.04
BGW-08,6,96,19.77,3.3,173.1,14.67
BGW-08,6,97,19.65,3.3,177.2,14.21
BGW-08,6,98,18.02,3.3,181.4,14.01
BGW-08,6,99,18.79,3.3,185.6,13.82
BGW-08,6,100,20.01,3.3,189.8,11.88
BGW-08,6,101,16.41,3.3,194.0,12.15
BGW-08,6,102,17.04,3.3,198.2,12.02
BGW-08,6,103,17.59,3.3,202.4,11.89
BGW-08,6,104,17.3,3.3,206.6,11.43
BGW-08,6,105,17.15,3.3,210.8,10.26
BGW-08,6,106,17.32,3.3,215.0,10.16
BGW-08,6,107,17.43,3.3,219.1,9.64
BGW-08,6,108,14.91,3.3,223.3,9.69
BGW-08,6,109,18.2,3.3,227.4,9.02
BGW-08,6,110,15.87,3.3,231.4,8.84
BGW-08,6,111,16.09,3.3,235.5,8.32
BGW-08,6,112,16.62,3.3,239.5,8.28
BGW-08,6,113,16.81,3.3,243.4,7.57
BGW-08,6,114,13.43,3.3,247.3,7.29
BGW-08,6,115,14.38,3.3,251.2,7.48
BGW-08,6,116,14.34,3.3,255.0,6.68
BGW-08,6,117,15.85,3.3,258.8,6.3
BGW-08,6,118,14.55,3.3,262.5,6.04
BGW-08,6,119,13.76,3.3,266.1,5.68
BGW-08,6,120,14.44,3.3,269.7,5.25
BGW-08,6,121,13.67,3.3,273.3,5.07
BGW-08,6,122,16.01,3.3,276.7,5.03
BGW-08,6,123,13.61,3.3,280.2,4.59
BGW-08,6,124,13.76,3.3,283.5,4.2
BGW-08,6,125,14.05,3.3,286.8,3.81
BGW-08,6,126,13.45,3.3,290.0,3.88
BGW-08,6,127,12.37,3.3,293.2,3.41
BGW-08,6,128,12.61,3.3,296.3,3.12
BGW-08,6,129,12.57,3.3,299.3,2.76
BGW-08,6,130,11.09,3.3,302.3,2.51
BGW-08,6,131,12.19,3.3,305.1,2.21
BGW-08,6,132,12.36,3.3,308.0,1.9
BGW-08,6,133,12.52,3.3,310.7,1.83
BGW-08,6,134,12.33,3.3,313.4,1.44
BGW-08,6,135,11.76,3.3,316.1,1.26
BGW-08,6,136,12.15,3.3,318.7,1.02
BGW-08,6,137,12.17,3.3,321.2,0.77
BGW-08,6,138,11.96,3.3,323.6,0.58
BGW-08,6,139,12.64,3.3,326.0,0.33
BGW-08,6,140,10.9,3.3,328.3,0.12
BGW-08,6,141,10.84,3.3,330.6,0.0
BGW-08,6,142,11.41,3.3,332.8,0.0
BGW-08,6,143,10.96,3.3,334.9,0.0
BGW-08,6,144,12.79,3.3,337.0,0.0
BGW-08,6,145,12.5,3.3,339.0,0.0
BGW-08,6,146,10.88,3.3,341.0,0.0
BGW-08,6,147,11.01,3.3,342.9,0.0
BGW-08,6,148,10.94,3.3,344.8,0.0
BGW-08,6,149,12.87,3.3,346.6,0.0
BGW-08,7,12,25.23,4.5,92.0,24.95
BGW-08,7,13,25.06,4.5,90.5,25.29
BGW-08,7,14,26.09,4.5,85.8,24.38
BGW-08,7,15,24.76,4.5,82.1,23.67
BGW-08,7,16,26.84,4.5,79.2,25.78
BGW-08,7,17,22.19,4.5,76.7,26.19
BGW-08,7,18,24.32,4.5,74.7,26.12
BGW-08,7,19,30.31,4.5,73.0,25.05
BGW-08,7,20,25.74,4.5,71.6,25.46
BGW-08,7,21,25.33,4.5,70.4,24.27
BGW-08,7,22,25.09,4.5,69.3,24.93
BGW-08,7,23,23.18,4.5,68.5,24.31
BGW-08,7,24,27.77,4.5,67.7,26.04
BGW-08,7,25,25.1,4.5,67.1,25.79
BGW-08,7,26,27.11,4.5,66.6,24.68
BGW-08,7,27,26.23,4.5,66.1,24.82
BGW-08,7,28,27.51,4.5,65.8,25.95
BGW-08,7,29,25.74,4.5,65.5,24.89
BGW-08,7,30,25.26,4.5,65.4,23.86
BGW-08,7,31,25.4,4.5,65.3,24.01
BGW-08,7,32,24.2,4.5,65.2,25.12
BGW-08,7,33,23.24,4.5,65.3,23.57
BGW-08,7,34,29.39,4.5,65.4,25.09
BGW-08,7,35,23.46,4.5,65.5,24.82
BGW-08,7,36,25.64,4.5,65.8,24.95
BGW-08,7,37,25.47,4.5,66.1,25.43
BGW-08,7,38,26.89,4.5,66.6,25.76
BGW-08,7,39,26.67,4.5,67.1,25.02
BGW-08,7,40,25.26,4.5,67.7,25.3
BGW-08,7,41,23.38,4.5,68.4,24.85
BGW-08,7,42,24.13,4.5,69.2,22.62
BGW-08,7,43,28.59,4.5,70.2,24.31
BGW-08,7,44,23.64,4.5,71.2,25.12
BGW-08,7,45,22.39,4.5,72.4,25.78
BGW-08,7,46,25.78,4.5,73.8,24.83
BGW-08,7,47,26.05,4.5,75.2,23.06
BGW-08,7,48,24.61,4.5,76.9,24.39
BGW-08,7,49,22.97,4.5,78.7,23.35
BGW-08,7,50,25.18,4.5,80.7,24.01
BGW-08,7,51,23.73,4.5,83.0,24.05
BGW-08,7,52,26.74,4.5,85.4,22.51
BGW-08,7,53,26.03,4.5,88.0,22.74
BGW-08,7,54,26.1,4.5,90.9,23.7
BGW-08,7,55,25.34,4.5,94.0,23.2
BGW-08,7,56,21.81,4.5,97.4,23.11
BGW-08,7,57,25.66,4.5,101.1,22.61
BGW-08,7,58,23.8,4.5,105.0,22.06
BGW-08,7,59,25.72,4.5,109.2,23.83
BGW-08,7,60,23.65,4.5,113.7,22.82
BGW-08,7,61,24.63,4.5,118.6,21.41
BGW-08,7,62,22.99,4.5,123.8,22.7
BGW-08,7,63,25.95,4.5,129.3,23.38
BGW-08,7,64,24.86,4.5,135.1,20.61
BGW-08,7,65,26.86,4.5,141.3,21.53
BGW-08,7,66,24.19,4.5,147.8,21.32
BGW-08,7,67,24.56,4.5,154.7,20.32
BGW-08,7,68,24.71,4.5,162.0,20.32
BGW-08,7,69,23.34,4.5,169.6,19.28
BGW-08,7,70,21.72,4.5,177.6,17.98
BGW-08,7,71,21.84,4.5,185.9,18.52
BGW-08,7,72,22.35,4.5,194.6,17.85
BGW-08,7,73,23.5,4.5,203.7,18.09
BGW-08,7,74,22.42,4.5,213.1,17.53
BGW-08,7,75,22.56,4.5,222.9,16.5
BGW-08,7,76,21.42,4.5,233.0,16.26
BGW-08,7,77,20.2,4.5,243.5,16.16
BGW-08,7,78,20.85,4.5,254.3,14.55
BGW-08,7,79,21.16,4.5,265.4,15.34
BGW-08,7,80,19.55,4.5,276.8,14.05
BGW-08,7,81,21.36,4.5,288.4,12.67
BGW-08,7,82,18.04,4.5,300.4,12.76
BGW-08,7,83,21.32,4.5,312.7,12.36
BGW-08,7,84,20.57,4.5,325.1,11.5
BGW-08,7,85,22.22,4.5,337.9,10.5
BGW-08,7,86,21.09,4.5,350.8,10.43
BGW-08,7,87,19.89,4.5,363.9,9.43
BGW-08,7,88,18.55,4.5,377.3,8.85
BGW-08,7,89,19.83,4.5,390.7,8.34
BGW-08,7,90,18.4,4.5,404.4,7.39
BGW-08,7,91,16.9,4.5,418.2,6.79
BGW-08,7,92,16.98,4.5,432.0,6.4
BGW-08,7,93,17.22,4.5,446.0,5.57
BGW-08,7,94,18.04,4.5,460.1,4.66
BGW-08,7,95,15.96,4.5,474.2,4.1
BGW-08,7,96,15.98,4.5,488.3,3.44
BGW-08,7,97,17.19,4.5,502.5,2.45
BGW-08,7,98,15.63,4.5,516.7,1.84
BGW-08,7,99,17.4,4.5,530.9,1.18
BGW-08,7,100,16.08,4.5,545.0,0.41
BGW-08,7,101,17.18,4.5,559.1,0.0
BGW-08,7,102,15.41,4.5,573.2,0.0
BGW-08,7,103,15.95,4.5,587.2,0.0
BGW-08,7,104,15.11,4.5,601.1,0.0
BGW-08,7,105,15.55,4.5,614.9,0.0
BGW-08,7,106,15.41,4.5,628.6,0.0
BGW-08,7,107,15.44,4.5,642.2,0.0
BGW-08,7,108,14.33,4.5,655.6,0.0
BGW-08,7,109,13.74,4.5,668.9,0.0
BGW-08,7,110,13.95,4.5,682.1,0.0
BGW-08,7,111,12.97,4.5,695.1,0.0
BGW-08,7,112,13.46,4.5,707.9,0.0
BGW-08,7,113,13.59,4.5,720.6,0.0
BGW-08,7,114,14.55,4.5,733.1,0.0
BGW-08,7,115,13.28,4.5,745.4,0.0
BGW-08,7,116,13.85,4.5,757.5,0.0
BGW-08,7,117,15.1,4.5,769.3,0.0
BGW-08,7,118,13.59,4.5,781.0,0.0
BGW-08,7,119,14.34,4.5,792.5,0.0
BGW-08,7,120,13.72,4.5,803.8,0.0
BGW-08,7,121,10.99,4.5,814.9,0.0
BGW-08,7,122,12.86,4.5,825.7,0.0
BGW-08,7,123,12.57,4.5,836.3,0.0
BGW-08,7,124,12.36,4.5,846.7,0.0
BGW-08,7,125,12.52,4.5,856.9,0.0
BGW-08,7,126,13.06,4.5,866.9,0.0
BGW-08,7,127,10.95,4.5,876.6,0.0
BGW-08,7,128,11.54,4.5,886.2,0.0
BGW-08,7,129,11.86,4.5,895.5,0.0
BGW-08,7,130,11.92,4.5,904.6,0.0
BGW-08,7,131,11.4,4.5,913.5,0.0
BGW-08,7,132,12.65,4.5,922.1,0.0
BGW-08,7,133,11.41,4.5,930.6,0.0
BGW-08,7,134,12.01,4.5,938.8,0.0
BGW-08,7,135,11.1,4.5,946.8,0.0
BGW-08,7,136,11.26,4.5,954.7,0.0
BGW-08,7,137,11.16,4.5,962.3,0.0
BGW-08,7,138,11.39,4.5,969.7,0.0
BGW-08,7,139,11.55,4.5,976.9,0.0
BGW-08,7,140,11.4,4.5,984.0,0.0
BGW-08,7,141,11.14,4.5,990.8,0.0
BGW-08,7,142,10.89,4.5,997.4,0.0
BGW-08,7,143,11.39,4.5,1003.9,0.0
BGW-08,7,144,11.66,4.5,1010.2,0.0
BGW-08,7,145,11.34,4.5,1016.3,0.0
BGW-08,7,146,11.69,4.5,1022.2,0.0
BGW-08,7,147,10.58,4.5,1028.0,0.0
BGW-08,7,148,10.48,4.5,1033.6,0.0
BGW-08,7,149,10.75,4.5,1039.0,0.0
BGW-08,8,12,14.13,3.6,67.2,25.64
BGW-08,8,13,14.51,3.6,67.2,25.65
BGW-08,8,14,15.44,3.6,67.2,24.87
BGW-08,8,15,18.36,3.6,67.2,24.3
BGW-08,8,16,19.05,3.6,67.2,24.99
BGW-08,8,17,18.38,3.6,67.2,24.54
BGW-08,8,18,20.71,3.6,67.2,24.31
BGW-08,8,19,22.8,3.6,67.1,24.89
BGW-08,8,20,22.89,3.6,67.0,25.38
BGW-08,8,21,23.19,3.6,66.8,24.81
BGW-08,8,22,22.95,3.6,66.7,24.58
BGW-08,8,23,23.88,3.6,66.6,26.01
BGW-08,8,24,25.92,3.6,66.4,24.17
BGW-08,8,25,27.14,3.6,66.3,24.32
BGW-08,8,26,26.26,3.6,66.2,24.49
BGW-08,8,27,25.1,3.6,66.1,26.23
BGW-08,8,28,26.1,3.6,66.0,24.88
BGW-08,8,29,26.63,3.6,65.8,24.3
BGW-08,8,30,27.38,3.6,65.7,24.15
BGW-08,8,31,27.17,3.6,65.6,24.85
BGW-08,8,32,28.57,3.6,65.6,24.24
BGW-08,8,33,29.22,3.6,65.5,25.65
BGW-08,8,34,27.22,3.6,65.4,26.56
BGW-08,8,35,30.52,3.6,65.4,25.71
BGW-08,8,36,26.93,3.6,65.3,25.73
BGW-08,8,37,27.23,3.6,65.3,24.1
BGW-08,8,38,28.08,3.6,65.3,24.65
BGW-08,8,39,28.77,3.6,65.3,24.39
BGW-08,8,40,24.51,3.6,65.4,25.29
BGW-08,8,41,27.63,3.6,65.4,25.45
BGW-08,8,42,27.54,3.6,65.5,25.05
BGW-08,8,43,27.4,3.6,65.6,24.76
BGW-08,8,44,27.57,3.6,65.8,25.5
BGW-08,8,45,25.82,3.6,66.0,25.61
BGW-08,8,46,29.95,3.6,66.2,25.78
BGW-08,8,47,29.99,3.6,66.4,25.46
BGW-08,8,48,28.56,3.6,66.7,23.7
BGW-08,8,49,26.97,3.6,67.1,24.36
BGW-08,8,50,30.13,3.6,67.5,25.16
BGW-08,8,51,27.74,3.6,68.0,25.29
BGW-08,8,52,27.15,3.6,68.5,23.48
BGW-08,8,53,28.67,3.6,69.0,25.06
BGW-08,8,54,26.48,3.6,69.7,23.86
BGW-08,8,55,28.67,3.6,70.4,23.54
BGW-08,8,56,27.43,3.6,71.2,23.95
BGW-08,8,57,26.52,3.6,72.1,23.78
BGW-08,8,58,30.22,3.6,73.0,24.76
BGW-08,8,59,28.39,3.6,74.0,24.54
BGW-08,8,60,24.73,3.6,75.2,23.39
BGW-08,8,61,27.66,3.6,76.4,23.67
BGW-08,8,62,26.61,3.6,77.7,23.8
BGW-08,8,63,24.62,3.6,79.1,23.7
BGW-08,8,64,27.1,3.6,80.7,23.95
BGW-08,8,65,27.07,3.6,82.3,23.58
BGW-08,8,66,27.02,3.6,84.0,23.02
BGW-08,8,67,25.99,3.6,85.9,22.16
BGW-08,8,68,27.37,3.6,87.9,22.76
BGW-08,8,69,25.73,3.6,90.0,22.96
BGW-08,8,70,24.3,3.6,92.2,21.66
BGW-08,8,71,25.28,3.6,94.5,21.8
BGW-08,8,72,26.56,3.6,96.9,23.49
BGW-08,8,73,24.51,3.6,99.4,21.96
BGW-08,8,74,26.5,3.6,101.9,21.54
BGW-08,8,75,25.84,3.6,104.6,20.57
BGW-08,8,76,26.65,3.6,107.4,21.19
BGW-08,8,77,24.54,3.6,110.4,20.2
BGW-08,8,78,23.97,3.6,113.4,21.23
BGW-08,8,79,27.09,3.6,116.6,20.45
BGW-08,8,80,27.44,3.6,119.8,20.57
BGW-08,8,81,23.77,3.6,123.2,19.12
BGW-08,8,82,22.99,3.6,126.6,19.28
BGW-08,8,83,25.82,3.6,130.2,19.25
BGW-08,8,84,27.08,3.6,133.9,18.72
BGW-08,8,85,22.91,3.6,137.7,17.95
BGW-08,8,86,26.22,3.6,141.6,17.98
BGW-08,8,87,24.77,3.6,145.5,17.55
BGW-08,8,88,19.73,3.6,149.6,17.67
BGW-08,8,89,22.72,3.6,153.7,16.85
BGW-08,8,90,22.09,3.6,157.9,16.19
BGW-08,8,91,20.75,3.6,162.2,16.03
BGW-08,8,92,21.35,3.6,166.5,16.84
BGW-08,8,93,19.58,3.6,171.0,15.16
BGW-08,8,94,19.48,3.6,175.4,14.96
BGW-08,8,95,20.55,3.6,180.0,14.7
BGW-08,8,96,21.21,3.6,184.5,14.22
BGW-08,8,97,19.8,3.6,189.1,13.79
BGW-08,8,98,18.13,3.6,193.8,13.42
BGW-08,8,99,18.48,3.6,198.5,13.64
BGW-08,8,100,17.52,3.6,203.2,12.77
BGW-08,8,101,17.69,3.6,207.9,13.09
BGW-08,8,102,20.08,3.6,212.7,11.01
BGW-08,8,103,17.98,3.6,217.5,11.87
BGW-08,8,104,18.8,3.6,222.2,11.15
BGW-08,8,105,17.96,3.6,227.0,10.57
BGW-08,8,106,17.88,3.6,231.8,10.52
BGW-08,8,107,16.94,3.6,236.5,10.24
BGW-08,8,108,17.0,3.6,241.3,9.29
BGW-08,8,109,16.23,3.6,246.0,8.62
BGW-08,8,110,16.38,3.6,250.7,9.03
BGW-08,8,111,16.13,3.6,255.4,8.18
BGW-08,8,112,17.21,3.6,260.1,8.22
BGW-08,8,113,14.35,3.6,264.7,7.56
BGW-08,8,114,14.33,3.6,269.3,7.28
BGW-08,8,115,13.71,3.6,273.8,6.59
BGW-08,8,116,15.94,3.6,278.3,6.44
BGW-08,8,117,15.3,3.6,282.8,6.11
BGW-08,8,118,13.29,3.6,287.2,5.74
BGW-08,8,119,13.73,3.6,291.5,5.46
BGW-08,8,120,15.14,3.6,295.8,5.04
BGW-08,8,121,14.03,3.6,300.1,4.74
BGW-08,8,122,14.79,3.6,304.2,4.13
BGW-08,8,123,14.87,3.6,308.4,3.95
BGW-08,8,124,12.95,3.6,312.4,3.58
BGW-08,8,125,15.4,3.6,316.4,3.41
BGW-08,8,126,15.24,3.6,320.3,2.85
BGW-08,8,127,14.32,3.6,324.2,2.72
BGW-08,8,128,13.1,3.6,328.0,2.28
BGW-08,8,129,12.52,3.6,331.7,1.92
BGW-08,8,130,13.3,3.6,335.4,1.7
BGW-08,8,131,14.15,3.6,339.0,1.44
BGW-08,8,132,14.0,3.6,342.5,1.05
BGW-08,8,133,11.36,3.6,345.9,0.8
BGW-08,8,134,12.7,3.6,349.3,0.54
BGW-08,8,135,12.34,3.6,352.6,0.25
BGW-08,8,136,12.97,3.6,355.9,0.0
BGW-08,8,137,13.23,3.6,359.1,0.0
BGW-08,8,138,13.18,3.6,362.2,0.0
BGW-08,8,139,12.89,3.6,365.2,0.0
BGW-08,8,140,12.33,3.6,368.2,0.0
BGW-08,8,141,12.33,3.6,371.1,0.0
BGW-08,8,142,12.4,3.6,373.9,0.0
BGW-08,8,143,12.14,3.6,376.6,0.0
BGW-08,8,144,10.73,3.6,379.3,0.0
BGW-08,8,145,11.67,3.6,382.0,0.0
BGW-08,8,146,11.37,3.6,384.5,0.0
BGW-08,8,147,11.97,3.6,387.0,0.0
BGW-08,8,148,11.28,3.6,389.5,0.0
BGW-08,8,149,11.96,3.6,391.8,0.0
BGW-08,9,14,13.72,3.0,60.8,24.38
BGW-08,9,15,12.76,3.0,60.8,24.38
BGW-08,9,16,15.0,3.0,60.8,24.6
BGW-08,9,17,16.71,3.0,60.8,24.74
BGW-08,9,18,16.69,3.0,60.8,23.4
BGW-08,9,19,17.55,3.0,60.7,25.31
BGW-08,9,20,16.14,3.0,60.5,23.87
BGW-08,9,21,18.13,3.0,60.4,25.72
BGW-08,9,22,18.37,3.0,60.3,26.3
BGW-08,9,23,21.5,3.0,60.2,24.88
BGW-08,9,24,19.14,3.0,60.1,23.88
BGW-08,9,25,22.52,3.0,60.0,24.16
BGW-08,9,26,20.98,3.0,59.9,25.5
BGW-08,9,27,20.4,3.0,59.8,24.59
BGW-08,9,28,21.41,3.0,59.7,25.52
BGW-08,9,29,22.0,3.0,59.6,24.6
BGW-08,9,30,22.62,3.0,59.5,24.15
BGW-08,9,31,22.59,3.0,59.4,25.53
BGW-08,9,32,22.36,3.0,59.3,25.85
BGW-08,9,33,21.96,3.0,59.2,25.68
BGW-08,9,34,21.5,3.0,59.2,24.17
BGW-08,9,35,23.58,3.0,59.1,24.44
BGW-08,9,36,22.43,3.0,59.1,24.75
BGW-08,9,37,25.56,3.0,59.0,24.55
BGW-08,9,38,24.76,3.0,59.0,24.84
BGW-08,9,39,24.65,3.0,59.0,25.52
BGW-08,9,40,23.06,3.0,59.0,24.85
BGW-08,9,41,22.8,3.0,59.0,25.14
BGW-08,9,42,22.61,3.0,59.1,24.5
BGW-08,9,43,21.7,3.0,59.1,24.01
BGW-08,9,44,25.34,3.0,59.2,24.76
BGW-08,9,45,21.56,3.0,59.3,25.0
BGW-08,9,46,23.1,3.0,59.5,25.0
BGW-08,9,47,20.88,3.0,59.6,23.55
BGW-08,9,48,21.32,3.0,59.8,24.23
BGW-08,9,49,23.2,3.0,60.1,24.22
BGW-08,9,50,23.86,3.0,60.3,23.09
BGW-08,9,51,25.07,3.0,60.7,24.63
BGW-08,9,52,24.77,3.0,61.0,25.47
BGW-08,9,53,21.02,3.0,61.4,25.8
BGW-08,9,54,23.2,3.0,61.8,23.72
BGW-08,9,55,21.87,3.0,62.3,23.44
BGW-08,9,56,22.45,3.0,62.9,24.68
BGW-08,9,57,21.71,3.0,63.5,24.37
BGW-08,9,58,22.07,3.0,64.2,25.35
BGW-08,9,59,24.84,3.0,64.9,23.96
BGW-08,9,60,22.73,3.0,65.7,23.61
BGW-08,9,61,23.01,3.0,66.5,24.3
BGW-08,9,62,22.94,3.0,67.4,24.49
BGW-08,9,63,21.9,3.0,68.4,23.42
BGW-08,9,64,19.93,3.0,69.5,23.86
BGW-08,9,65,20.68,3.0,70.7,23.87
BGW-08,9,66,23.15,3.0,71.9,24.28
BGW-08,9,67,21.46,3.0,73.2,22.95
BGW-08,9,68,21.14,3.0,74.6,22.95
BGW-08,9,69,23.72,3.0,76.1,22.4
BGW-08,9,70,23.52,3.0,77.6,23.29
BGW-08,9,71,22.76,3.0,79.3,20.99
BGW-08,9,72,21.99,3.0,81.0,22.11
BGW-08,9,73,20.75,3.0,82.7,22.53
BGW-08,9,74,19.24,3.0,84.5,22.81
BGW-08,9,75,21.94,3.0,86.3,22.85
BGW-08,9,76,21.62,3.0,88.3,20.95
BGW-08,9,77,19.46,3.0,90.3,21.73
BGW-08,9,78,20.68,3.0,92.4,21.22
BGW-08,9,79,23.27,3.0,94.6,21.06
BGW-08,9,80,21.46,3.0,96.8,21.37
BGW-08,9,81,21.85,3.0,99.1,20.58
BGW-08,9,82,19.87,3.0,101.5,20.08
BGW-08,9,83,17.04,3.0,104.0,20.46
BGW-08,9,84,19.5,3.0,106.6,19.52
BGW-08,9,85,18.67,3.0,109.2,19.71
BGW-08,9,86,20.53,3.0,111.8,19.12
BGW-08,9,87,16.99,3.0,114.6,18.08
BGW-08,9,88,18.7,3.0,117.4,18.89
BGW-08,9,89,17.22,3.0,120.2,17.9
BGW-08,9,90,15.61,3.0,123.1,17.43
BGW-08,9,91,17.71,3.0,126.1,16.4
BGW-08,9,92,15.92,3.0,129.0,17.72
BGW-08,9,93,16.46,3.0,132.1,17.27
BGW-08,9,94,16.93,3.0,135.2,16.91
BGW-08,9,95,17.1,3.0,138.3,16.05
BGW-08,9,96,15.74,3.0,141.4,16.08
BGW-08,9,97,15.59,3.0,144.6,15.52
BGW-08,9,98,15.49,3.0,147.8,15.65
BGW-08,9,99,16.84,3.0,151.0,16.35
BGW-08,9,100,15.09,3.0,154.3,14.43
BGW-08,9,101,16.01,3.0,157.5,14.36
BGW-08,9,102,16.03,3.0,160.8,14.02
BGW-08,9,103,13.59,3.0,164.1,14.47
BGW-08,9,104,15.18,3.0,167.4,13.75
BGW-08,9,105,12.61,3.0,170.6,12.78
BGW-08,9,106,14.73,3.0,173.9,13.29
BGW-08,9,107,14.35,3.0,177.2,12.51
BGW-08,9,108,13.95,3.0,180.4,12.02
BGW-08,9,109,16.19,3.0,183.7,11.51
BGW-08,9,110,14.27,3.0,186.9,11.26
BGW-08,9,111,13.19,3.0,190.1,10.77
BGW-08,9,112,14.7,3.0,193.3,11.22
BGW-08,9,113,13.93,3.0,196.5,10.61
BGW-08,9,114,13.52,3.0,199.6,10.21
BGW-08,9,115,12.85,3.0,202.8,9.17
BGW-08,9,116,12.95,3.0,205.8,9.35
BGW-08,9,117,11.86,3.0,208.9,9.06
BGW-08,9,118,11.02,3.0,211.9,9.21
BGW-08,9,119,11.85,3.0,214.9,8.56
BGW-08,9,120,13.14,3.0,217.8,8.21
BGW-08,9,121,11.96,3.0,220.7,7.61
BGW-08,9,122,12.11,3.0,223.6,7.42
BGW-08,9,123,10.77,3.0,226.4,7.63
BGW-08,9,124,11.81,3.0,229.2,7.13
BGW-08,9,125,11.8,3.0,232.0,7.03
BGW-08,9,126,11.81,3.0,234.6,6.67
BGW-08,9,127,10.84,3.0,237.3,6.08
BGW-08,9,128,11.67,3.0,239.9,6.02
BGW-08,9,129,10.76,3.0,242.4,6.03
BGW-08,9,130,11.86,3.0,244.9,5.58
BGW-08,9,131,10.47,3.0,247.4,5.65
BGW-08,9,132,9.63,3.0,249.8,5.05
BGW-08,9,133,10.63,3.0,252.2,4.86
BGW-08,9,134,11.94,3.0,254.5,4.64
BGW-08,9,135,10.54,3.0,256.8,4.36
BGW-08,9,136,10.13,3.0,259.0,4.21
BGW-08,9,137,9.42,3.0,261.1,3.84
BGW-08,9,138,10.22,3.0,263.3,3.72
BGW-08,9,139,9.5,3.0,265.3,3.49
BGW-08,9,140,9.63,3.0,267.4,3.32
BGW-08,9,141,9.99,3.0,269.3,3.07
BGW-08,9,142,10.54,3.0,271.3,2.93
BGW-08,9,143,10.65,3.0,273.2,2.7
BGW-08,9,144,11.02,3.0,275.0,2.46
